

--- [2026-08-08T08:59:08.468Z] PAYLOAD: tier0-9 ---
{
  "schema_version": "0.2.0",
  "beacon_id": "b1a4ae7d-c951-4094-b284-4b36bb5c09b0",
  "client_id": "shopora-prod",
  "session_token": "695040c0-a434-4909-be52-ff16795a5389",
  "tag_version": "0.2.0",
  "timestamp": "2026-08-08T08:59:08.454Z",
  "sampled": true,
  "page_type": "homepage",
  "page_url_path": "/index.html",
  "sequence_no": 1,
  "page_heading": "Upgrade your everyday for less.",
  "breadcrumb": [],
  "viewport": {
    "width": 2148,
    "height": 1140
  },
  "surface_id": "5625d129-69f2-497a-8f87-f59e2d74dde9",
  "region": "en",
  "identity_summary": {
    "state": "unknown"
  },
  "visible_query": null,
  "program_match": null,
  "page": {
    "page_type": "homepage",
    "page_url": "http://127.0.0.1:8080/index.html"
  },
  "signals": {
    "t1": [
      {
        "position": 1,
        "surface": "featured",
        "name": "VoltMax 15.6\" Laptop",
        "brand": "VoltMax",
        "price": 729.99,
        "currency": "USD",
        "old_price": 849.99,
        "has_markdown": true,
        "badge": "14% OFF",
        "discount_pct": 14,
        "availability": "in-stock",
        "sponsored": false,
        "delivery_promise": "FREE delivery Tomorrow",
        "discount_amount": "Save $120.00"
      },
      {
        "position": 2,
        "surface": "featured",
        "name": "PulseTune Wireless Headphones",
        "brand": "PulseTune",
        "price": 89.99,
        "currency": "USD",
        "old_price": 119.99,
        "has_markdown": true,
        "badge": "25% OFF",
        "discount_pct": 25,
        "availability": "in-stock",
        "sponsored": false,
        "delivery_promise": "FREE delivery Tomorrow",
        "discount_amount": "Save $30.00"
      },
      {
        "position": 3,
        "surface": "featured",
        "name": "Luna Cotton Graphic Tee",
        "brand": "Luna",
        "price": 18.99,
        "currency": "USD",
        "old_price": 24.99,
        "has_markdown": true,
        "badge": "24% OFF",
        "discount_pct": 24,
        "availability": "in-stock",
        "sponsored": false,
        "delivery_promise": "FREE delivery Tomorrow",
        "discount_amount": "Save $6.00"
      },
      {
        "position": 4,
        "surface": "featured",
        "name": "MetroStride Running Shoes",
        "brand": "MetroStride",
        "price": 74.99,
        "currency": "USD",
        "old_price": 94.99,
        "has_markdown": true,
        "badge": "21% OFF",
        "discount_pct": 21,
        "availability": "in-stock",
        "sponsored": false,
        "delivery_promise": "FREE delivery Tomorrow",
        "discount_amount": "Save $20.00"
      },
      {
        "position": 5,
        "surface": "featured",
        "name": "OakLine Coffee Table",
        "brand": "OakLine",
        "price": 129.99,
        "currency": "USD",
        "old_price": 159.99,
        "has_markdown": true,
        "badge": "19% OFF",
        "discount_pct": 19,
        "availability": "in-stock",
        "sponsored": false,
        "delivery_promise": "FREE delivery Tomorrow",
        "discount_amount": "Save $30.00"
      },
      {
        "position": 6,
        "surface": "featured",
        "name": "SoftNest Throw Blanket",
        "brand": "SoftNest",
        "price": 27.99,
        "currency": "USD",
        "old_price": 35.99,
        "has_markdown": true,
        "badge": "22% OFF",
        "discount_pct": 22,
        "availability": "in-stock",
        "sponsored": false,
        "delivery_promise": "FREE delivery Tomorrow",
        "discount_amount": "Save $8.00"
      },
      {
        "position": 7,
        "surface": "featured",
        "name": "The Last Library",
        "brand": "The",
        "price": 14.99,
        "currency": "USD",
        "old_price": 19.99,
        "has_markdown": true,
        "badge": "25% OFF",
        "discount_pct": 25,
        "availability": "in-stock",
        "sponsored": false,
        "delivery_promise": "FREE delivery Tomorrow",
        "discount_amount": "Save $5.00"
      },
      {
        "position": 8,
        "surface": "featured",
        "name": "Coding for Everyone",
        "brand": "Coding",
        "price": 21.99,
        "currency": "USD",
        "old_price": 26.99,
        "has_markdown": true,
        "badge": "19% OFF",
        "discount_pct": 19,
        "availability": "in-stock",
        "sponsored": false,
        "delivery_promise": "FREE delivery Tomorrow",
        "discount_amount": "Save $5.00"
      }
    ],
    "t3": {
      "total_products": 8,
      "sponsored_count": 0,
      "organic_count": 8,
      "discounted_count": 8,
      "full_price_count": 0,
      "out_of_stock_count": 0,
      "low_stock_count": 0,
      "discount_pct_min": 14,
      "discount_pct_max": 25,
      "discount_pct_median": 22,
      "price_min": 14.99,
      "price_max": 729.99,
      "price_currency": "USD"
    },
    "t4": {
      "hydration_events": [
        {
          "metric": "cart_hydration_time_ms",
          "value": 0
        }
      ],
      "css_hidden_blocks": [
        {
          "selector": "sr-only",
          "gated_copy": "Email address",
          "rendered": false
        }
      ],
      "metadata": {
        "meta_description": "Shop electronics, fashion, home essentials and books at SHOPORA with fast delivery and secure checkout."
      },
      "raw_url": "http://127.0.0.1:8080/index.html"
    }
  },
  "budget": {
    "bytes_used": 3583,
    "hard_cap": 51200,
    "tiers_dropped": []
  },
  "privacy_metadata": {
    "pii_scrubbing_version": "0.2.0",
    "local_scrubbing_applied": true,
    "inputs_scrubbed": true,
    "scripts_removed": true,
    "styles_removed": true,
    "persistent_storage_used": false
  }
}

--- [2026-08-08T08:59:36.075Z] PAYLOAD: interaction_events ---
{
  "envelope_type": "interaction_events",
  "client_id": "shopora-prod",
  "session_token": "695040c0-a434-4909-be52-ff16795a5389",
  "flush_id": "82d6273f-57c3-473e-908d-3bbed60e1862",
  "flush_reason": "pagehide",
  "events": [
    {
      "event_id": "544541e1-7fd3-45fd-b129-f17aee37f79a",
      "event_type": "add_to_cart",
      "timestamp": "2026-08-08T08:59:29.391Z",
      "page_type": "homepage",
      "page_url_path": "/index.html",
      "sku": null,
      "surface": "catalog-grid",
      "position": 1,
      "displayed_price": null,
      "displayed_currency": null
    },
    {
      "event_id": "3ebc0881-5e1a-4248-b243-ad49d121c1c0",
      "event_type": "add_to_cart",
      "timestamp": "2026-08-08T08:59:30.310Z",
      "page_type": "homepage",
      "page_url_path": "/index.html",
      "sku": null,
      "surface": "catalog-grid",
      "position": 1,
      "displayed_price": null,
      "displayed_currency": null
    },
    {
      "event_id": "f9d08951-4e8c-4032-b4dd-f0d54ca26311",
      "event_type": "add_to_cart",
      "timestamp": "2026-08-08T08:59:32.711Z",
      "page_type": "homepage",
      "page_url_path": "/index.html",
      "sku": null,
      "surface": "catalog-grid",
      "position": 3,
      "displayed_price": "$19.99",
      "displayed_currency": "$"
    },
    {
      "event_id": "09fe69a2-2bdb-44ec-9c49-955c2b58b9fc",
      "event_type": "add_to_cart",
      "timestamp": "2026-08-08T08:59:33.309Z",
      "page_type": "homepage",
      "page_url_path": "/index.html",
      "sku": null,
      "surface": "catalog-grid",
      "position": 4,
      "displayed_price": "$159.99",
      "displayed_currency": "$"
    }
  ]
}

--- [2026-08-08T08:59:36.654Z] PAYLOAD: tier0-9 ---
{
  "schema_version": "0.2.0",
  "beacon_id": "ddf4adf7-f724-47cb-963d-7515a0541c08",
  "client_id": "shopora-prod",
  "session_token": "a1399f50-2399-4584-a676-c68d65c7b2c6",
  "tag_version": "0.2.0",
  "timestamp": "2026-08-08T08:59:36.650Z",
  "sampled": true,
  "page_type": "pdp",
  "page_url_path": "/pdp.html?id=fa-2",
  "sequence_no": 1,
  "page_heading": "Luna Cotton Graphic Tee",
  "breadcrumb": [
    "HOME /",
    "FASHION /",
    "LUNA"
  ],
  "viewport": {
    "width": 2148,
    "height": 1140
  },
  "surface_id": "0d49855d-6026-4835-b655-8f10a620c486",
  "region": "en",
  "identity_summary": {
    "state": "unknown"
  },
  "visible_query": null,
  "program_match": null,
  "page": {
    "page_type": "pdp",
    "page_url": "http://127.0.0.1:8080/pdp.html?id=fa-2"
  },
  "signals": {
    "t1": [
      {
        "position": 1,
        "surface": "hero",
        "name": "Product Specifications",
        "brand": "Luna Official",
        "price": 18.99,
        "currency": "USD",
        "old_price": 24.99,
        "has_markdown": true,
        "availability": "in-stock",
        "sponsored": false,
        "delivery_promise": "Order within 5 hrs",
        "visible_category_words": [
          "fashion"
        ],
        "badges": [
          "• High Demand"
        ]
      }
    ],
    "t4": {
      "hydration_events": [
        {
          "metric": "cart_hydration_time_ms",
          "value": 0
        }
      ],
      "css_hidden_blocks": [
        {
          "selector": "pdp-accordion-content",
          "gated_copy": "Standard Delivery: 3-5 business days. Free for orders over $50.\n                \n                \n  ",
          "rendered": false
        }
      ],
      "raw_url": "http://127.0.0.1:8080/pdp.html?id=fa-2"
    }
  },
  "budget": {
    "bytes_used": 1120,
    "hard_cap": 51200,
    "tiers_dropped": []
  },
  "privacy_metadata": {
    "pii_scrubbing_version": "0.2.0",
    "local_scrubbing_applied": true,
    "inputs_scrubbed": true,
    "scripts_removed": true,
    "styles_removed": true,
    "persistent_storage_used": false
  }
}

--- [2026-08-08T08:59:42.188Z] PAYLOAD: interaction_events ---
{
  "envelope_type": "interaction_events",
  "client_id": "shopora-prod",
  "session_token": "695040c0-a434-4909-be52-ff16795a5389",
  "flush_id": "4020ffaa-79a9-4ef3-899f-1ad9fa67640b",
  "flush_reason": "immediate_navigation",
  "events": [
    {
      "event_id": "d22855b2-f98b-4d7e-964a-9b6715ca0bb6",
      "event_type": "add_to_cart",
      "timestamp": "2026-08-08T08:59:38.755Z",
      "page_type": "homepage",
      "page_url_path": "/index.html",
      "sku": null,
      "surface": "catalog-grid",
      "position": 3,
      "displayed_price": "$18.99",
      "displayed_currency": "$"
    },
    {
      "event_id": "431c13b5-034d-4ae8-ab35-209c7d27db48",
      "event_type": "add_to_cart",
      "timestamp": "2026-08-08T08:59:39.277Z",
      "page_type": "homepage",
      "page_url_path": "/index.html",
      "sku": null,
      "surface": "catalog-grid",
      "position": 2,
      "displayed_price": "$89.99",
      "displayed_currency": "$"
    },
    {
      "event_id": "03315992-81f7-489d-ba5d-451695a1d7db",
      "event_type": "product_card_clicked",
      "timestamp": "2026-08-08T08:59:42.188Z",
      "page_type": "homepage",
      "page_url_path": "/index.html",
      "sku": null,
      "surface": "catalog-grid",
      "position": 3,
      "displayed_price": "$18.99",
      "displayed_currency": "$"
    }
  ]
}

--- [2026-08-08T08:59:42.924Z] PAYLOAD: tier0-9 ---
{
  "schema_version": "0.2.0",
  "beacon_id": "97a17851-96d7-4524-90bf-6e7b9627c447",
  "client_id": "shopora-prod",
  "session_token": "6b7064fb-4297-4aba-b286-48cd15b3351b",
  "tag_version": "0.2.0",
  "timestamp": "2026-08-08T08:59:42.919Z",
  "sampled": true,
  "page_type": "pdp",
  "page_url_path": "/pdp.html?id=null",
  "sequence_no": 1,
  "page_heading": "ApexView 55\" 4K HDR Smart TV",
  "breadcrumb": [
    "HOME /",
    "ELECTRONICS /",
    "APEXVIEW"
  ],
  "viewport": {
    "width": 2148,
    "height": 1140
  },
  "surface_id": "6789ae72-5ca6-433b-a309-a286d85b48f9",
  "region": "en",
  "identity_summary": {
    "state": "unknown"
  },
  "visible_query": null,
  "program_match": null,
  "page": {
    "page_type": "pdp",
    "page_url": "http://127.0.0.1:8080/pdp.html?id=null"
  },
  "signals": {
    "t1": [
      {
        "position": 1,
        "surface": "hero",
        "name": "Product Specifications",
        "brand": "ApexView Official",
        "price": 499.99,
        "currency": "USD",
        "old_price": 599.99,
        "has_markdown": true,
        "badge": "SAVE 17%",
        "discount_pct": 17,
        "availability": "in-stock",
        "sponsored": false,
        "delivery_promise": "Order within 5 hrs",
        "visible_category_words": [
          "electronics"
        ],
        "badges": [
          "• High Demand"
        ]
      }
    ],
    "t4": {
      "hydration_events": [
        {
          "metric": "cart_hydration_time_ms",
          "value": 0
        }
      ],
      "css_hidden_blocks": [
        {
          "selector": "pdp-accordion-content",
          "gated_copy": "Standard Delivery: 3-5 business days. Free for orders over $50.\n                \n                \n  ",
          "rendered": false
        }
      ],
      "raw_url": "http://127.0.0.1:8080/pdp.html?id=null"
    }
  },
  "budget": {
    "bytes_used": 1181,
    "hard_cap": 51200,
    "tiers_dropped": []
  },
  "privacy_metadata": {
    "pii_scrubbing_version": "0.2.0",
    "local_scrubbing_applied": true,
    "inputs_scrubbed": true,
    "scripts_removed": true,
    "styles_removed": true,
    "persistent_storage_used": false
  }
}

--- [2026-08-08T08:59:48.099Z] PAYLOAD: interaction_events ---
{
  "envelope_type": "interaction_events",
  "client_id": "shopora-prod",
  "session_token": "6b7064fb-4297-4aba-b286-48cd15b3351b",
  "flush_id": "32e7f390-6fec-43a7-86ce-cdcf18f39c3b",
  "flush_reason": "pagehide",
  "events": [
    {
      "event_id": "08a2c1e3-b2c7-403c-a9f6-3039e3db166c",
      "event_type": "add_to_cart",
      "timestamp": "2026-08-08T08:59:43.802Z",
      "page_type": "pdp",
      "page_url_path": "/pdp.html",
      "sku": null,
      "surface": "catalog-grid",
      "position": 1,
      "displayed_price": null,
      "displayed_currency": null
    },
    {
      "event_id": "3391bf00-835a-47d7-b249-ce733f87c0ea",
      "event_type": "add_to_cart",
      "timestamp": "2026-08-08T08:59:46.491Z",
      "page_type": "pdp",
      "page_url_path": "/pdp.html",
      "sku": null,
      "surface": "catalog-grid",
      "position": 1,
      "displayed_price": null,
      "displayed_currency": null
    }
  ]
}

--- [2026-08-08T08:59:48.373Z] PAYLOAD: tier0-9 ---
{
  "schema_version": "0.2.0",
  "beacon_id": "f4f6442e-8854-4f95-a3f9-d53c8cd67447",
  "client_id": "shopora-prod",
  "session_token": "2c9fe0b2-7aa6-420b-87e4-5acd9d2a8d97",
  "tag_version": "0.2.0",
  "timestamp": "2026-08-08T08:59:48.362Z",
  "sampled": true,
  "page_type": "cart",
  "page_url_path": "/cart.html",
  "sequence_no": 1,
  "page_heading": "Shopping cart",
  "breadcrumb": [],
  "viewport": {
    "width": 2148,
    "height": 1140
  },
  "surface_id": "b8587279-d03f-4744-90e0-960e54eb975d",
  "region": "en",
  "identity_summary": {
    "state": "unknown"
  },
  "visible_query": null,
  "program_match": null,
  "page": {
    "page_type": "cart",
    "page_url": "http://127.0.0.1:8080/cart.html"
  },
  "signals": {
    "t1": [],
    "t2": {
      "page_context": "cart",
      "line_items": [
        {
          "name": "ApexView 55\" 4K HDR Smart TV",
          "quantity": 6,
          "price": "$2,999.94",
          "old_price": "$3,599.94",
          "discount": "17% off"
        },
        {
          "name": "NeoCharge 20W Fast Charger",
          "quantity": 1,
          "price": "$19.99",
          "old_price": "$29.99",
          "discount": "33% off"
        },
        {
          "name": "SnapCam 4K Action Camera",
          "quantity": 1,
          "price": "$159.99",
          "old_price": "$199.99",
          "discount": "20% off"
        },
        {
          "name": "Luna Cotton Graphic Tee",
          "quantity": 1,
          "price": "$18.99",
          "old_price": "$24.99",
          "discount": "24% off"
        },
        {
          "name": "PulseTune Wireless Headphones",
          "quantity": 1,
          "price": "$89.99",
          "old_price": "$119.99",
          "discount": "25% off"
        }
      ],
      "subtotal": "$3,288.90",
      "total": "$3,288.90",
      "savings_shown": "$686.00",
      "delivery_cost": "FREE",
      "subtotal_numeric": 3288.9,
      "total_numeric": 3288.9,
      "savings_numeric": 686,
      "item_count": 10,
      "promo_field_state": "not-present",
      "promo_field_present": false,
      "checkout_reachable": true,
      "shipping_bar_shown": true,
      "loyalty_balance_rendered": false,
      "shipping_threshold_message": "✓ You unlocked FREE delivery!",
      "free_shipping_eligibility": "unknown"
    },
    "t4": {
      "hydration_events": [
        {
          "metric": "cart_hydration_time_ms",
          "value": 51
        }
      ],
      "cart_math_match": true,
      "css_hidden_blocks": [],
      "raw_url": "http://127.0.0.1:8080/cart.html"
    }
  },
  "budget": {
    "bytes_used": 1641,
    "hard_cap": 51200,
    "tiers_dropped": []
  },
  "privacy_metadata": {
    "pii_scrubbing_version": "0.2.0",
    "local_scrubbing_applied": true,
    "inputs_scrubbed": true,
    "scripts_removed": true,
    "styles_removed": true,
    "persistent_storage_used": false
  }
}

--- [2026-08-08T08:59:52.679Z] PAYLOAD: interaction_events ---
{
  "envelope_type": "interaction_events",
  "client_id": "shopora-prod",
  "session_token": "2c9fe0b2-7aa6-420b-87e4-5acd9d2a8d97",
  "flush_id": "d5924a91-157f-44bf-b107-7f5945a5ea6d",
  "flush_reason": "immediate_navigation",
  "events": [
    {
      "event_id": "fb111f81-47d9-4e24-a137-1d38af903769",
      "event_type": "remove_from_cart",
      "timestamp": "2026-08-08T08:59:49.592Z",
      "page_type": "cart",
      "page_url_path": "/cart.html",
      "sku": null,
      "quantity_before_remove": 6,
      "displayed_line_total": null
    },
    {
      "event_id": "0395f317-2b67-4ca0-9d63-dba80878ff56",
      "event_type": "remove_from_cart",
      "timestamp": "2026-08-08T08:59:49.747Z",
      "page_type": "cart",
      "page_url_path": "/cart.html",
      "sku": null,
      "quantity_before_remove": 1,
      "displayed_line_total": null
    },
    {
      "event_id": "48f01b92-ab0b-42b2-87e3-d23cf47686d0",
      "event_type": "checkout_initiated",
      "timestamp": "2026-08-08T08:59:52.679Z",
      "page_type": "cart",
      "page_url_path": "/cart.html",
      "cart_line_count": 2,
      "cart_displayed_total": "$249.98",
      "cart_displayed_currency": "$"
    }
  ]
}

--- [2026-08-08T08:59:53.292Z] PAYLOAD: tier0-9 ---
{
  "schema_version": "0.2.0",
  "beacon_id": "838d7efe-5427-4aa6-807c-e64656f4c44f",
  "client_id": "shopora-prod",
  "session_token": "c9669ea4-0666-424f-a5fa-2afc535ac251",
  "tag_version": "0.2.0",
  "timestamp": "2026-08-08T08:59:53.285Z",
  "sampled": true,
  "page_type": "checkout",
  "page_url_path": "/checkout.html",
  "sequence_no": 1,
  "page_heading": "Checkout",
  "breadcrumb": [],
  "viewport": {
    "width": 2148,
    "height": 1140
  },
  "surface_id": "37156a6d-0b67-48fe-9dc6-7f1f6532bd98",
  "region": "en",
  "identity_summary": {
    "state": "unknown"
  },
  "visible_query": null,
  "program_match": null,
  "page": {
    "page_type": "checkout",
    "page_url": "http://127.0.0.1:8080/checkout.html"
  },
  "signals": {
    "t1": [],
    "t2": {
      "page_context": "checkout",
      "line_items": [
        {
          "name": "SnapCam 4K Action Camera",
          "price": "$159.99",
          "quantity": "Qty 1"
        },
        {
          "name": "PulseTune Wireless Headphones",
          "price": "$89.99",
          "quantity": "Qty 1"
        }
      ],
      "subtotal": "$249.98",
      "subtotal_numeric": 249.98,
      "total": "$249.98",
      "total_numeric": 249.98,
      "delivery_cost": "FREE",
      "order_button_shown": true
    },
    "t4": {
      "hydration_events": [
        {
          "metric": "cart_hydration_time_ms",
          "value": 0
        }
      ],
      "cart_math_match": true,
      "css_hidden_blocks": [],
      "raw_url": "http://127.0.0.1:8080/checkout.html"
    }
  },
  "budget": {
    "bytes_used": 953,
    "hard_cap": 51200,
    "tiers_dropped": []
  },
  "privacy_metadata": {
    "pii_scrubbing_version": "0.2.0",
    "local_scrubbing_applied": true,
    "inputs_scrubbed": true,
    "scripts_removed": true,
    "styles_removed": true,
    "persistent_storage_used": false
  }
}

--- [2026-08-08T08:59:58.020Z] PAYLOAD: interaction_events ---
{
  "envelope_type": "interaction_events",
  "client_id": "shopora-prod",
  "session_token": "c9669ea4-0666-424f-a5fa-2afc535ac251",
  "flush_id": "6be34296-3cfb-4b67-b4ad-0942aa0d5c81",
  "flush_reason": "immediate_navigation",
  "events": [
    {
      "event_id": "293aebce-f1a8-47ad-99af-d29a0131d058",
      "event_type": "purchase_completed",
      "timestamp": "2026-08-08T08:59:57.985Z",
      "page_type": "checkout",
      "page_url_path": "/checkout.html",
      "order_confirmed": true,
      "order_total_displayed": "$249.98",
      "order_currency": "$",
      "line_item_count": 2
    }
  ]
}

--- [2026-08-08T08:59:59.832Z] PAYLOAD: tier0-9 ---
{
  "schema_version": "0.2.0",
  "beacon_id": "08e3255e-b79e-4ede-b57b-e82a03d6974d",
  "client_id": "shopora-prod",
  "session_token": "f297974b-c233-40ac-aac5-58d5cf0467aa",
  "tag_version": "0.2.0",
  "timestamp": "2026-08-08T08:59:59.822Z",
  "sampled": true,
  "page_type": "homepage",
  "page_url_path": "/index.html",
  "sequence_no": 1,
  "page_heading": "Upgrade your everyday for less.",
  "breadcrumb": [],
  "viewport": {
    "width": 2148,
    "height": 1140
  },
  "surface_id": "057ffa7e-c817-4d35-90f1-73a045ded3cb",
  "region": "en",
  "identity_summary": {
    "state": "unknown"
  },
  "visible_query": null,
  "program_match": null,
  "page": {
    "page_type": "homepage",
    "page_url": "http://127.0.0.1:8080/index.html"
  },
  "signals": {
    "t1": [
      {
        "position": 1,
        "surface": "featured",
        "name": "VoltMax 15.6\" Laptop",
        "brand": "VoltMax",
        "price": 729.99,
        "currency": "USD",
        "old_price": 849.99,
        "has_markdown": true,
        "badge": "14% OFF",
        "discount_pct": 14,
        "availability": "in-stock",
        "sponsored": false,
        "delivery_promise": "FREE delivery Tomorrow",
        "discount_amount": "Save $120.00"
      },
      {
        "position": 2,
        "surface": "featured",
        "name": "PulseTune Wireless Headphones",
        "brand": "PulseTune",
        "price": 89.99,
        "currency": "USD",
        "old_price": 119.99,
        "has_markdown": true,
        "badge": "25% OFF",
        "discount_pct": 25,
        "availability": "in-stock",
        "sponsored": false,
        "delivery_promise": "FREE delivery Tomorrow",
        "discount_amount": "Save $30.00"
      },
      {
        "position": 3,
        "surface": "featured",
        "name": "Luna Cotton Graphic Tee",
        "brand": "Luna",
        "price": 18.99,
        "currency": "USD",
        "old_price": 24.99,
        "has_markdown": true,
        "badge": "24% OFF",
        "discount_pct": 24,
        "availability": "in-stock",
        "sponsored": false,
        "delivery_promise": "FREE delivery Tomorrow",
        "discount_amount": "Save $6.00"
      },
      {
        "position": 4,
        "surface": "featured",
        "name": "MetroStride Running Shoes",
        "brand": "MetroStride",
        "price": 74.99,
        "currency": "USD",
        "old_price": 94.99,
        "has_markdown": true,
        "badge": "21% OFF",
        "discount_pct": 21,
        "availability": "in-stock",
        "sponsored": false,
        "delivery_promise": "FREE delivery Tomorrow",
        "discount_amount": "Save $20.00"
      },
      {
        "position": 5,
        "surface": "featured",
        "name": "OakLine Coffee Table",
        "brand": "OakLine",
        "price": 129.99,
        "currency": "USD",
        "old_price": 159.99,
        "has_markdown": true,
        "badge": "19% OFF",
        "discount_pct": 19,
        "availability": "in-stock",
        "sponsored": false,
        "delivery_promise": "FREE delivery Tomorrow",
        "discount_amount": "Save $30.00"
      },
      {
        "position": 6,
        "surface": "featured",
        "name": "SoftNest Throw Blanket",
        "brand": "SoftNest",
        "price": 27.99,
        "currency": "USD",
        "old_price": 35.99,
        "has_markdown": true,
        "badge": "22% OFF",
        "discount_pct": 22,
        "availability": "in-stock",
        "sponsored": false,
        "delivery_promise": "FREE delivery Tomorrow",
        "discount_amount": "Save $8.00"
      },
      {
        "position": 7,
        "surface": "featured",
        "name": "The Last Library",
        "brand": "The",
        "price": 14.99,
        "currency": "USD",
        "old_price": 19.99,
        "has_markdown": true,
        "badge": "25% OFF",
        "discount_pct": 25,
        "availability": "in-stock",
        "sponsored": false,
        "delivery_promise": "FREE delivery Tomorrow",
        "discount_amount": "Save $5.00"
      },
      {
        "position": 8,
        "surface": "featured",
        "name": "Coding for Everyone",
        "brand": "Coding",
        "price": 21.99,
        "currency": "USD",
        "old_price": 26.99,
        "has_markdown": true,
        "badge": "19% OFF",
        "discount_pct": 19,
        "availability": "in-stock",
        "sponsored": false,
        "delivery_promise": "FREE delivery Tomorrow",
        "discount_amount": "Save $5.00"
      }
    ],
    "t3": {
      "total_products": 8,
      "sponsored_count": 0,
      "organic_count": 8,
      "discounted_count": 8,
      "full_price_count": 0,
      "out_of_stock_count": 0,
      "low_stock_count": 0,
      "discount_pct_min": 14,
      "discount_pct_max": 25,
      "discount_pct_median": 22,
      "price_min": 14.99,
      "price_max": 729.99,
      "price_currency": "USD"
    },
    "t4": {
      "hydration_events": [
        {
          "metric": "cart_hydration_time_ms",
          "value": 0
        }
      ],
      "css_hidden_blocks": [
        {
          "selector": "sr-only",
          "gated_copy": "Email address",
          "rendered": false
        }
      ],
      "metadata": {
        "meta_description": "Shop electronics, fashion, home essentials and books at SHOPORA with fast delivery and secure checkout."
      },
      "raw_url": "http://127.0.0.1:8080/index.html"
    }
  },
  "budget": {
    "bytes_used": 3583,
    "hard_cap": 51200,
    "tiers_dropped": []
  },
  "privacy_metadata": {
    "pii_scrubbing_version": "0.2.0",
    "local_scrubbing_applied": true,
    "inputs_scrubbed": true,
    "scripts_removed": true,
    "styles_removed": true,
    "persistent_storage_used": false
  }
}

--- [2026-08-08T09:00:02.240Z] PAYLOAD: tier0-9 ---
{
  "schema_version": "0.2.0",
  "beacon_id": "b5c43542-dbf9-4e85-be24-be5d24315eaa",
  "client_id": "shopora-prod",
  "session_token": "0c84be22-cb9c-46b5-a8ee-c0fc89a4f982",
  "tag_version": "0.2.0",
  "timestamp": "2026-08-08T09:00:02.239Z",
  "sampled": true,
  "page_type": "cart",
  "page_url_path": "/cart.html",
  "sequence_no": 1,
  "page_heading": "Shopping cart",
  "breadcrumb": [],
  "viewport": {
    "width": 2148,
    "height": 1140
  },
  "surface_id": "633ad4b0-ddc9-4358-97e6-578164cb1fc1",
  "region": "en",
  "identity_summary": {
    "state": "unknown"
  },
  "visible_query": null,
  "program_match": null,
  "page": {
    "page_type": "cart",
    "page_url": "http://127.0.0.1:8080/cart.html"
  },
  "signals": {
    "t1": [],
    "t2": {
      "page_context": "cart",
      "line_items": [],
      "subtotal": "$0.00",
      "total": "$0.00",
      "savings_shown": "$0.00",
      "delivery_cost": "FREE",
      "subtotal_numeric": 0,
      "total_numeric": 0,
      "savings_numeric": 0,
      "item_count": 0,
      "promo_field_state": "not-present",
      "promo_field_present": false,
      "checkout_reachable": true,
      "shipping_bar_shown": true,
      "loyalty_balance_rendered": false,
      "shipping_threshold_message": "Add $35.00 more for FREE delivery",
      "free_shipping_eligibility": "not-eligible",
      "free_shipping_threshold_value": 35
    },
    "t4": {
      "hydration_events": [
        {
          "metric": "cart_hydration_time_ms",
          "value": 52
        }
      ],
      "cart_math_match": true,
      "css_hidden_blocks": [],
      "raw_url": "http://127.0.0.1:8080/cart.html"
    }
  },
  "budget": {
    "bytes_used": 1103,
    "hard_cap": 51200,
    "tiers_dropped": []
  },
  "privacy_metadata": {
    "pii_scrubbing_version": "0.2.0",
    "local_scrubbing_applied": true,
    "inputs_scrubbed": true,
    "scripts_removed": true,
    "styles_removed": true,
    "persistent_storage_used": false
  }
}

--- [2026-08-08T09:00:05.126Z] PAYLOAD: tier0-9 ---
{
  "schema_version": "0.2.0",
  "beacon_id": "ae89cc5a-eb29-436b-8171-b619119f6aa2",
  "client_id": "shopora-prod",
  "session_token": "0b4e5a06-9766-44fe-bb0a-90284e7e1f47",
  "tag_version": "0.2.0",
  "timestamp": "2026-08-08T09:00:05.123Z",
  "sampled": true,
  "page_type": "homepage",
  "page_url_path": "/index.html",
  "sequence_no": 1,
  "page_heading": "Upgrade your everyday for less.",
  "breadcrumb": [],
  "viewport": {
    "width": 2148,
    "height": 1140
  },
  "surface_id": "71c40162-17f8-4c16-8d04-a4e603fbaf62",
  "region": "en",
  "identity_summary": {
    "state": "unknown"
  },
  "visible_query": null,
  "program_match": null,
  "page": {
    "page_type": "homepage",
    "page_url": "http://127.0.0.1:8080/index.html"
  },
  "signals": {
    "t1": [
      {
        "position": 1,
        "surface": "featured",
        "name": "VoltMax 15.6\" Laptop",
        "brand": "VoltMax",
        "price": 729.99,
        "currency": "USD",
        "old_price": 849.99,
        "has_markdown": true,
        "badge": "14% OFF",
        "discount_pct": 14,
        "availability": "in-stock",
        "sponsored": false,
        "delivery_promise": "FREE delivery Tomorrow",
        "discount_amount": "Save $120.00"
      },
      {
        "position": 2,
        "surface": "featured",
        "name": "PulseTune Wireless Headphones",
        "brand": "PulseTune",
        "price": 89.99,
        "currency": "USD",
        "old_price": 119.99,
        "has_markdown": true,
        "badge": "25% OFF",
        "discount_pct": 25,
        "availability": "in-stock",
        "sponsored": false,
        "delivery_promise": "FREE delivery Tomorrow",
        "discount_amount": "Save $30.00"
      },
      {
        "position": 3,
        "surface": "featured",
        "name": "Luna Cotton Graphic Tee",
        "brand": "Luna",
        "price": 18.99,
        "currency": "USD",
        "old_price": 24.99,
        "has_markdown": true,
        "badge": "24% OFF",
        "discount_pct": 24,
        "availability": "in-stock",
        "sponsored": false,
        "delivery_promise": "FREE delivery Tomorrow",
        "discount_amount": "Save $6.00"
      },
      {
        "position": 4,
        "surface": "featured",
        "name": "MetroStride Running Shoes",
        "brand": "MetroStride",
        "price": 74.99,
        "currency": "USD",
        "old_price": 94.99,
        "has_markdown": true,
        "badge": "21% OFF",
        "discount_pct": 21,
        "availability": "in-stock",
        "sponsored": false,
        "delivery_promise": "FREE delivery Tomorrow",
        "discount_amount": "Save $20.00"
      },
      {
        "position": 5,
        "surface": "featured",
        "name": "OakLine Coffee Table",
        "brand": "OakLine",
        "price": 129.99,
        "currency": "USD",
        "old_price": 159.99,
        "has_markdown": true,
        "badge": "19% OFF",
        "discount_pct": 19,
        "availability": "in-stock",
        "sponsored": false,
        "delivery_promise": "FREE delivery Tomorrow",
        "discount_amount": "Save $30.00"
      },
      {
        "position": 6,
        "surface": "featured",
        "name": "SoftNest Throw Blanket",
        "brand": "SoftNest",
        "price": 27.99,
        "currency": "USD",
        "old_price": 35.99,
        "has_markdown": true,
        "badge": "22% OFF",
        "discount_pct": 22,
        "availability": "in-stock",
        "sponsored": false,
        "delivery_promise": "FREE delivery Tomorrow",
        "discount_amount": "Save $8.00"
      },
      {
        "position": 7,
        "surface": "featured",
        "name": "The Last Library",
        "brand": "The",
        "price": 14.99,
        "currency": "USD",
        "old_price": 19.99,
        "has_markdown": true,
        "badge": "25% OFF",
        "discount_pct": 25,
        "availability": "in-stock",
        "sponsored": false,
        "delivery_promise": "FREE delivery Tomorrow",
        "discount_amount": "Save $5.00"
      },
      {
        "position": 8,
        "surface": "featured",
        "name": "Coding for Everyone",
        "brand": "Coding",
        "price": 21.99,
        "currency": "USD",
        "old_price": 26.99,
        "has_markdown": true,
        "badge": "19% OFF",
        "discount_pct": 19,
        "availability": "in-stock",
        "sponsored": false,
        "delivery_promise": "FREE delivery Tomorrow",
        "discount_amount": "Save $5.00"
      }
    ],
    "t3": {
      "total_products": 8,
      "sponsored_count": 0,
      "organic_count": 8,
      "discounted_count": 8,
      "full_price_count": 0,
      "out_of_stock_count": 0,
      "low_stock_count": 0,
      "discount_pct_min": 14,
      "discount_pct_max": 25,
      "discount_pct_median": 22,
      "price_min": 14.99,
      "price_max": 729.99,
      "price_currency": "USD"
    },
    "t4": {
      "hydration_events": [
        {
          "metric": "cart_hydration_time_ms",
          "value": 0
        }
      ],
      "css_hidden_blocks": [
        {
          "selector": "sr-only",
          "gated_copy": "Email address",
          "rendered": false
        }
      ],
      "metadata": {
        "meta_description": "Shop electronics, fashion, home essentials and books at SHOPORA with fast delivery and secure checkout."
      },
      "raw_url": "http://127.0.0.1:8080/index.html"
    }
  },
  "budget": {
    "bytes_used": 3583,
    "hard_cap": 51200,
    "tiers_dropped": []
  },
  "privacy_metadata": {
    "pii_scrubbing_version": "0.2.0",
    "local_scrubbing_applied": true,
    "inputs_scrubbed": true,
    "scripts_removed": true,
    "styles_removed": true,
    "persistent_storage_used": false
  }
}

--- [2026-08-08T09:00:08.806Z] PAYLOAD: interaction_events ---
{
  "envelope_type": "interaction_events",
  "client_id": "shopora-prod",
  "session_token": "0b4e5a06-9766-44fe-bb0a-90284e7e1f47",
  "flush_id": "9676f305-ebb9-4d36-b114-c0edb4c2678f",
  "flush_reason": "immediate_navigation",
  "events": [
    {
      "event_id": "60d337c1-06bd-4b73-aac5-6ff375fb8ce2",
      "event_type": "search_submitted",
      "timestamp": "2026-08-08T09:00:08.778Z",
      "page_type": "homepage",
      "page_url_path": "/index.html",
      "query": "tv",
      "category_scope": "All",
      "submission_surface": "header-search"
    }
  ]
}

--- [2026-08-08T09:00:09.356Z] PAYLOAD: tier0-9 ---
{
  "schema_version": "0.2.0",
  "beacon_id": "4a85f21d-5a08-497a-b743-09e23d78dbfe",
  "client_id": "shopora-prod",
  "session_token": "ef82eed8-5820-4191-b628-a95a1ab28ebe",
  "tag_version": "0.2.0",
  "timestamp": "2026-08-08T09:00:09.349Z",
  "sampled": true,
  "page_type": "category",
  "page_url_path": "/category.html?q=tv",
  "sequence_no": 1,
  "page_heading": "Search results for \"tv\"",
  "breadcrumb": [],
  "viewport": {
    "width": 2148,
    "height": 1140
  },
  "surface_id": "304de047-0139-450b-b79f-8a6f869fda2d",
  "region": "en",
  "identity_summary": {
    "state": "unknown"
  },
  "visible_query": "tv",
  "program_match": null,
  "page": {
    "page_type": "category",
    "page_url": "http://127.0.0.1:8080/category.html?q=tv"
  },
  "signals": {
    "t1": [
      {
        "position": 1,
        "surface": "catalog-grid",
        "name": "ApexView 55\" 4K HDR Smart TV",
        "brand": "ApexView",
        "price": 499.99,
        "currency": "USD",
        "old_price": 599.99,
        "has_markdown": true,
        "badge": "17% OFF",
        "discount_pct": 17,
        "availability": "in-stock",
        "sponsored": false,
        "delivery_promise": "FREE delivery Tomorrow",
        "discount_amount": "Save $100.00"
      }
    ],
    "t3": {
      "total_products": 1,
      "sponsored_count": 0,
      "organic_count": 1,
      "discounted_count": 1,
      "full_price_count": 0,
      "out_of_stock_count": 0,
      "low_stock_count": 0,
      "discount_pct_min": 17,
      "discount_pct_max": 17,
      "discount_pct_median": 17,
      "price_min": 499.99,
      "price_max": 499.99,
      "price_currency": "USD"
    },
    "t4": {
      "hydration_events": [
        {
          "metric": "cart_hydration_time_ms",
          "value": 0
        }
      ],
      "result_count_stated": 1,
      "result_count_rendered": 1,
      "result_count_match": true,
      "css_hidden_blocks": [
        {
          "selector": "empty-results",
          "gated_copy": "⌕\n                                        No products found\n                                        ",
          "rendered": false
        }
      ],
      "metadata": {
        "meta_description": "Browse and filter all SHOPORA products."
      },
      "raw_url": "http://127.0.0.1:8080/category.html?q=tv"
    }
  },
  "budget": {
    "bytes_used": 1539,
    "hard_cap": 51200,
    "tiers_dropped": []
  },
  "privacy_metadata": {
    "pii_scrubbing_version": "0.2.0",
    "local_scrubbing_applied": true,
    "inputs_scrubbed": true,
    "scripts_removed": true,
    "styles_removed": true,
    "persistent_storage_used": false
  }
}

--- [2026-08-08T09:00:11.301Z] PAYLOAD: interaction_events ---
{
  "envelope_type": "interaction_events",
  "client_id": "shopora-prod",
  "session_token": "ef82eed8-5820-4191-b628-a95a1ab28ebe",
  "flush_id": "f2b01c44-22d2-4a9b-84a1-c2d3d305737a",
  "flush_reason": "immediate_navigation",
  "events": [
    {
      "event_id": "bf6d6851-bf57-4a91-857d-f858d2a8cb4a",
      "event_type": "product_card_clicked",
      "timestamp": "2026-08-08T09:00:11.300Z",
      "page_type": "category",
      "page_url_path": "/category.html",
      "sku": null,
      "surface": "catalog-grid",
      "position": 1,
      "displayed_price": "$499.99",
      "displayed_currency": "$"
    }
  ]
}

--- [2026-08-08T09:00:12.005Z] PAYLOAD: tier0-9 ---
{
  "schema_version": "0.2.0",
  "beacon_id": "59dd98eb-44a8-4e4d-b580-7a662c505b06",
  "client_id": "shopora-prod",
  "session_token": "61edd3b8-f861-4a33-84d7-1cec4c902c87",
  "tag_version": "0.2.0",
  "timestamp": "2026-08-08T09:00:11.998Z",
  "sampled": true,
  "page_type": "pdp",
  "page_url_path": "/pdp.html?id=null",
  "sequence_no": 1,
  "page_heading": "ApexView 55\" 4K HDR Smart TV",
  "breadcrumb": [
    "HOME /",
    "ELECTRONICS /",
    "APEXVIEW"
  ],
  "viewport": {
    "width": 2148,
    "height": 1140
  },
  "surface_id": "b2aff3cc-ae24-4442-ad96-874c0dcd38c9",
  "region": "en",
  "identity_summary": {
    "state": "unknown"
  },
  "visible_query": null,
  "program_match": null,
  "page": {
    "page_type": "pdp",
    "page_url": "http://127.0.0.1:8080/pdp.html?id=null"
  },
  "signals": {
    "t1": [
      {
        "position": 1,
        "surface": "hero",
        "name": "Product Specifications",
        "brand": "ApexView Official",
        "price": 499.99,
        "currency": "USD",
        "old_price": 599.99,
        "has_markdown": true,
        "badge": "SAVE 17%",
        "discount_pct": 17,
        "availability": "in-stock",
        "sponsored": false,
        "delivery_promise": "Order within 5 hrs",
        "visible_category_words": [
          "electronics"
        ],
        "badges": [
          "• High Demand"
        ]
      }
    ],
    "t4": {
      "hydration_events": [
        {
          "metric": "cart_hydration_time_ms",
          "value": 0
        }
      ],
      "css_hidden_blocks": [
        {
          "selector": "pdp-accordion-content",
          "gated_copy": "Standard Delivery: 3-5 business days. Free for orders over $50.\n                \n                \n  ",
          "rendered": false
        }
      ],
      "raw_url": "http://127.0.0.1:8080/pdp.html?id=null"
    }
  },
  "budget": {
    "bytes_used": 1181,
    "hard_cap": 51200,
    "tiers_dropped": []
  },
  "privacy_metadata": {
    "pii_scrubbing_version": "0.2.0",
    "local_scrubbing_applied": true,
    "inputs_scrubbed": true,
    "scripts_removed": true,
    "styles_removed": true,
    "persistent_storage_used": false
  }
}

--- [2026-08-08T09:00:16.999Z] PAYLOAD: interaction_events ---
{
  "envelope_type": "interaction_events",
  "client_id": "shopora-prod",
  "session_token": "61edd3b8-f861-4a33-84d7-1cec4c902c87",
  "flush_id": "370f5c26-12df-4e51-b675-dd5c7226de39",
  "flush_reason": "pagehide",
  "events": [
    {
      "event_id": "e61df660-aee4-4e15-bbda-72df736eaa01",
      "event_type": "add_to_cart",
      "timestamp": "2026-08-08T09:00:14.920Z",
      "page_type": "pdp",
      "page_url_path": "/pdp.html",
      "sku": null,
      "surface": "catalog-grid",
      "position": 1,
      "displayed_price": null,
      "displayed_currency": null
    }
  ]
}

--- [2026-08-08T09:00:24.357Z] PAYLOAD: interaction_events ---
{
  "envelope_type": "interaction_events",
  "client_id": "shopora-prod",
  "session_token": "ef82eed8-5820-4191-b628-a95a1ab28ebe",
  "flush_id": "bede4350-d15f-434d-90fc-5ea5ecfa5b3d",
  "flush_reason": "time",
  "events": [
    {
      "event_id": "f7cfc516-1950-4dfa-a944-26d1a120e5b7",
      "event_type": "filter_applied",
      "timestamp": "2026-08-08T09:00:18.010Z",
      "page_type": "category",
      "page_url_path": "/category.html",
      "filter_type": "categoryFilters",
      "filter_value": "electronics",
      "active_filter_count_after": 1
    },
    {
      "event_id": "d3ccc480-0bd8-4a8a-aaa6-d2c5d55d242a",
      "event_type": "filter_applied",
      "timestamp": "2026-08-08T09:00:18.420Z",
      "page_type": "category",
      "page_url_path": "/category.html",
      "filter_type": "categoryFilters",
      "filter_value": "fashion",
      "active_filter_count_after": 1
    },
    {
      "event_id": "bebc1db1-4074-45b4-abe6-1d650a32e037",
      "event_type": "filter_applied",
      "timestamp": "2026-08-08T09:00:19.458Z",
      "page_type": "category",
      "page_url_path": "/category.html",
      "filter_type": "categoryFilters",
      "filter_value": "home",
      "active_filter_count_after": 1
    },
    {
      "event_id": "49c4ea28-e068-47af-9249-406ec0856b51",
      "event_type": "filter_applied",
      "timestamp": "2026-08-08T09:00:19.898Z",
      "page_type": "category",
      "page_url_path": "/category.html",
      "filter_type": "categoryFilters",
      "filter_value": "books",
      "active_filter_count_after": 1
    }
  ]
}

--- [2026-08-08T09:00:39.387Z] PAYLOAD: interaction_events ---
{
  "envelope_type": "interaction_events",
  "client_id": "shopora-prod",
  "session_token": "ef82eed8-5820-4191-b628-a95a1ab28ebe",
  "flush_id": "1ac89bee-e4c6-49cf-b352-8d997a88a03a",
  "flush_reason": "time",
  "events": [
    {
      "event_id": "5623994b-dd0e-4de0-9335-ca436fd03124",
      "event_type": "filter_removed",
      "timestamp": "2026-08-08T09:00:27.505Z",
      "page_type": "category",
      "page_url_path": "/category.html",
      "filter_type": "unknown",
      "filter_value": "cook",
      "active_filter_count_after": 0
    },
    {
      "event_id": "71715334-ea50-473f-b0b0-6c2a215ea555",
      "event_type": "filter_applied",
      "timestamp": "2026-08-08T09:00:28.879Z",
      "page_type": "category",
      "page_url_path": "/category.html",
      "filter_type": "categoryFilters",
      "filter_value": "all",
      "active_filter_count_after": 1
    },
    {
      "event_id": "f2e7c3b9-70ed-4ec5-ace6-95b9915584aa",
      "event_type": "filter_applied",
      "timestamp": "2026-08-08T09:00:30.738Z",
      "page_type": "category",
      "page_url_path": "/category.html",
      "filter_type": "categoryFilters",
      "filter_value": "electronics",
      "active_filter_count_after": 1
    },
    {
      "event_id": "7b932057-6257-41e8-a59b-7d42ed52482a",
      "event_type": "filter_applied",
      "timestamp": "2026-08-08T09:00:31.625Z",
      "page_type": "category",
      "page_url_path": "/category.html",
      "filter_type": "categoryFilters",
      "filter_value": "fashion",
      "active_filter_count_after": 1
    },
    {
      "event_id": "e9a5e156-99d5-47aa-bf7a-934611828363",
      "event_type": "filter_applied",
      "timestamp": "2026-08-08T09:00:32.523Z",
      "page_type": "category",
      "page_url_path": "/category.html",
      "filter_type": "categoryFilters",
      "filter_value": "home",
      "active_filter_count_after": 1
    },
    {
      "event_id": "630dd1fc-272c-46d2-8cba-0eacbe66763f",
      "event_type": "filter_applied",
      "timestamp": "2026-08-08T09:00:33.992Z",
      "page_type": "category",
      "page_url_path": "/category.html",
      "filter_type": "categoryFilters",
      "filter_value": "books",
      "active_filter_count_after": 1
    },
    {
      "event_id": "3a03e439-7dc0-413f-ad95-6510d4353c32",
      "event_type": "filter_removed",
      "timestamp": "2026-08-08T09:00:36.798Z",
      "page_type": "category",
      "page_url_path": "/category.html",
      "filter_type": "unknown",
      "filter_value": "cooking",
      "active_filter_count_after": 0
    }
  ]
}

--- [2026-08-08T09:00:54.356Z] PAYLOAD: interaction_events ---
{
  "envelope_type": "interaction_events",
  "client_id": "shopora-prod",
  "session_token": "ef82eed8-5820-4191-b628-a95a1ab28ebe",
  "flush_id": "8122d6d2-3d41-4b33-881f-c7fbaf546cbe",
  "flush_reason": "time",
  "events": [
    {
      "event_id": "7743e104-c7e0-473b-8eb2-44962c94a2eb",
      "event_type": "filter_removed",
      "timestamp": "2026-08-08T09:00:40.715Z",
      "page_type": "category",
      "page_url_path": "/category.html",
      "filter_type": "unknown",
      "filter_value": "camera",
      "active_filter_count_after": 0
    },
    {
      "event_id": "31181ede-980b-4414-88f7-a65f6582387e",
      "event_type": "filter_applied",
      "timestamp": "2026-08-08T09:00:43.256Z",
      "page_type": "category",
      "page_url_path": "/category.html",
      "filter_type": "categoryFilters",
      "filter_value": "all",
      "active_filter_count_after": 1
    },
    {
      "event_id": "03700c65-b145-4d1e-8c35-b07bcd3daef9",
      "event_type": "filter_applied",
      "timestamp": "2026-08-08T09:00:44.944Z",
      "page_type": "category",
      "page_url_path": "/category.html",
      "filter_type": "categoryFilters",
      "filter_value": "electronics",
      "active_filter_count_after": 1
    },
    {
      "event_id": "5b164ec2-2a50-4115-9216-b6c03b31a328",
      "event_type": "filter_applied",
      "timestamp": "2026-08-08T09:00:46.093Z",
      "page_type": "category",
      "page_url_path": "/category.html",
      "filter_type": "categoryFilters",
      "filter_value": "fashion",
      "active_filter_count_after": 1
    },
    {
      "event_id": "659119eb-399d-4be6-b535-c4e3684a6d62",
      "event_type": "filter_applied",
      "timestamp": "2026-08-08T09:00:46.902Z",
      "page_type": "category",
      "page_url_path": "/category.html",
      "filter_type": "categoryFilters",
      "filter_value": "home",
      "active_filter_count_after": 1
    },
    {
      "event_id": "d8cbfcf4-058b-4b1e-a717-1d131949545a",
      "event_type": "filter_applied",
      "timestamp": "2026-08-08T09:00:47.789Z",
      "page_type": "category",
      "page_url_path": "/category.html",
      "filter_type": "categoryFilters",
      "filter_value": "books",
      "active_filter_count_after": 1
    },
    {
      "event_id": "6b3bd4c5-c5bc-4e5c-82fe-66044d840d06",
      "event_type": "filter_removed",
      "timestamp": "2026-08-08T09:00:50.817Z",
      "page_type": "category",
      "page_url_path": "/category.html",
      "filter_type": "unknown",
      "filter_value": "14500",
      "active_filter_count_after": 0
    },
    {
      "event_id": "3cdf304b-225c-4295-8550-18da8bf103ce",
      "event_type": "filter_applied",
      "timestamp": "2026-08-08T09:00:52.196Z",
      "page_type": "category",
      "page_url_path": "/category.html",
      "filter_type": "rating",
      "filter_value": "4",
      "active_filter_count_after": 0
    },
    {
      "event_id": "58f757ce-df36-451b-b27b-57f70308e022",
      "event_type": "filter_applied",
      "timestamp": "2026-08-08T09:00:53.130Z",
      "page_type": "category",
      "page_url_path": "/category.html",
      "filter_type": "rating",
      "filter_value": "4.5",
      "active_filter_count_after": 0
    }
  ]
}

--- [2026-08-08T09:00:58.282Z] PAYLOAD: interaction_events ---
{
  "envelope_type": "interaction_events",
  "client_id": "shopora-prod",
  "session_token": "ef82eed8-5820-4191-b628-a95a1ab28ebe",
  "flush_id": "b5711059-caf6-4c18-8149-00e0db622c9b",
  "flush_reason": "pagehide",
  "events": [
    {
      "event_id": "3e77cafe-5ede-46bf-8c8b-824ad812b58e",
      "event_type": "filter_applied",
      "timestamp": "2026-08-08T09:00:54.632Z",
      "page_type": "category",
      "page_url_path": "/category.html",
      "filter_type": "categoryFilters",
      "filter_value": "all",
      "active_filter_count_after": 1
    }
  ]
}

--- [2026-08-08T09:00:58.807Z] PAYLOAD: tier0-9 ---
{
  "schema_version": "0.2.0",
  "beacon_id": "2da08c67-d11f-4eee-8044-fd0d5094b7d8",
  "client_id": "shopora-prod",
  "session_token": "f807265d-c09f-4fe6-957d-f03e31395579",
  "tag_version": "0.2.0",
  "timestamp": "2026-08-08T09:00:58.795Z",
  "sampled": true,
  "page_type": "homepage",
  "page_url_path": "/index.html",
  "sequence_no": 1,
  "page_heading": "Upgrade your everyday for less.",
  "breadcrumb": [],
  "viewport": {
    "width": 2148,
    "height": 1140
  },
  "surface_id": "c28d0ba4-c80c-461c-af79-9c44faab0a4b",
  "region": "en",
  "identity_summary": {
    "state": "unknown"
  },
  "visible_query": null,
  "program_match": null,
  "page": {
    "page_type": "homepage",
    "page_url": "http://127.0.0.1:8080/index.html"
  },
  "signals": {
    "t1": [
      {
        "position": 1,
        "surface": "featured",
        "name": "VoltMax 15.6\" Laptop",
        "brand": "VoltMax",
        "price": 729.99,
        "currency": "USD",
        "old_price": 849.99,
        "has_markdown": true,
        "badge": "14% OFF",
        "discount_pct": 14,
        "availability": "in-stock",
        "sponsored": false,
        "delivery_promise": "FREE delivery Tomorrow",
        "discount_amount": "Save $120.00"
      },
      {
        "position": 2,
        "surface": "featured",
        "name": "PulseTune Wireless Headphones",
        "brand": "PulseTune",
        "price": 89.99,
        "currency": "USD",
        "old_price": 119.99,
        "has_markdown": true,
        "badge": "25% OFF",
        "discount_pct": 25,
        "availability": "in-stock",
        "sponsored": false,
        "delivery_promise": "FREE delivery Tomorrow",
        "discount_amount": "Save $30.00"
      },
      {
        "position": 3,
        "surface": "featured",
        "name": "Luna Cotton Graphic Tee",
        "brand": "Luna",
        "price": 18.99,
        "currency": "USD",
        "old_price": 24.99,
        "has_markdown": true,
        "badge": "24% OFF",
        "discount_pct": 24,
        "availability": "in-stock",
        "sponsored": false,
        "delivery_promise": "FREE delivery Tomorrow",
        "discount_amount": "Save $6.00"
      },
      {
        "position": 4,
        "surface": "featured",
        "name": "MetroStride Running Shoes",
        "brand": "MetroStride",
        "price": 74.99,
        "currency": "USD",
        "old_price": 94.99,
        "has_markdown": true,
        "badge": "21% OFF",
        "discount_pct": 21,
        "availability": "in-stock",
        "sponsored": false,
        "delivery_promise": "FREE delivery Tomorrow",
        "discount_amount": "Save $20.00"
      },
      {
        "position": 5,
        "surface": "featured",
        "name": "OakLine Coffee Table",
        "brand": "OakLine",
        "price": 129.99,
        "currency": "USD",
        "old_price": 159.99,
        "has_markdown": true,
        "badge": "19% OFF",
        "discount_pct": 19,
        "availability": "in-stock",
        "sponsored": false,
        "delivery_promise": "FREE delivery Tomorrow",
        "discount_amount": "Save $30.00"
      },
      {
        "position": 6,
        "surface": "featured",
        "name": "SoftNest Throw Blanket",
        "brand": "SoftNest",
        "price": 27.99,
        "currency": "USD",
        "old_price": 35.99,
        "has_markdown": true,
        "badge": "22% OFF",
        "discount_pct": 22,
        "availability": "in-stock",
        "sponsored": false,
        "delivery_promise": "FREE delivery Tomorrow",
        "discount_amount": "Save $8.00"
      },
      {
        "position": 7,
        "surface": "featured",
        "name": "The Last Library",
        "brand": "The",
        "price": 14.99,
        "currency": "USD",
        "old_price": 19.99,
        "has_markdown": true,
        "badge": "25% OFF",
        "discount_pct": 25,
        "availability": "in-stock",
        "sponsored": false,
        "delivery_promise": "FREE delivery Tomorrow",
        "discount_amount": "Save $5.00"
      },
      {
        "position": 8,
        "surface": "featured",
        "name": "Coding for Everyone",
        "brand": "Coding",
        "price": 21.99,
        "currency": "USD",
        "old_price": 26.99,
        "has_markdown": true,
        "badge": "19% OFF",
        "discount_pct": 19,
        "availability": "in-stock",
        "sponsored": false,
        "delivery_promise": "FREE delivery Tomorrow",
        "discount_amount": "Save $5.00"
      }
    ],
    "t3": {
      "total_products": 8,
      "sponsored_count": 0,
      "organic_count": 8,
      "discounted_count": 8,
      "full_price_count": 0,
      "out_of_stock_count": 0,
      "low_stock_count": 0,
      "discount_pct_min": 14,
      "discount_pct_max": 25,
      "discount_pct_median": 22,
      "price_min": 14.99,
      "price_max": 729.99,
      "price_currency": "USD"
    },
    "t4": {
      "hydration_events": [
        {
          "metric": "cart_hydration_time_ms",
          "value": 0
        }
      ],
      "css_hidden_blocks": [
        {
          "selector": "sr-only",
          "gated_copy": "Email address",
          "rendered": false
        }
      ],
      "metadata": {
        "meta_description": "Shop electronics, fashion, home essentials and books at SHOPORA with fast delivery and secure checkout."
      },
      "raw_url": "http://127.0.0.1:8080/index.html"
    }
  },
  "budget": {
    "bytes_used": 3583,
    "hard_cap": 51200,
    "tiers_dropped": []
  },
  "privacy_metadata": {
    "pii_scrubbing_version": "0.2.0",
    "local_scrubbing_applied": true,
    "inputs_scrubbed": true,
    "scripts_removed": true,
    "styles_removed": true,
    "persistent_storage_used": false
  }
}

--- [2026-08-08T09:01:01.044Z] PAYLOAD: tier0-9 ---
{
  "schema_version": "0.2.0",
  "beacon_id": "0f9969cd-1598-4771-8106-a5af391323d8",
  "client_id": "shopora-prod",
  "session_token": "5d09f751-f3eb-4213-9855-531eaf17bbda",
  "tag_version": "0.2.0",
  "timestamp": "2026-08-08T09:01:01.031Z",
  "sampled": true,
  "page_type": "category",
  "page_url_path": "/category.html?category=books",
  "sequence_no": 1,
  "page_heading": "Books",
  "breadcrumb": [],
  "viewport": {
    "width": 2148,
    "height": 1140
  },
  "surface_id": "8b0292be-70d8-4e68-8952-20ad57a2dfc9",
  "region": "en",
  "identity_summary": {
    "state": "unknown"
  },
  "visible_query": null,
  "program_match": null,
  "page": {
    "page_type": "category",
    "page_url": "http://127.0.0.1:8080/category.html?category=books"
  },
  "signals": {
    "t1": [
      {
        "position": 1,
        "surface": "catalog-grid",
        "name": "The Last Library",
        "brand": "The",
        "price": 14.99,
        "currency": "USD",
        "old_price": 19.99,
        "has_markdown": true,
        "badge": "25% OFF",
        "discount_pct": 25,
        "availability": "in-stock",
        "sponsored": false,
        "delivery_promise": "FREE delivery Tomorrow",
        "discount_amount": "Save $5.00"
      },
      {
        "position": 2,
        "surface": "catalog-grid",
        "name": "Mastering Home Cooking",
        "brand": "Mastering",
        "price": 24.99,
        "currency": "USD",
        "old_price": 29.99,
        "has_markdown": true,
        "badge": "17% OFF",
        "discount_pct": 17,
        "availability": "in-stock",
        "sponsored": false,
        "delivery_promise": "FREE delivery Tomorrow",
        "discount_amount": "Save $5.00"
      },
      {
        "position": 3,
        "surface": "catalog-grid",
        "name": "Coding for Everyone",
        "brand": "Coding",
        "price": 21.99,
        "currency": "USD",
        "old_price": 26.99,
        "has_markdown": true,
        "badge": "19% OFF",
        "discount_pct": 19,
        "availability": "in-stock",
        "sponsored": false,
        "delivery_promise": "FREE delivery Tomorrow",
        "discount_amount": "Save $5.00"
      },
      {
        "position": 4,
        "surface": "catalog-grid",
        "name": "A Year of Sketches",
        "brand": "A",
        "price": 20.99,
        "currency": "USD",
        "old_price": 25.99,
        "has_markdown": true,
        "badge": "19% OFF",
        "discount_pct": 19,
        "availability": "in-stock",
        "sponsored": false,
        "delivery_promise": "FREE delivery Tomorrow",
        "discount_amount": "Save $5.00"
      },
      {
        "position": 5,
        "surface": "catalog-grid",
        "name": "World Atlas for Kids",
        "brand": "World",
        "price": 18.99,
        "currency": "USD",
        "old_price": 22.99,
        "has_markdown": true,
        "badge": "17% OFF",
        "discount_pct": 17,
        "availability": "in-stock",
        "sponsored": false,
        "delivery_promise": "FREE delivery Tomorrow",
        "discount_amount": "Save $4.00"
      },
      {
        "position": 6,
        "surface": "catalog-grid",
        "name": "History in 100 Objects",
        "brand": "History",
        "price": 23.99,
        "currency": "USD",
        "old_price": 29.99,
        "has_markdown": true,
        "badge": "20% OFF",
        "discount_pct": 20,
        "availability": "in-stock",
        "sponsored": false,
        "delivery_promise": "FREE delivery Tomorrow",
        "discount_amount": "Save $6.00"
      },
      {
        "position": 7,
        "surface": "catalog-grid",
        "name": "Build Better Habits",
        "brand": "Build",
        "price": 12.99,
        "currency": "USD",
        "old_price": 16.99,
        "has_markdown": true,
        "badge": "24% OFF",
        "discount_pct": 24,
        "availability": "in-stock",
        "sponsored": false,
        "delivery_promise": "FREE delivery Tomorrow",
        "discount_amount": "Save $4.00"
      },
      {
        "position": 8,
        "surface": "catalog-grid",
        "name": "Deep Work Notes",
        "brand": "Deep",
        "price": 15.99,
        "currency": "USD",
        "old_price": 20.99,
        "has_markdown": true,
        "badge": "24% OFF",
        "discount_pct": 24,
        "availability": "in-stock",
        "sponsored": false,
        "delivery_promise": "FREE delivery Tomorrow",
        "discount_amount": "Save $5.00"
      },
      {
        "position": 9,
        "surface": "catalog-grid",
        "name": "Stock Market Basics",
        "brand": "Stock",
        "price": 17.99,
        "currency": "USD",
        "old_price": 22.99,
        "has_markdown": true,
        "badge": "22% OFF",
        "discount_pct": 22,
        "availability": "in-stock",
        "sponsored": false,
        "delivery_promise": "FREE delivery Tomorrow",
        "discount_amount": "Save $5.00"
      },
      {
        "position": 10,
        "surface": "catalog-grid",
        "name": "Garden at Noon",
        "brand": "Garden",
        "price": 13.99,
        "currency": "USD",
        "old_price": 17.99,
        "has_markdown": true,
        "badge": "22% OFF",
        "discount_pct": 22,
        "availability": "in-stock",
        "sponsored": false,
        "delivery_promise": "FREE delivery Tomorrow",
        "discount_amount": "Save $4.00"
      },
      {
        "position": 11,
        "surface": "catalog-grid",
        "name": "Space Explorers",
        "brand": "Space",
        "price": 16.99,
        "currency": "USD",
        "old_price": 21.99,
        "has_markdown": true,
        "badge": "23% OFF",
        "discount_pct": 23,
        "availability": "in-stock",
        "sponsored": false,
        "delivery_promise": "FREE delivery Tomorrow",
        "discount_amount": "Save $5.00"
      },
      {
        "position": 12,
        "surface": "catalog-grid",
        "name": "The Art of Small Spaces",
        "brand": "The",
        "price": 19.99,
        "currency": "USD",
        "old_price": 24.99,
        "has_markdown": true,
        "badge": "20% OFF",
        "discount_pct": 20,
        "availability": "in-stock",
        "sponsored": false,
        "delivery_promise": "FREE delivery Tomorrow",
        "discount_amount": "Save $5.00"
      },
      {
        "position": 13,
        "surface": "catalog-grid",
        "name": "Mystery on Maple Street",
        "brand": "Mystery",
        "price": 11.99,
        "currency": "USD",
        "old_price": 15.99,
        "has_markdown": true,
        "badge": "25% OFF",
        "discount_pct": 25,
        "availability": "in-stock",
        "sponsored": false,
        "delivery_promise": "FREE delivery Tomorrow",
        "discount_amount": "Save $4.00"
      },
      {
        "position": 14,
        "surface": "catalog-grid",
        "name": "Legends of the River",
        "brand": "Legends",
        "price": 14.49,
        "currency": "USD",
        "old_price": 18.49,
        "has_markdown": true,
        "badge": "22% OFF",
        "discount_pct": 22,
        "availability": "in-stock",
        "sponsored": false,
        "delivery_promise": "FREE delivery Tomorrow",
        "discount_amount": "Save $4.00"
      },
      {
        "position": 15,
        "surface": "catalog-grid",
        "name": "Mindful Minutes",
        "brand": "Mindful",
        "price": 10.99,
        "currency": "USD",
        "old_price": 14.99,
        "has_markdown": true,
        "badge": "27% OFF",
        "discount_pct": 27,
        "availability": "in-stock",
        "sponsored": false,
        "delivery_promise": "FREE delivery Tomorrow",
        "discount_amount": "Save $4.00"
      }
    ],
    "t3": {
      "total_products": 15,
      "sponsored_count": 0,
      "organic_count": 15,
      "discounted_count": 15,
      "full_price_count": 0,
      "out_of_stock_count": 0,
      "low_stock_count": 0,
      "discount_pct_min": 17,
      "discount_pct_max": 27,
      "discount_pct_median": 22,
      "price_min": 10.99,
      "price_max": 24.99,
      "price_currency": "USD"
    },
    "t4": {
      "hydration_events": [
        {
          "metric": "cart_hydration_time_ms",
          "value": 0
        }
      ],
      "result_count_stated": 15,
      "result_count_rendered": 15,
      "result_count_match": true,
      "css_hidden_blocks": [
        {
          "selector": "empty-results",
          "gated_copy": "⌕\n                                        No products found\n                                        ",
          "rendered": false
        }
      ],
      "metadata": {
        "meta_description": "Browse and filter all SHOPORA products."
      },
      "raw_url": "http://127.0.0.1:8080/category.html?category=books"
    }
  },
  "budget": {
    "bytes_used": 5857,
    "hard_cap": 51200,
    "tiers_dropped": []
  },
  "privacy_metadata": {
    "pii_scrubbing_version": "0.2.0",
    "local_scrubbing_applied": true,
    "inputs_scrubbed": true,
    "scripts_removed": true,
    "styles_removed": true,
    "persistent_storage_used": false
  }
}

--- [2026-08-08T09:10:59.112Z] PAYLOAD: interaction_events ---
{
  "envelope_type": "interaction_events",
  "client_id": "shopora-prod",
  "session_token": "5d09f751-f3eb-4213-9855-531eaf17bbda",
  "flush_id": "fb8afb06-b5a9-4d59-b27e-be24f0001e2a",
  "flush_reason": "unload",
  "events": [
    {
      "event_id": "9ac6930c-5f53-4286-9c33-f6b0c43396d9",
      "event_type": "sort_changed",
      "timestamp": "2026-08-08T09:10:55.927Z",
      "page_type": "category",
      "page_url_path": "/category.html",
      "sort_value": "Price: low to high"
    }
  ]
}

--- [2026-08-08T09:11:07.358Z] PAYLOAD: interaction_events ---
{
  "envelope_type": "interaction_events",
  "client_id": "shopora-prod",
  "session_token": "5d09f751-f3eb-4213-9855-531eaf17bbda",
  "flush_id": "4ffc8115-f110-4bf0-8664-6d2690870c45",
  "flush_reason": "unload",
  "events": [
    {
      "event_id": "afecfc40-882b-49e0-99c4-bd1ee289d11f",
      "event_type": "sort_changed",
      "timestamp": "2026-08-08T09:11:05.976Z",
      "page_type": "category",
      "page_url_path": "/category.html",
      "sort_value": "Biggest discount"
    }
  ]
}

--- [2026-08-08T09:26:44.106Z] PAYLOAD: tier0-9 ---
{
  "schema_version": "0.2.0",
  "beacon_id": "f22ecc05-4332-4362-9534-9a0684852bd4",
  "client_id": "shopora-prod",
  "session_token": "3176825c-da87-4dcb-832a-e24634cb19f6",
  "tag_version": "0.2.0",
  "timestamp": "2026-08-08T09:26:44.094Z",
  "sampled": true,
  "page_type": "cart",
  "page_url_path": "/cart.html",
  "sequence_no": 1,
  "page_heading": "Shopping cart",
  "breadcrumb": [],
  "viewport": {
    "width": 1065,
    "height": 1138
  },
  "surface_id": "1b2dfc43-627a-41b7-bede-b1c56a82945a",
  "region": "en",
  "identity_summary": {
    "state": "unknown"
  },
  "visible_query": null,
  "program_match": null,
  "page": {
    "page_type": "cart",
    "page_url": "http://127.0.0.1:8080/cart.html"
  },
  "signals": {
    "t1": [],
    "t2": {
      "page_context": "cart",
      "line_items": [
        {
          "name": "ApexView 55\" 4K HDR Smart TV",
          "quantity": 1,
          "price": "$499.99",
          "old_price": "$599.99",
          "discount": "17% off"
        }
      ],
      "subtotal": "$499.99",
      "total": "$499.99",
      "savings_shown": "$100.00",
      "delivery_cost": "FREE",
      "subtotal_numeric": 499.99,
      "total_numeric": 499.99,
      "savings_numeric": 100,
      "item_count": 1,
      "promo_field_state": "not-present",
      "promo_field_present": false,
      "checkout_reachable": true,
      "shipping_bar_shown": true,
      "loyalty_balance_rendered": false,
      "shipping_threshold_message": "✓ You unlocked FREE delivery!",
      "free_shipping_eligibility": "unknown"
    },
    "t4": {
      "hydration_events": [
        {
          "metric": "cart_hydration_time_ms",
          "value": 53
        }
      ],
      "cart_math_match": true,
      "css_hidden_blocks": [],
      "raw_url": "http://127.0.0.1:8080/cart.html"
    }
  },
  "budget": {
    "bytes_used": 1191,
    "hard_cap": 51200,
    "tiers_dropped": []
  },
  "privacy_metadata": {
    "pii_scrubbing_version": "0.2.0",
    "local_scrubbing_applied": true,
    "inputs_scrubbed": true,
    "scripts_removed": true,
    "styles_removed": true,
    "persistent_storage_used": false
  }
}

--- [2026-08-08T09:26:52.481Z] PAYLOAD: interaction_events ---
{
  "envelope_type": "interaction_events",
  "client_id": "shopora-prod",
  "session_token": "3176825c-da87-4dcb-832a-e24634cb19f6",
  "flush_id": "f801e30d-2a7d-427a-bf8c-26c06d31b7cb",
  "flush_reason": "unload",
  "events": [
    {
      "event_id": "65695a00-b398-4520-90f7-f58f071387c7",
      "event_type": "remove_from_cart",
      "timestamp": "2026-08-08T09:26:51.587Z",
      "page_type": "cart",
      "page_url_path": "/cart.html",
      "sku": null,
      "quantity_before_remove": 1,
      "displayed_line_total": null
    }
  ]
}

--- [2026-08-08T09:27:04.369Z] PAYLOAD: interaction_events ---
{
  "envelope_type": "interaction_events",
  "client_id": "shopora-prod",
  "session_token": "3176825c-da87-4dcb-832a-e24634cb19f6",
  "flush_id": "05e46a92-1194-44c2-8297-ecd1331c8a2b",
  "flush_reason": "pagehide",
  "events": [
    {
      "event_id": "a11abd97-a6ba-4d0f-add2-34c65bba7384",
      "event_type": "add_to_cart",
      "timestamp": "2026-08-08T09:27:01.221Z",
      "page_type": "cart",
      "page_url_path": "/cart.html",
      "sku": null,
      "surface": "catalog-grid",
      "position": 2,
      "displayed_price": "$34.99",
      "displayed_currency": "$"
    },
    {
      "event_id": "49795fa8-0f93-4b2d-9054-31f321ddfc96",
      "event_type": "add_to_cart",
      "timestamp": "2026-08-08T09:27:02.866Z",
      "page_type": "cart",
      "page_url_path": "/cart.html",
      "sku": null,
      "surface": "catalog-grid",
      "position": 2,
      "displayed_price": "$34.99",
      "displayed_currency": "$"
    }
  ]
}

--- [2026-08-08T09:27:04.563Z] PAYLOAD: tier0-9 ---
{
  "schema_version": "0.2.0",
  "beacon_id": "1b6185e9-8c80-49a6-a475-d135098bbf23",
  "client_id": "shopora-prod",
  "session_token": "13e23235-e8de-4d91-bbcb-dae34a5d4253",
  "tag_version": "0.2.0",
  "timestamp": "2026-08-08T09:27:04.554Z",
  "sampled": true,
  "page_type": "cart",
  "page_url_path": "/cart.html",
  "sequence_no": 1,
  "page_heading": "Shopping cart",
  "breadcrumb": [],
  "viewport": {
    "width": 1065,
    "height": 1138
  },
  "surface_id": "5d1bd759-f5fb-46c2-b013-e64df6d1c4f6",
  "region": "en",
  "identity_summary": {
    "state": "unknown"
  },
  "visible_query": null,
  "program_match": null,
  "page": {
    "page_type": "cart",
    "page_url": "http://127.0.0.1:8080/cart.html"
  },
  "signals": {
    "t1": [],
    "t2": {
      "page_context": "cart",
      "line_items": [
        {
          "name": "EcoSync Smart Plug Kit",
          "quantity": 2,
          "line_total": "$69.98",
          "price": "$69.98",
          "old_price": "$89.98",
          "discount": "22% off"
        }
      ],
      "subtotal": "$69.98",
      "total": "$69.98",
      "savings_shown": "$20.00",
      "delivery_cost": "FREE",
      "subtotal_numeric": 69.98,
      "total_numeric": 69.98,
      "savings_numeric": 20,
      "item_count": 2,
      "promo_field_state": "not-present",
      "promo_field_present": false,
      "checkout_reachable": true,
      "shipping_bar_shown": true,
      "loyalty_balance_rendered": false,
      "shipping_threshold_message": "✓ You unlocked FREE delivery!",
      "free_shipping_eligibility": "unknown"
    },
    "t4": {
      "hydration_events": [
        {
          "metric": "cart_hydration_time_ms",
          "value": 66
        }
      ],
      "cart_math_match": true,
      "css_hidden_blocks": [],
      "raw_url": "http://127.0.0.1:8080/cart.html"
    }
  },
  "budget": {
    "bytes_used": 1198,
    "hard_cap": 51200,
    "tiers_dropped": []
  },
  "privacy_metadata": {
    "pii_scrubbing_version": "0.2.0",
    "local_scrubbing_applied": true,
    "inputs_scrubbed": true,
    "scripts_removed": true,
    "styles_removed": true,
    "persistent_storage_used": false
  }
}

--- [2026-08-08T09:27:11.214Z] PAYLOAD: interaction_events ---
{
  "envelope_type": "interaction_events",
  "client_id": "shopora-prod",
  "session_token": "13e23235-e8de-4d91-bbcb-dae34a5d4253",
  "flush_id": "73136a91-ea75-4cc7-afb4-f906533134c0",
  "flush_reason": "unload",
  "events": [
    {
      "event_id": "76953fe4-bd91-4929-8860-4897efc7d64d",
      "event_type": "remove_from_cart",
      "timestamp": "2026-08-08T09:27:10.306Z",
      "page_type": "cart",
      "page_url_path": "/cart.html",
      "sku": null,
      "quantity_before_remove": 2,
      "displayed_line_total": "$69.98"
    }
  ]
}

--- [2026-08-08T11:42:10.112Z] PAYLOAD: tier0-9 ---
{
  "schema_version": "0.2.0",
  "beacon_id": "5216ef6b-ae94-469b-81da-00d598410ebc",
  "client_id": "shopora-prod",
  "session_token": "8ebd39f9-772c-48f4-80ce-a92268dbb42b",
  "tag_version": "0.2.0",
  "timestamp": "2026-08-08T11:42:09.874Z",
  "sampled": true,
  "page_type": "homepage",
  "page_url_path": "/",
  "sequence_no": 1,
  "page_heading": "Upgrade your everyday for less.",
  "breadcrumb": [],
  "viewport": {
    "width": 1065,
    "height": 1138
  },
  "surface_id": "91c1488b-04b0-4654-8fc7-d5a7a19f3d07",
  "region": "en",
  "identity_summary": {
    "state": "unknown"
  },
  "visible_query": null,
  "program_match": null,
  "page": {
    "page_type": "homepage",
    "page_url": "http://127.0.0.1:8080/"
  },
  "signals": {
    "t1": [
      {
        "position": 1,
        "surface": "featured",
        "name": "VoltMax 15.6\" Laptop",
        "brand": "VoltMax",
        "price": 729.99,
        "currency": "USD",
        "old_price": 849.99,
        "has_markdown": true,
        "badge": "14% OFF",
        "discount_pct": 14,
        "availability": "in-stock",
        "sponsored": false,
        "delivery_promise": "FREE delivery Tomorrow",
        "discount_amount": "Save $120.00"
      },
      {
        "position": 2,
        "surface": "featured",
        "name": "PulseTune Wireless Headphones",
        "brand": "PulseTune",
        "price": 89.99,
        "currency": "USD",
        "old_price": 119.99,
        "has_markdown": true,
        "badge": "25% OFF",
        "discount_pct": 25,
        "availability": "in-stock",
        "sponsored": false,
        "delivery_promise": "FREE delivery Tomorrow",
        "discount_amount": "Save $30.00"
      },
      {
        "position": 3,
        "surface": "featured",
        "name": "Luna Cotton Graphic Tee",
        "brand": "Luna",
        "price": 18.99,
        "currency": "USD",
        "old_price": 24.99,
        "has_markdown": true,
        "badge": "24% OFF",
        "discount_pct": 24,
        "availability": "in-stock",
        "sponsored": false,
        "delivery_promise": "FREE delivery Tomorrow",
        "discount_amount": "Save $6.00"
      },
      {
        "position": 4,
        "surface": "featured",
        "name": "MetroStride Running Shoes",
        "brand": "MetroStride",
        "price": 74.99,
        "currency": "USD",
        "old_price": 94.99,
        "has_markdown": true,
        "badge": "21% OFF",
        "discount_pct": 21,
        "availability": "in-stock",
        "sponsored": false,
        "delivery_promise": "FREE delivery Tomorrow",
        "discount_amount": "Save $20.00"
      },
      {
        "position": 5,
        "surface": "featured",
        "name": "OakLine Coffee Table",
        "brand": "OakLine",
        "price": 129.99,
        "currency": "USD",
        "old_price": 159.99,
        "has_markdown": true,
        "badge": "19% OFF",
        "discount_pct": 19,
        "availability": "in-stock",
        "sponsored": false,
        "delivery_promise": "FREE delivery Tomorrow",
        "discount_amount": "Save $30.00"
      },
      {
        "position": 6,
        "surface": "featured",
        "name": "SoftNest Throw Blanket",
        "brand": "SoftNest",
        "price": 27.99,
        "currency": "USD",
        "old_price": 35.99,
        "has_markdown": true,
        "badge": "22% OFF",
        "discount_pct": 22,
        "availability": "in-stock",
        "sponsored": false,
        "delivery_promise": "FREE delivery Tomorrow",
        "discount_amount": "Save $8.00"
      },
      {
        "position": 7,
        "surface": "featured",
        "name": "The Last Library",
        "brand": "The",
        "price": 14.99,
        "currency": "USD",
        "old_price": 19.99,
        "has_markdown": true,
        "badge": "25% OFF",
        "discount_pct": 25,
        "availability": "in-stock",
        "sponsored": false,
        "delivery_promise": "FREE delivery Tomorrow",
        "discount_amount": "Save $5.00"
      },
      {
        "position": 8,
        "surface": "featured",
        "name": "Coding for Everyone",
        "brand": "Coding",
        "price": 21.99,
        "currency": "USD",
        "old_price": 26.99,
        "has_markdown": true,
        "badge": "19% OFF",
        "discount_pct": 19,
        "availability": "in-stock",
        "sponsored": false,
        "delivery_promise": "FREE delivery Tomorrow",
        "discount_amount": "Save $5.00"
      }
    ],
    "t3": {
      "total_products": 8,
      "sponsored_count": 0,
      "organic_count": 8,
      "discounted_count": 8,
      "full_price_count": 0,
      "out_of_stock_count": 0,
      "low_stock_count": 0,
      "discount_pct_min": 14,
      "discount_pct_max": 25,
      "discount_pct_median": 22,
      "price_min": 14.99,
      "price_max": 729.99,
      "price_currency": "USD"
    },
    "t4": {
      "hydration_events": [
        {
          "metric": "cart_hydration_time_ms",
          "value": 0
        }
      ],
      "css_hidden_blocks": [
        {
          "selector": "sr-only",
          "gated_copy": "Email address",
          "rendered": false
        }
      ],
      "metadata": {
        "meta_description": "Shop electronics, fashion, home essentials and books at SHOPORA with fast delivery and secure checkout."
      },
      "raw_url": "http://127.0.0.1:8080/"
    }
  },
  "budget": {
    "bytes_used": 3563,
    "hard_cap": 51200,
    "tiers_dropped": []
  },
  "privacy_metadata": {
    "pii_scrubbing_version": "0.2.0",
    "local_scrubbing_applied": true,
    "inputs_scrubbed": true,
    "scripts_removed": true,
    "styles_removed": true,
    "persistent_storage_used": false
  }
}

--- [2026-08-08T11:42:29.496Z] PAYLOAD: interaction_events ---
{
  "envelope_type": "interaction_events",
  "client_id": "shopora-prod",
  "session_token": "8ebd39f9-772c-48f4-80ce-a92268dbb42b",
  "flush_id": "673c888b-081a-4521-bb53-a287a994fd92",
  "flush_reason": "pagehide",
  "events": [
    {
      "event_id": "3efd2c5f-17e4-4e80-abac-e6b565517fea",
      "event_type": "wishlist_added",
      "timestamp": "2026-08-08T11:42:29.396Z",
      "page_type": "homepage",
      "page_url_path": "/",
      "sku": "el-2",
      "surface": "catalog-grid",
      "position": 1,
      "displayed_price": "$729.99"
    }
  ]
}

--- [2026-08-08T11:42:30.056Z] PAYLOAD: tier0-9 ---
{
  "schema_version": "0.2.0",
  "beacon_id": "df2d05b7-006e-4e0e-8df4-35e495f429a8",
  "client_id": "shopora-prod",
  "session_token": "68f6cbc2-f514-49f4-8438-6e4606f77b98",
  "tag_version": "0.2.0",
  "timestamp": "2026-08-08T11:42:30.042Z",
  "sampled": true,
  "page_type": "pdp",
  "page_url_path": "/pdp.html?id=el-2",
  "sequence_no": 1,
  "page_heading": "VoltMax 15.6\" Laptop",
  "breadcrumb": [
    "HOME /",
    "ELECTRONICS /",
    "VOLTMAX"
  ],
  "viewport": {
    "width": 1065,
    "height": 1138
  },
  "surface_id": "19e1062a-a4cb-4ca6-9831-b0a40695424b",
  "region": "en",
  "identity_summary": {
    "state": "unknown"
  },
  "visible_query": null,
  "program_match": null,
  "page": {
    "page_type": "pdp",
    "page_url": "http://127.0.0.1:8080/pdp.html?id=el-2"
  },
  "signals": {
    "t1": [
      {
        "position": 1,
        "surface": "hero",
        "name": "Product Specifications",
        "brand": "VoltMax Official",
        "price": 729.99,
        "currency": "USD",
        "old_price": 849.99,
        "has_markdown": true,
        "availability": "in-stock",
        "sponsored": false,
        "delivery_promise": "Order within 5 hrs",
        "visible_category_words": [
          "electronics"
        ],
        "badges": [
          "• High Demand"
        ]
      }
    ],
    "t4": {
      "hydration_events": [
        {
          "metric": "cart_hydration_time_ms",
          "value": 0
        }
      ],
      "css_hidden_blocks": [
        {
          "selector": "pdp-accordion-content",
          "gated_copy": "Standard Delivery: 3-5 business days. Free for orders over $50.\n                \n                \n  ",
          "rendered": false
        }
      ],
      "raw_url": "http://127.0.0.1:8080/pdp.html?id=el-2"
    }
  },
  "budget": {
    "bytes_used": 1134,
    "hard_cap": 51200,
    "tiers_dropped": []
  },
  "privacy_metadata": {
    "pii_scrubbing_version": "0.2.0",
    "local_scrubbing_applied": true,
    "inputs_scrubbed": true,
    "scripts_removed": true,
    "styles_removed": true,
    "persistent_storage_used": false
  }
}

--- [2026-08-08T11:43:14.153Z] PAYLOAD: tier0-9 ---
{
  "schema_version": "0.2.0",
  "beacon_id": "7b63f31c-bf85-46a6-ac40-fbe31c2c38ba",
  "client_id": "shopora-prod",
  "session_token": "1763d7df-3a71-48f9-87e9-dbf3d2ad33ba",
  "tag_version": "0.2.0",
  "timestamp": "2026-08-08T11:43:14.128Z",
  "sampled": true,
  "page_type": "category",
  "page_url_path": "/category.html",
  "sequence_no": 1,
  "page_heading": "All products",
  "breadcrumb": [],
  "viewport": {
    "width": 1065,
    "height": 1138
  },
  "surface_id": "1f089a1b-963c-4fab-8320-111a4cc32ef9",
  "region": "en",
  "identity_summary": {
    "state": "unknown"
  },
  "visible_query": null,
  "program_match": null,
  "page": {
    "page_type": "category",
    "page_url": "http://127.0.0.1:8080/category.html"
  },
  "signals": {
    "t1": [
      {
        "position": 1,
        "surface": "catalog-grid",
        "name": "NeoCharge 20W Fast Charger",
        "brand": "NeoCharge",
        "price": 19.99,
        "currency": "USD",
        "old_price": 29.99,
        "has_markdown": true,
        "badge": "33% OFF",
        "discount_pct": 33,
        "availability": "in-stock",
        "sponsored": false,
        "delivery_promise": "FREE delivery Tomorrow",
        "discount_amount": "Save $10.00"
      },
      {
        "position": 2,
        "surface": "catalog-grid",
        "name": "PowerCore 10,000mAh Bank",
        "brand": "PowerCore",
        "price": 27.99,
        "currency": "USD",
        "old_price": 34.99,
        "has_markdown": true,
        "badge": "20% OFF",
        "discount_pct": 20,
        "availability": "in-stock",
        "sponsored": false,
        "delivery_promise": "FREE delivery Tomorrow",
        "discount_amount": "Save $7.00"
      },
      {
        "position": 3,
        "surface": "catalog-grid",
        "name": "SoftNest Throw Blanket",
        "brand": "SoftNest",
        "price": 27.99,
        "currency": "USD",
        "old_price": 35.99,
        "has_markdown": true,
        "badge": "22% OFF",
        "discount_pct": 22,
        "availability": "in-stock",
        "sponsored": false,
        "delivery_promise": "FREE delivery Tomorrow",
        "discount_amount": "Save $8.00"
      },
      {
        "position": 4,
        "surface": "catalog-grid",
        "name": "PebbleBath Towel Set",
        "brand": "PebbleBath",
        "price": 31.99,
        "currency": "USD",
        "old_price": 41.99,
        "has_markdown": true,
        "badge": "24% OFF",
        "discount_pct": 24,
        "availability": "in-stock",
        "sponsored": false,
        "delivery_promise": "FREE delivery Tomorrow",
        "discount_amount": "Save $10.00"
      },
      {
        "position": 5,
        "surface": "catalog-grid",
        "name": "ApexView 55\" 4K HDR Smart TV",
        "brand": "ApexView",
        "price": 499.99,
        "currency": "USD",
        "old_price": 599.99,
        "has_markdown": true,
        "badge": "17% OFF",
        "discount_pct": 17,
        "availability": "in-stock",
        "sponsored": false,
        "delivery_promise": "FREE delivery Tomorrow",
        "discount_amount": "Save $100.00"
      },
      {
        "position": 6,
        "surface": "catalog-grid",
        "name": "MetroStride Running Shoes",
        "brand": "MetroStride",
        "price": 74.99,
        "currency": "USD",
        "old_price": 94.99,
        "has_markdown": true,
        "badge": "21% OFF",
        "discount_pct": 21,
        "availability": "in-stock",
        "sponsored": false,
        "delivery_promise": "FREE delivery Tomorrow",
        "discount_amount": "Save $20.00"
      },
      {
        "position": 7,
        "surface": "catalog-grid",
        "name": "The Last Library",
        "brand": "The",
        "price": 14.99,
        "currency": "USD",
        "old_price": 19.99,
        "has_markdown": true,
        "badge": "25% OFF",
        "discount_pct": 25,
        "availability": "in-stock",
        "sponsored": false,
        "delivery_promise": "FREE delivery Tomorrow",
        "discount_amount": "Save $5.00"
      },
      {
        "position": 8,
        "surface": "catalog-grid",
        "name": "Mastering Home Cooking",
        "brand": "Mastering",
        "price": 24.99,
        "currency": "USD",
        "old_price": 29.99,
        "has_markdown": true,
        "badge": "17% OFF",
        "discount_pct": 17,
        "availability": "in-stock",
        "sponsored": false,
        "delivery_promise": "FREE delivery Tomorrow",
        "discount_amount": "Save $5.00"
      },
      {
        "position": 9,
        "surface": "catalog-grid",
        "name": "Coding for Everyone",
        "brand": "Coding",
        "price": 21.99,
        "currency": "USD",
        "old_price": 26.99,
        "has_markdown": true,
        "badge": "19% OFF",
        "discount_pct": 19,
        "availability": "in-stock",
        "sponsored": false,
        "delivery_promise": "FREE delivery Tomorrow",
        "discount_amount": "Save $5.00"
      },
      {
        "position": 10,
        "surface": "catalog-grid",
        "name": "PulseTune Wireless Headphones",
        "brand": "PulseTune",
        "price": 89.99,
        "currency": "USD",
        "old_price": 119.99,
        "has_markdown": true,
        "badge": "25% OFF",
        "discount_pct": 25,
        "availability": "in-stock",
        "sponsored": false,
        "delivery_promise": "FREE delivery Tomorrow",
        "discount_amount": "Save $30.00"
      },
      {
        "position": 11,
        "surface": "catalog-grid",
        "name": "UrbanWeave Denim Jacket",
        "brand": "UrbanWeave",
        "price": 54.99,
        "currency": "USD",
        "old_price": 69.99,
        "has_markdown": true,
        "badge": "21% OFF",
        "discount_pct": 21,
        "availability": "in-stock",
        "sponsored": false,
        "delivery_promise": "FREE delivery Tomorrow",
        "discount_amount": "Save $15.00"
      },
      {
        "position": 12,
        "surface": "catalog-grid",
        "name": "SilkLine Summer Dress",
        "brand": "SilkLine",
        "price": 48.99,
        "currency": "USD",
        "old_price": 59.99,
        "has_markdown": true,
        "badge": "18% OFF",
        "discount_pct": 18,
        "availability": "in-stock",
        "sponsored": false,
        "delivery_promise": "FREE delivery Tomorrow",
        "discount_amount": "Save $11.00"
      },
      {
        "position": 13,
        "surface": "catalog-grid",
        "name": "Halo Knit Sweater",
        "brand": "Halo",
        "price": 44.99,
        "currency": "USD",
        "old_price": 58.99,
        "has_markdown": true,
        "badge": "24% OFF",
        "discount_pct": 24,
        "availability": "in-stock",
        "sponsored": false,
        "delivery_promise": "FREE delivery Tomorrow",
        "discount_amount": "Save $14.00"
      },
      {
        "position": 14,
        "surface": "catalog-grid",
        "name": "OakLine Coffee Table",
        "brand": "OakLine",
        "price": 129.99,
        "currency": "USD",
        "old_price": 159.99,
        "has_markdown": true,
        "badge": "19% OFF",
        "discount_pct": 19,
        "availability": "in-stock",
        "sponsored": false,
        "delivery_promise": "FREE delivery Tomorrow",
        "discount_amount": "Save $30.00"
      },
      {
        "position": 15,
        "surface": "catalog-grid",
        "name": "SnapCam 4K Action Camera",
        "brand": "SnapCam",
        "price": 159.99,
        "currency": "USD",
        "old_price": 199.99,
        "has_markdown": true,
        "badge": "20% OFF",
        "discount_pct": 20,
        "availability": "in-stock",
        "sponsored": false,
        "delivery_promise": "FREE delivery Tomorrow",
        "discount_amount": "Save $40.00"
      },
      {
        "position": 16,
        "surface": "catalog-grid",
        "name": "Frontier Leather Belt",
        "brand": "Frontier",
        "price": 24.99,
        "currency": "USD",
        "old_price": 31.99,
        "has_markdown": true,
        "badge": "22% OFF",
        "discount_pct": 22,
        "availability": "in-stock",
        "sponsored": false,
        "delivery_promise": "FREE delivery Tomorrow",
        "discount_amount": "Save $7.00"
      },
      {
        "position": 17,
        "surface": "catalog-grid",
        "name": "SparkStone Candle Set",
        "brand": "SparkStone",
        "price": 22.99,
        "currency": "USD",
        "old_price": 28.99,
        "has_markdown": true,
        "badge": "21% OFF",
        "discount_pct": 21,
        "availability": "in-stock",
        "sponsored": false,
        "delivery_promise": "FREE delivery Tomorrow",
        "discount_amount": "Save $6.00"
      },
      {
        "position": 18,
        "surface": "catalog-grid",
        "name": "A Year of Sketches",
        "brand": "A",
        "price": 20.99,
        "currency": "USD",
        "old_price": 25.99,
        "has_markdown": true,
        "badge": "19% OFF",
        "discount_pct": 19,
        "availability": "in-stock",
        "sponsored": false,
        "delivery_promise": "FREE delivery Tomorrow",
        "discount_amount": "Save $5.00"
      },
      {
        "position": 19,
        "surface": "catalog-grid",
        "name": "SwiftPad Tablet 10.5\"",
        "brand": "SwiftPad",
        "price": 219.99,
        "currency": "USD",
        "old_price": 259.99,
        "has_markdown": true,
        "badge": "15% OFF",
        "discount_pct": 15,
        "availability": "in-stock",
        "sponsored": false,
        "delivery_promise": "FREE delivery Tomorrow",
        "discount_amount": "Save $40.00"
      },
      {
        "position": 20,
        "surface": "catalog-grid",
        "name": "Northline Hoodie",
        "brand": "Northline",
        "price": 42.99,
        "currency": "USD",
        "old_price": 54.99,
        "has_markdown": true,
        "badge": "22% OFF",
        "discount_pct": 22,
        "availability": "in-stock",
        "sponsored": false,
        "delivery_promise": "FREE delivery Tomorrow",
        "discount_amount": "Save $12.00"
      },
      {
        "position": 21,
        "surface": "catalog-grid",
        "name": "World Atlas for Kids",
        "brand": "World",
        "price": 18.99,
        "currency": "USD",
        "old_price": 22.99,
        "has_markdown": true,
        "badge": "17% OFF",
        "discount_pct": 17,
        "availability": "in-stock",
        "sponsored": false,
        "delivery_promise": "FREE delivery Tomorrow",
        "discount_amount": "Save $4.00"
      },
      {
        "position": 22,
        "surface": "catalog-grid",
        "name": "History in 100 Objects",
        "brand": "History",
        "price": 23.99,
        "currency": "USD",
        "old_price": 29.99,
        "has_markdown": true,
        "badge": "20% OFF",
        "discount_pct": 20,
        "availability": "in-stock",
        "sponsored": false,
        "delivery_promise": "FREE delivery Tomorrow",
        "discount_amount": "Save $6.00"
      },
      {
        "position": 23,
        "surface": "catalog-grid",
        "name": "Orbit Pro Gaming Mouse",
        "brand": "Orbit",
        "price": 29.99,
        "currency": "USD",
        "old_price": 39.99,
        "has_markdown": true,
        "badge": "25% OFF",
        "discount_pct": 25,
        "availability": "in-stock",
        "sponsored": false,
        "delivery_promise": "FREE delivery Tomorrow",
        "discount_amount": "Save $10.00"
      },
      {
        "position": 24,
        "surface": "catalog-grid",
        "name": "AeroTrack Joggers",
        "brand": "AeroTrack",
        "price": 33.99,
        "currency": "USD",
        "old_price": 43.99,
        "has_markdown": true,
        "badge": "23% OFF",
        "discount_pct": 23,
        "availability": "in-stock",
        "sponsored": false,
        "delivery_promise": "FREE delivery Tomorrow",
        "discount_amount": "Save $10.00"
      },
      {
        "position": 25,
        "surface": "catalog-grid",
        "name": "LuxeGlow Table Lamp",
        "brand": "LuxeGlow",
        "price": 39.99,
        "currency": "USD",
        "old_price": 49.99,
        "has_markdown": true,
        "badge": "20% OFF",
        "discount_pct": 20,
        "availability": "in-stock",
        "sponsored": false,
        "delivery_promise": "FREE delivery Tomorrow",
        "discount_amount": "Save $10.00"
      }
    ],
    "t3": {
      "total_products": 25,
      "sponsored_count": 0,
      "organic_count": 25,
      "discounted_count": 25,
      "full_price_count": 0,
      "out_of_stock_count": 0,
      "low_stock_count": 0,
      "discount_pct_min": 15,
      "discount_pct_max": 33,
      "discount_pct_median": 21,
      "price_min": 14.99,
      "price_max": 499.99,
      "price_currency": "USD"
    },
    "t4": {
      "hydration_events": [
        {
          "metric": "cart_hydration_time_ms",
          "value": 0
        }
      ],
      "result_count_stated": 60,
      "result_count_rendered": 25,
      "result_count_match": false,
      "css_hidden_blocks": [
        {
          "selector": "empty-results",
          "gated_copy": "⌕\n                                        No products found\n                                        ",
          "rendered": false
        }
      ],
      "metadata": {
        "meta_description": "Browse and filter all SHOPORA products."
      },
      "raw_url": "http://127.0.0.1:8080/category.html"
    }
  },
  "budget": {
    "bytes_used": 9084,
    "hard_cap": 51200,
    "tiers_dropped": []
  },
  "privacy_metadata": {
    "pii_scrubbing_version": "0.2.0",
    "local_scrubbing_applied": true,
    "inputs_scrubbed": true,
    "scripts_removed": true,
    "styles_removed": true,
    "persistent_storage_used": false
  }
}

--- [2026-08-08T11:44:09.415Z] PAYLOAD: interaction_events ---
{
  "envelope_type": "interaction_events",
  "client_id": "shopora-prod",
  "session_token": "1763d7df-3a71-48f9-87e9-dbf3d2ad33ba",
  "flush_id": "c45a3877-c9f1-4827-b1fd-63700d111633",
  "flush_reason": "pagehide",
  "events": [
    {
      "event_id": "71ec2501-7901-4a02-86c9-9e9789112958",
      "event_type": "wishlist_added",
      "timestamp": "2026-08-08T11:44:09.333Z",
      "page_type": "category",
      "page_url_path": "/category.html",
      "sku": "ho-9",
      "surface": "catalog-grid",
      "position": 17,
      "displayed_price": "$22.99"
    }
  ]
}

--- [2026-08-08T11:44:10.008Z] PAYLOAD: tier0-9 ---
{
  "schema_version": "0.2.0",
  "beacon_id": "6c3b0c4f-4f61-460a-af1b-266857c0f500",
  "client_id": "shopora-prod",
  "session_token": "9476964d-d1eb-46ba-a6ae-8c0b15d7a394",
  "tag_version": "0.2.0",
  "timestamp": "2026-08-08T11:44:09.992Z",
  "sampled": true,
  "page_type": "pdp",
  "page_url_path": "/pdp.html?id=ho-9",
  "sequence_no": 1,
  "page_heading": "SparkStone Candle Set",
  "breadcrumb": [
    "HOME /",
    "HOME /",
    "SPARKSTONE"
  ],
  "viewport": {
    "width": 1065,
    "height": 1138
  },
  "surface_id": "d0ff32b4-d629-49b3-8b7f-19096be819f2",
  "region": "en",
  "identity_summary": {
    "state": "unknown"
  },
  "visible_query": null,
  "program_match": null,
  "page": {
    "page_type": "pdp",
    "page_url": "http://127.0.0.1:8080/pdp.html?id=ho-9"
  },
  "signals": {
    "t1": [
      {
        "position": 1,
        "surface": "hero",
        "name": "Product Specifications",
        "brand": "SparkStone Official",
        "price": 22.99,
        "currency": "USD",
        "old_price": 28.99,
        "has_markdown": true,
        "badge": "SAVE 21%",
        "discount_pct": 21,
        "availability": "in-stock",
        "sponsored": false,
        "delivery_promise": "Order within 5 hrs",
        "visible_category_words": [
          "home"
        ],
        "badges": [
          "• High Demand"
        ]
      }
    ],
    "t4": {
      "hydration_events": [
        {
          "metric": "cart_hydration_time_ms",
          "value": 0
        }
      ],
      "css_hidden_blocks": [
        {
          "selector": "pdp-accordion-content",
          "gated_copy": "Standard Delivery: 3-5 business days. Free for orders over $50.\n                \n                \n  ",
          "rendered": false
        }
      ],
      "raw_url": "http://127.0.0.1:8080/pdp.html?id=ho-9"
    }
  },
  "budget": {
    "bytes_used": 1161,
    "hard_cap": 51200,
    "tiers_dropped": []
  },
  "privacy_metadata": {
    "pii_scrubbing_version": "0.2.0",
    "local_scrubbing_applied": true,
    "inputs_scrubbed": true,
    "scripts_removed": true,
    "styles_removed": true,
    "persistent_storage_used": false
  }
}

--- [2026-08-08T11:44:22.326Z] PAYLOAD: tier0-9 ---
{
  "schema_version": "0.2.0",
  "beacon_id": "cdc8491f-783a-4106-b885-3a71fba7968d",
  "client_id": "shopora-prod",
  "session_token": "91624581-ca36-477b-8f87-0e4a91271747",
  "tag_version": "0.2.0",
  "timestamp": "2026-08-08T11:44:22.306Z",
  "sampled": true,
  "page_type": "homepage",
  "page_url_path": "/index.html",
  "sequence_no": 1,
  "page_heading": "Upgrade your everyday for less.",
  "breadcrumb": [],
  "viewport": {
    "width": 1065,
    "height": 1138
  },
  "surface_id": "17b54cd2-c8f7-44ee-906a-ed91b186c9b7",
  "region": "en",
  "identity_summary": {
    "state": "unknown"
  },
  "visible_query": null,
  "program_match": null,
  "page": {
    "page_type": "homepage",
    "page_url": "http://127.0.0.1:8080/index.html"
  },
  "signals": {
    "t1": [
      {
        "position": 1,
        "surface": "featured",
        "name": "VoltMax 15.6\" Laptop",
        "brand": "VoltMax",
        "price": 729.99,
        "currency": "USD",
        "old_price": 849.99,
        "has_markdown": true,
        "badge": "14% OFF",
        "discount_pct": 14,
        "availability": "in-stock",
        "sponsored": false,
        "delivery_promise": "FREE delivery Tomorrow",
        "discount_amount": "Save $120.00"
      },
      {
        "position": 2,
        "surface": "featured",
        "name": "PulseTune Wireless Headphones",
        "brand": "PulseTune",
        "price": 89.99,
        "currency": "USD",
        "old_price": 119.99,
        "has_markdown": true,
        "badge": "25% OFF",
        "discount_pct": 25,
        "availability": "in-stock",
        "sponsored": false,
        "delivery_promise": "FREE delivery Tomorrow",
        "discount_amount": "Save $30.00"
      },
      {
        "position": 3,
        "surface": "featured",
        "name": "Luna Cotton Graphic Tee",
        "brand": "Luna",
        "price": 18.99,
        "currency": "USD",
        "old_price": 24.99,
        "has_markdown": true,
        "badge": "24% OFF",
        "discount_pct": 24,
        "availability": "in-stock",
        "sponsored": false,
        "delivery_promise": "FREE delivery Tomorrow",
        "discount_amount": "Save $6.00"
      },
      {
        "position": 4,
        "surface": "featured",
        "name": "MetroStride Running Shoes",
        "brand": "MetroStride",
        "price": 74.99,
        "currency": "USD",
        "old_price": 94.99,
        "has_markdown": true,
        "badge": "21% OFF",
        "discount_pct": 21,
        "availability": "in-stock",
        "sponsored": false,
        "delivery_promise": "FREE delivery Tomorrow",
        "discount_amount": "Save $20.00"
      },
      {
        "position": 5,
        "surface": "featured",
        "name": "OakLine Coffee Table",
        "brand": "OakLine",
        "price": 129.99,
        "currency": "USD",
        "old_price": 159.99,
        "has_markdown": true,
        "badge": "19% OFF",
        "discount_pct": 19,
        "availability": "in-stock",
        "sponsored": false,
        "delivery_promise": "FREE delivery Tomorrow",
        "discount_amount": "Save $30.00"
      },
      {
        "position": 6,
        "surface": "featured",
        "name": "SoftNest Throw Blanket",
        "brand": "SoftNest",
        "price": 27.99,
        "currency": "USD",
        "old_price": 35.99,
        "has_markdown": true,
        "badge": "22% OFF",
        "discount_pct": 22,
        "availability": "in-stock",
        "sponsored": false,
        "delivery_promise": "FREE delivery Tomorrow",
        "discount_amount": "Save $8.00"
      },
      {
        "position": 7,
        "surface": "featured",
        "name": "The Last Library",
        "brand": "The",
        "price": 14.99,
        "currency": "USD",
        "old_price": 19.99,
        "has_markdown": true,
        "badge": "25% OFF",
        "discount_pct": 25,
        "availability": "in-stock",
        "sponsored": false,
        "delivery_promise": "FREE delivery Tomorrow",
        "discount_amount": "Save $5.00"
      },
      {
        "position": 8,
        "surface": "featured",
        "name": "Coding for Everyone",
        "brand": "Coding",
        "price": 21.99,
        "currency": "USD",
        "old_price": 26.99,
        "has_markdown": true,
        "badge": "19% OFF",
        "discount_pct": 19,
        "availability": "in-stock",
        "sponsored": false,
        "delivery_promise": "FREE delivery Tomorrow",
        "discount_amount": "Save $5.00"
      }
    ],
    "t3": {
      "total_products": 8,
      "sponsored_count": 0,
      "organic_count": 8,
      "discounted_count": 8,
      "full_price_count": 0,
      "out_of_stock_count": 0,
      "low_stock_count": 0,
      "discount_pct_min": 14,
      "discount_pct_max": 25,
      "discount_pct_median": 22,
      "price_min": 14.99,
      "price_max": 729.99,
      "price_currency": "USD"
    },
    "t4": {
      "hydration_events": [
        {
          "metric": "cart_hydration_time_ms",
          "value": 0
        }
      ],
      "css_hidden_blocks": [
        {
          "selector": "sr-only",
          "gated_copy": "Email address",
          "rendered": false
        }
      ],
      "metadata": {
        "meta_description": "Shop electronics, fashion, home essentials and books at SHOPORA with fast delivery and secure checkout."
      },
      "raw_url": "http://127.0.0.1:8080/index.html"
    }
  },
  "budget": {
    "bytes_used": 3583,
    "hard_cap": 51200,
    "tiers_dropped": []
  },
  "privacy_metadata": {
    "pii_scrubbing_version": "0.2.0",
    "local_scrubbing_applied": true,
    "inputs_scrubbed": true,
    "scripts_removed": true,
    "styles_removed": true,
    "persistent_storage_used": false
  }
}

--- [2026-08-08T11:44:37.320Z] PAYLOAD: interaction_events ---
{
  "envelope_type": "interaction_events",
  "client_id": "shopora-prod",
  "session_token": "91624581-ca36-477b-8f87-0e4a91271747",
  "flush_id": "5e4dfa00-4731-4621-9c66-a134aaf8bfbf",
  "flush_reason": "time",
  "events": [
    {
      "event_id": "3b5f4887-8889-4d28-ba5a-7e48d12ca236",
      "event_type": "quick_view_opened",
      "timestamp": "2026-08-08T11:44:27.922Z",
      "page_type": "homepage",
      "page_url_path": "/index.html",
      "sku": "el-3",
      "surface": "catalog-grid",
      "position": 2
    }
  ]
}

--- [2026-08-08T11:44:52.314Z] PAYLOAD: interaction_events ---
{
  "envelope_type": "interaction_events",
  "client_id": "shopora-prod",
  "session_token": "91624581-ca36-477b-8f87-0e4a91271747",
  "flush_id": "b855da76-5198-49e3-a541-f82584e94271",
  "flush_reason": "time",
  "events": [
    {
      "event_id": "490cf08e-19ba-4dce-98e4-d3475c993097",
      "event_type": "quick_view_opened",
      "timestamp": "2026-08-08T11:44:46.018Z",
      "page_type": "homepage",
      "page_url_path": "/index.html",
      "sku": null,
      "surface": "catalog-grid",
      "position": 1
    },
    {
      "event_id": "5d8d4cb3-6ff3-4865-8b9b-fc8a475324c2",
      "event_type": "quick_view_opened",
      "timestamp": "2026-08-08T11:44:48.221Z",
      "page_type": "homepage",
      "page_url_path": "/index.html",
      "sku": "bo-10",
      "surface": "catalog-grid",
      "position": 8
    }
  ]
}

--- [2026-08-08T11:45:07.309Z] PAYLOAD: interaction_events ---
{
  "envelope_type": "interaction_events",
  "client_id": "shopora-prod",
  "session_token": "91624581-ca36-477b-8f87-0e4a91271747",
  "flush_id": "9611c4a4-5e4c-4cc2-82b0-d09b1f2451f7",
  "flush_reason": "time",
  "events": [
    {
      "event_id": "081b4e38-ea19-49ad-a52f-1756b0c2f3fb",
      "event_type": "quick_view_opened",
      "timestamp": "2026-08-08T11:45:04.168Z",
      "page_type": "homepage",
      "page_url_path": "/index.html",
      "sku": null,
      "surface": "catalog-grid",
      "position": 1
    }
  ]
}

--- [2026-08-08T11:45:37.323Z] PAYLOAD: interaction_events ---
{
  "envelope_type": "interaction_events",
  "client_id": "shopora-prod",
  "session_token": "91624581-ca36-477b-8f87-0e4a91271747",
  "flush_id": "1f61e3ef-065e-47a3-99b7-7ca3eb00ad16",
  "flush_reason": "time",
  "events": [
    {
      "event_id": "f4d99335-6b52-48a9-b495-92b42b33d911",
      "event_type": "quick_view_opened",
      "timestamp": "2026-08-08T11:45:25.639Z",
      "page_type": "homepage",
      "page_url_path": "/index.html",
      "sku": "el-3",
      "surface": "catalog-grid",
      "position": 2
    },
    {
      "event_id": "62bf78c4-1295-4958-82a6-031a417fcd57",
      "event_type": "quick_view_opened",
      "timestamp": "2026-08-08T11:45:28.141Z",
      "page_type": "homepage",
      "page_url_path": "/index.html",
      "sku": null,
      "surface": "catalog-grid",
      "position": 1
    }
  ]
}

--- [2026-08-08T11:47:07.325Z] PAYLOAD: interaction_events ---
{
  "envelope_type": "interaction_events",
  "client_id": "shopora-prod",
  "session_token": "91624581-ca36-477b-8f87-0e4a91271747",
  "flush_id": "d6089333-fe59-474d-8def-a34734d5441a",
  "flush_reason": "time",
  "events": [
    {
      "event_id": "19206a2f-7688-47e1-aaeb-41955d1c7c57",
      "event_type": "add_to_cart",
      "timestamp": "2026-08-08T11:46:52.546Z",
      "page_type": "homepage",
      "page_url_path": "/index.html",
      "sku": null,
      "surface": "catalog-grid",
      "position": 2,
      "displayed_price": "$89.99",
      "displayed_currency": "$"
    },
    {
      "event_id": "6cedcd0a-ab80-4ffa-8674-b2025afc079f",
      "event_type": "add_to_cart",
      "timestamp": "2026-08-08T11:46:54.280Z",
      "page_type": "homepage",
      "page_url_path": "/index.html",
      "sku": null,
      "surface": "catalog-grid",
      "position": 3,
      "displayed_price": "$18.99",
      "displayed_currency": "$"
    },
    {
      "event_id": "90dda569-d217-440b-a9c3-a76c2dca305e",
      "event_type": "add_to_cart",
      "timestamp": "2026-08-08T11:46:54.574Z",
      "page_type": "homepage",
      "page_url_path": "/index.html",
      "sku": null,
      "surface": "catalog-grid",
      "position": 3,
      "displayed_price": "$18.99",
      "displayed_currency": "$"
    }
  ]
}

--- [2026-08-08T11:47:13.674Z] PAYLOAD: tier0-9 ---
{
  "schema_version": "0.2.0",
  "beacon_id": "ec93ac94-532d-472e-8dd3-a4d99b2ce6da",
  "client_id": "shopora-prod",
  "session_token": "5e1d7669-e146-4445-b2ae-759ac388b1b6",
  "tag_version": "0.2.0",
  "timestamp": "2026-08-08T11:47:13.653Z",
  "sampled": true,
  "page_type": "cart",
  "page_url_path": "/cart.html",
  "sequence_no": 1,
  "page_heading": "Shopping cart",
  "breadcrumb": [],
  "viewport": {
    "width": 1065,
    "height": 1138
  },
  "surface_id": "98e2af16-798f-4ea1-9176-b2dba7c6010f",
  "region": "en",
  "identity_summary": {
    "state": "unknown"
  },
  "visible_query": null,
  "program_match": null,
  "page": {
    "page_type": "cart",
    "page_url": "http://127.0.0.1:8080/cart.html"
  },
  "signals": {
    "t1": [],
    "t2": {
      "page_context": "cart",
      "line_items": [
        {
          "name": "PulseTune Wireless Headphones",
          "quantity": 1,
          "line_total": "$89.99",
          "price": "$89.99",
          "old_price": "$119.99",
          "discount": "25% off"
        },
        {
          "name": "Luna Cotton Graphic Tee",
          "quantity": 2,
          "line_total": "$37.98",
          "price": "$37.98",
          "old_price": "$49.98",
          "discount": "24% off"
        }
      ],
      "subtotal": "$127.97",
      "total": "$127.97",
      "savings_shown": "$42.00",
      "delivery_cost": "FREE",
      "subtotal_numeric": 127.97,
      "total_numeric": 127.97,
      "savings_numeric": 42,
      "item_count": 3,
      "promo_field_state": "not-present",
      "promo_field_present": false,
      "checkout_reachable": true,
      "shipping_bar_shown": true,
      "loyalty_balance_rendered": false,
      "shipping_threshold_message": "✓ You unlocked FREE delivery!",
      "free_shipping_eligibility": "unknown"
    },
    "t4": {
      "hydration_events": [
        {
          "metric": "cart_hydration_time_ms",
          "value": 56
        }
      ],
      "cart_math_match": true,
      "css_hidden_blocks": [],
      "raw_url": "http://127.0.0.1:8080/cart.html"
    }
  },
  "budget": {
    "bytes_used": 1339,
    "hard_cap": 51200,
    "tiers_dropped": []
  },
  "privacy_metadata": {
    "pii_scrubbing_version": "0.2.0",
    "local_scrubbing_applied": true,
    "inputs_scrubbed": true,
    "scripts_removed": true,
    "styles_removed": true,
    "persistent_storage_used": false
  }
}

--- [2026-08-08T11:47:28.485Z] PAYLOAD: interaction_events ---
{
  "envelope_type": "interaction_events",
  "client_id": "shopora-prod",
  "session_token": "5e1d7669-e146-4445-b2ae-759ac388b1b6",
  "flush_id": "6aa1283f-197d-41cc-9925-666b26b10483",
  "flush_reason": "time",
  "events": [
    {
      "event_id": "59e55cff-7c99-48b8-9f09-1b1536110215",
      "event_type": "quantity_changed",
      "timestamp": "2026-08-08T11:47:18.975Z",
      "page_type": "cart",
      "page_url_path": "/cart.html",
      "sku": "el-3",
      "quantity_before": 1,
      "quantity_after": 0,
      "line_total_before": "$89.99",
      "line_total_after": null
    }
  ]
}

--- [2026-08-08T11:47:43.479Z] PAYLOAD: interaction_events ---
{
  "envelope_type": "interaction_events",
  "client_id": "shopora-prod",
  "session_token": "5e1d7669-e146-4445-b2ae-759ac388b1b6",
  "flush_id": "5839f829-74de-420e-9b50-491f195a2c9d",
  "flush_reason": "time",
  "events": [
    {
      "event_id": "fa1c62c5-5a07-4b6d-810e-cd76df3be543",
      "event_type": "quantity_changed",
      "timestamp": "2026-08-08T11:47:34.499Z",
      "page_type": "cart",
      "page_url_path": "/cart.html",
      "sku": "fa-2",
      "quantity_before": 2,
      "quantity_after": 3,
      "line_total_before": "$37.98",
      "line_total_after": null
    }
  ]
}

--- [2026-08-08T11:47:58.491Z] PAYLOAD: interaction_events ---
{
  "envelope_type": "interaction_events",
  "client_id": "shopora-prod",
  "session_token": "5e1d7669-e146-4445-b2ae-759ac388b1b6",
  "flush_id": "5e00d968-930a-4b19-ac9b-dd12ebec9341",
  "flush_reason": "time",
  "events": [
    {
      "event_id": "0fc46c78-f39e-4748-954e-6a3a0dedf9bb",
      "event_type": "quantity_changed",
      "timestamp": "2026-08-08T11:47:58.464Z",
      "page_type": "cart",
      "page_url_path": "/cart.html",
      "sku": "fa-2",
      "quantity_before": 3,
      "quantity_after": 4,
      "line_total_before": "$56.97",
      "line_total_after": null
    }
  ]
}

--- [2026-08-08T11:48:13.490Z] PAYLOAD: interaction_events ---
{
  "envelope_type": "interaction_events",
  "client_id": "shopora-prod",
  "session_token": "5e1d7669-e146-4445-b2ae-759ac388b1b6",
  "flush_id": "182c38bc-b6da-4569-8cc1-a632176ef4d7",
  "flush_reason": "time",
  "events": [
    {
      "event_id": "03f6a802-23ca-41df-9bed-b1814e9cedc0",
      "event_type": "quantity_changed",
      "timestamp": "2026-08-08T11:48:05.810Z",
      "page_type": "cart",
      "page_url_path": "/cart.html",
      "sku": "fa-2",
      "quantity_before": 4,
      "quantity_after": 5,
      "line_total_before": "$75.96",
      "line_total_after": null
    }
  ]
}

--- [2026-08-08T11:48:43.477Z] PAYLOAD: interaction_events ---
{
  "envelope_type": "interaction_events",
  "client_id": "shopora-prod",
  "session_token": "5e1d7669-e146-4445-b2ae-759ac388b1b6",
  "flush_id": "c675473b-2f95-41fc-9c68-4c9c606fa5ef",
  "flush_reason": "time",
  "events": [
    {
      "event_id": "baf5921b-e220-4c60-ba62-795b2de19ce5",
      "event_type": "quantity_changed",
      "timestamp": "2026-08-08T11:48:31.268Z",
      "page_type": "cart",
      "page_url_path": "/cart.html",
      "sku": "fa-2",
      "quantity_before": 5,
      "quantity_after": 4,
      "line_total_before": "$94.95",
      "line_total_after": null
    }
  ]
}

--- [2026-08-08T12:35:08.173Z] PAYLOAD: tier0-9 ---
{
  "schema_version": "0.2.0",
  "beacon_id": "a779b429-43fe-4cd4-97dd-e1e662053777",
  "client_id": "shopora-prod",
  "session_token": "026fa1ca-9ee8-4b08-8e73-6eccad5e9512",
  "tag_version": "0.2.0",
  "timestamp": "2026-08-08T12:35:08.155Z",
  "sampled": true,
  "page_type": "homepage",
  "page_url_path": "/",
  "sequence_no": 1,
  "page_heading": "Upgrade your everyday for less.",
  "breadcrumb": [],
  "viewport": {
    "width": 1065,
    "height": 1138
  },
  "surface_id": "3097dd24-8208-418f-bf60-56017d943437",
  "region": "en",
  "identity_summary": {
    "state": "unknown"
  },
  "visible_query": null,
  "program_match": null,
  "page": {
    "page_type": "homepage",
    "page_url": "http://127.0.0.1:8080/"
  },
  "signals": {
    "t1": [
      {
        "position": 1,
        "surface": "featured",
        "name": "VoltMax 15.6\" Laptop",
        "brand": "VoltMax",
        "price": 729.99,
        "currency": "USD",
        "old_price": 849.99,
        "has_markdown": true,
        "badge": "14% OFF",
        "discount_pct": 14,
        "availability": "in-stock",
        "sponsored": false,
        "delivery_promise": "FREE delivery Tomorrow",
        "discount_amount": "Save $120.00"
      },
      {
        "position": 2,
        "surface": "featured",
        "name": "PulseTune Wireless Headphones",
        "brand": "PulseTune",
        "price": 89.99,
        "currency": "USD",
        "old_price": 119.99,
        "has_markdown": true,
        "badge": "25% OFF",
        "discount_pct": 25,
        "availability": "in-stock",
        "sponsored": false,
        "delivery_promise": "FREE delivery Tomorrow",
        "discount_amount": "Save $30.00"
      },
      {
        "position": 3,
        "surface": "featured",
        "name": "Luna Cotton Graphic Tee",
        "brand": "Luna",
        "price": 18.99,
        "currency": "USD",
        "old_price": 24.99,
        "has_markdown": true,
        "badge": "24% OFF",
        "discount_pct": 24,
        "availability": "in-stock",
        "sponsored": false,
        "delivery_promise": "FREE delivery Tomorrow",
        "discount_amount": "Save $6.00"
      },
      {
        "position": 4,
        "surface": "featured",
        "name": "MetroStride Running Shoes",
        "brand": "MetroStride",
        "price": 74.99,
        "currency": "USD",
        "old_price": 94.99,
        "has_markdown": true,
        "badge": "21% OFF",
        "discount_pct": 21,
        "availability": "in-stock",
        "sponsored": false,
        "delivery_promise": "FREE delivery Tomorrow",
        "discount_amount": "Save $20.00"
      },
      {
        "position": 5,
        "surface": "featured",
        "name": "OakLine Coffee Table",
        "brand": "OakLine",
        "price": 129.99,
        "currency": "USD",
        "old_price": 159.99,
        "has_markdown": true,
        "badge": "19% OFF",
        "discount_pct": 19,
        "availability": "in-stock",
        "sponsored": false,
        "delivery_promise": "FREE delivery Tomorrow",
        "discount_amount": "Save $30.00"
      },
      {
        "position": 6,
        "surface": "featured",
        "name": "SoftNest Throw Blanket",
        "brand": "SoftNest",
        "price": 27.99,
        "currency": "USD",
        "old_price": 35.99,
        "has_markdown": true,
        "badge": "22% OFF",
        "discount_pct": 22,
        "availability": "in-stock",
        "sponsored": false,
        "delivery_promise": "FREE delivery Tomorrow",
        "discount_amount": "Save $8.00"
      },
      {
        "position": 7,
        "surface": "featured",
        "name": "The Last Library",
        "brand": "The",
        "price": 14.99,
        "currency": "USD",
        "old_price": 19.99,
        "has_markdown": true,
        "badge": "25% OFF",
        "discount_pct": 25,
        "availability": "in-stock",
        "sponsored": false,
        "delivery_promise": "FREE delivery Tomorrow",
        "discount_amount": "Save $5.00"
      },
      {
        "position": 8,
        "surface": "featured",
        "name": "Coding for Everyone",
        "brand": "Coding",
        "price": 21.99,
        "currency": "USD",
        "old_price": 26.99,
        "has_markdown": true,
        "badge": "19% OFF",
        "discount_pct": 19,
        "availability": "in-stock",
        "sponsored": false,
        "delivery_promise": "FREE delivery Tomorrow",
        "discount_amount": "Save $5.00"
      }
    ],
    "t3": {
      "total_products": 8,
      "sponsored_count": 0,
      "organic_count": 8,
      "discounted_count": 8,
      "full_price_count": 0,
      "out_of_stock_count": 0,
      "low_stock_count": 0,
      "discount_pct_min": 14,
      "discount_pct_max": 25,
      "discount_pct_median": 22,
      "price_min": 14.99,
      "price_max": 729.99,
      "price_currency": "USD"
    },
    "t4": {
      "hydration_events": [
        {
          "metric": "cart_hydration_time_ms",
          "value": 0
        }
      ],
      "css_hidden_blocks": [
        {
          "selector": "sr-only",
          "gated_copy": "Email address",
          "rendered": false
        }
      ],
      "metadata": {
        "meta_description": "Shop electronics, fashion, home essentials and books at SHOPORA with fast delivery and secure checkout."
      },
      "raw_url": "http://127.0.0.1:8080/"
    }
  },
  "budget": {
    "bytes_used": 3563,
    "hard_cap": 51200,
    "tiers_dropped": []
  },
  "privacy_metadata": {
    "pii_scrubbing_version": "0.2.0",
    "local_scrubbing_applied": true,
    "inputs_scrubbed": true,
    "scripts_removed": true,
    "styles_removed": true,
    "persistent_storage_used": false
  }
}

--- [2026-08-08T12:35:23.088Z] PAYLOAD: interaction_events ---
{
  "envelope_type": "interaction_events",
  "client_id": "shopora-prod",
  "session_token": "026fa1ca-9ee8-4b08-8e73-6eccad5e9512",
  "flush_id": "8defcf44-dbbe-46e7-9d50-bd2df38bd17a",
  "flush_reason": "time",
  "events": [
    {
      "event_id": "988dec25-1d31-43e3-a8e4-4f2eab8dfd84",
      "event_type": "add_to_cart",
      "timestamp": "2026-08-08T12:35:21.846Z",
      "page_type": "homepage",
      "page_url_path": "/",
      "sku": null,
      "surface": "catalog-grid",
      "position": 1,
      "displayed_price": "$729.99",
      "displayed_currency": "$"
    },
    {
      "event_id": "857e0ccb-1c12-45d6-88b3-edd06a717d77",
      "event_type": "add_to_cart",
      "timestamp": "2026-08-08T12:35:22.751Z",
      "page_type": "homepage",
      "page_url_path": "/",
      "sku": null,
      "surface": "catalog-grid",
      "position": 2,
      "displayed_price": "$89.99",
      "displayed_currency": "$"
    }
  ]
}

--- [2026-08-08T12:35:38.084Z] PAYLOAD: interaction_events ---
{
  "envelope_type": "interaction_events",
  "client_id": "shopora-prod",
  "session_token": "026fa1ca-9ee8-4b08-8e73-6eccad5e9512",
  "flush_id": "94c7455a-ca90-41c9-aa1e-b2fe322d358a",
  "flush_reason": "time",
  "events": [
    {
      "event_id": "17a60823-9f9e-4154-bd39-75383962db0a",
      "event_type": "add_to_cart",
      "timestamp": "2026-08-08T12:35:23.488Z",
      "page_type": "homepage",
      "page_url_path": "/",
      "sku": null,
      "surface": "catalog-grid",
      "position": 3,
      "displayed_price": "$18.99",
      "displayed_currency": "$"
    }
  ]
}

--- [2026-08-08T12:35:45.886Z] PAYLOAD: tier0-9 ---
{
  "schema_version": "0.2.0",
  "beacon_id": "f76fe547-d942-4ac0-956b-386ddee2a7ef",
  "client_id": "shopora-prod",
  "session_token": "b70309dc-340d-422d-a94c-d4be41aad459",
  "tag_version": "0.2.0",
  "timestamp": "2026-08-08T12:35:45.878Z",
  "sampled": true,
  "page_type": "cart",
  "page_url_path": "/cart.html",
  "sequence_no": 1,
  "page_heading": "Shopping cart",
  "breadcrumb": [],
  "viewport": {
    "width": 1065,
    "height": 1138
  },
  "surface_id": "5ba1e81e-c09f-4230-9a5d-c301aeb159e0",
  "region": "en",
  "identity_summary": {
    "state": "unknown"
  },
  "visible_query": null,
  "program_match": null,
  "page": {
    "page_type": "cart",
    "page_url": "http://127.0.0.1:8080/cart.html"
  },
  "signals": {
    "t1": [],
    "t2": {
      "page_context": "cart",
      "line_items": [
        {
          "name": "VoltMax 15.6\" Laptop",
          "quantity": 1,
          "line_total": "$729.99",
          "price": "$729.99",
          "old_price": "$849.99",
          "discount": "14% off"
        },
        {
          "name": "PulseTune Wireless Headphones",
          "quantity": 1,
          "line_total": "$89.99",
          "price": "$89.99",
          "old_price": "$119.99",
          "discount": "25% off"
        },
        {
          "name": "Luna Cotton Graphic Tee",
          "quantity": 1,
          "line_total": "$18.99",
          "price": "$18.99",
          "old_price": "$24.99",
          "discount": "24% off"
        }
      ],
      "subtotal": "$838.97",
      "total": "$838.97",
      "savings_shown": "$156.00",
      "delivery_cost": "FREE",
      "subtotal_numeric": 838.97,
      "total_numeric": 838.97,
      "savings_numeric": 156,
      "item_count": 3,
      "promo_field_state": "not-present",
      "promo_field_present": false,
      "checkout_reachable": true,
      "shipping_bar_shown": true,
      "loyalty_balance_rendered": false,
      "shipping_threshold_message": "✓ You unlocked FREE delivery!",
      "free_shipping_eligibility": "unknown"
    },
    "t4": {
      "hydration_events": [
        {
          "metric": "cart_hydration_time_ms",
          "value": 52
        }
      ],
      "cart_math_match": true,
      "css_hidden_blocks": [
        {
          "selector": "summary-row savings",
          "gated_copy": "Promo () Remove-$0.00",
          "rendered": false
        }
      ],
      "raw_url": "http://127.0.0.1:8080/cart.html"
    }
  },
  "budget": {
    "bytes_used": 1559,
    "hard_cap": 51200,
    "tiers_dropped": []
  },
  "privacy_metadata": {
    "pii_scrubbing_version": "0.2.0",
    "local_scrubbing_applied": true,
    "inputs_scrubbed": true,
    "scripts_removed": true,
    "styles_removed": true,
    "persistent_storage_used": false
  }
}

--- [2026-08-08T12:37:00.683Z] PAYLOAD: interaction_events ---
{
  "envelope_type": "interaction_events",
  "client_id": "shopora-prod",
  "session_token": "b70309dc-340d-422d-a94c-d4be41aad459",
  "flush_id": "38043fd1-cb90-4a5b-91ff-15bd20d75ae5",
  "flush_reason": "time",
  "events": [
    {
      "event_id": "f43ac09f-f24d-4105-8f86-82aa3d7485fc",
      "event_type": "filter_removed",
      "timestamp": "2026-08-08T12:36:54.662Z",
      "page_type": "cart",
      "page_url_path": "/cart.html",
      "filter_type": "unknown",
      "filter_value": "AIORA20",
      "active_filter_count_after": 0
    }
  ]
}

--- [2026-08-08T12:37:45.679Z] PAYLOAD: interaction_events ---
{
  "envelope_type": "interaction_events",
  "client_id": "shopora-prod",
  "session_token": "b70309dc-340d-422d-a94c-d4be41aad459",
  "flush_id": "512f3073-cc55-4138-b6a4-6c691fbff11f",
  "flush_reason": "time",
  "events": [
    {
      "event_id": "48068362-1e01-41ef-bec5-7355a585b417",
      "event_type": "remove_from_cart",
      "timestamp": "2026-08-08T12:37:35.000Z",
      "page_type": "cart",
      "page_url_path": "/cart.html",
      "sku": null,
      "quantity_before_remove": null,
      "displayed_line_total": null
    }
  ]
}

--- [2026-08-08T12:38:15.680Z] PAYLOAD: interaction_events ---
{
  "envelope_type": "interaction_events",
  "client_id": "shopora-prod",
  "session_token": "b70309dc-340d-422d-a94c-d4be41aad459",
  "flush_id": "c77f2223-d449-4818-b704-564e22f64d6e",
  "flush_reason": "time",
  "events": [
    {
      "event_id": "3184ed13-21cc-4a60-810e-01edf1d3d1c6",
      "event_type": "filter_removed",
      "timestamp": "2026-08-08T12:38:15.017Z",
      "page_type": "cart",
      "page_url_path": "/cart.html",
      "filter_type": "unknown",
      "filter_value": "AIORA20",
      "active_filter_count_after": 0
    }
  ]
}

--- [2026-08-08T12:38:45.141Z] PAYLOAD: tier0-9 ---
{
  "schema_version": "0.2.0",
  "beacon_id": "ab83ea07-4691-42eb-bbbf-087c2fd3e0a3",
  "client_id": "shopora-prod",
  "session_token": "c18bb4c2-ebe1-4cb6-9ef1-c37054359a06",
  "tag_version": "0.2.0",
  "timestamp": "2026-08-08T12:38:45.128Z",
  "sampled": true,
  "page_type": "cart",
  "page_url_path": "/cart.html",
  "sequence_no": 1,
  "page_heading": "Shopping cart",
  "breadcrumb": [],
  "viewport": {
    "width": 1065,
    "height": 1138
  },
  "surface_id": "cc6aaf4a-6c80-4389-abfa-e112690bd8f1",
  "region": "en",
  "identity_summary": {
    "state": "unknown"
  },
  "visible_query": null,
  "program_match": null,
  "page": {
    "page_type": "cart",
    "page_url": "http://127.0.0.1:8080/cart.html"
  },
  "signals": {
    "t1": [],
    "t2": {
      "page_context": "cart",
      "line_items": [
        {
          "name": "VoltMax 15.6\" Laptop",
          "quantity": 1,
          "line_total": "$729.99",
          "price": "$729.99",
          "old_price": "$849.99",
          "discount": "14% off"
        },
        {
          "name": "PulseTune Wireless Headphones",
          "quantity": 1,
          "line_total": "$89.99",
          "price": "$89.99",
          "old_price": "$119.99",
          "discount": "25% off"
        },
        {
          "name": "Luna Cotton Graphic Tee",
          "quantity": 1,
          "line_total": "$18.99",
          "price": "$18.99",
          "old_price": "$24.99",
          "discount": "24% off"
        }
      ],
      "subtotal": "$838.97",
      "total": "$671.18",
      "savings_shown": "$156.00",
      "delivery_cost": "FREE",
      "subtotal_numeric": 838.97,
      "total_numeric": 671.18,
      "savings_numeric": 156,
      "item_count": 3,
      "promo_field_state": "not-present",
      "promo_field_present": false,
      "checkout_reachable": true,
      "shipping_bar_shown": true,
      "loyalty_balance_rendered": false,
      "shipping_threshold_message": "✓ You unlocked FREE delivery!",
      "free_shipping_eligibility": "unknown"
    },
    "t4": {
      "hydration_events": [
        {
          "metric": "cart_hydration_time_ms",
          "value": 57
        }
      ],
      "cart_math_match": false,
      "css_hidden_blocks": [
        {
          "selector": "summary-row savings",
          "gated_copy": "Promo\n                                        (AIORA20) Remove-$167.79",
          "rendered": false
        }
      ],
      "raw_url": "http://127.0.0.1:8080/cart.html"
    }
  },
  "budget": {
    "bytes_used": 1610,
    "hard_cap": 51200,
    "tiers_dropped": []
  },
  "privacy_metadata": {
    "pii_scrubbing_version": "0.2.0",
    "local_scrubbing_applied": true,
    "inputs_scrubbed": true,
    "scripts_removed": true,
    "styles_removed": true,
    "persistent_storage_used": false
  }
}

--- [2026-08-08T12:49:57.148Z] PAYLOAD: tier0-9 ---
{
  "schema_version": "0.2.0",
  "beacon_id": "8aee38a2-e4c0-4a3e-b138-8225f732bf0f",
  "client_id": "shopora-prod",
  "session_token": "5648d52a-dbde-4a13-8788-d81bb0f9a1a2",
  "tag_version": "0.2.0",
  "timestamp": "2026-08-08T12:49:57.107Z",
  "sampled": true,
  "page_type": "homepage",
  "page_url_path": "/",
  "sequence_no": 1,
  "page_heading": "Upgrade your everyday for less.",
  "breadcrumb": [],
  "viewport": {
    "width": 1065,
    "height": 1138
  },
  "surface_id": "5b64dba3-eab6-48a2-8ddd-2ab49ce83824",
  "region": "en",
  "identity_summary": {
    "state": "unknown"
  },
  "visible_query": null,
  "program_match": null,
  "page": {
    "page_type": "homepage",
    "page_url": "http://127.0.0.1:8080/"
  },
  "signals": {
    "t1": [
      {
        "position": 1,
        "surface": "featured",
        "name": "VoltMax 15.6\" Laptop",
        "brand": "VoltMax",
        "price": 729.99,
        "currency": "USD",
        "old_price": 849.99,
        "has_markdown": true,
        "badge": "14% OFF",
        "discount_pct": 14,
        "availability": "in-stock",
        "sponsored": false,
        "delivery_promise": "FREE delivery Tomorrow",
        "discount_amount": "Save $120.00"
      },
      {
        "position": 2,
        "surface": "featured",
        "name": "PulseTune Wireless Headphones",
        "brand": "PulseTune",
        "price": 89.99,
        "currency": "USD",
        "old_price": 119.99,
        "has_markdown": true,
        "badge": "25% OFF",
        "discount_pct": 25,
        "availability": "in-stock",
        "sponsored": false,
        "delivery_promise": "FREE delivery Tomorrow",
        "discount_amount": "Save $30.00"
      },
      {
        "position": 3,
        "surface": "featured",
        "name": "Luna Cotton Graphic Tee",
        "brand": "Luna",
        "price": 18.99,
        "currency": "USD",
        "old_price": 24.99,
        "has_markdown": true,
        "badge": "24% OFF",
        "discount_pct": 24,
        "availability": "in-stock",
        "sponsored": false,
        "delivery_promise": "FREE delivery Tomorrow",
        "discount_amount": "Save $6.00"
      },
      {
        "position": 4,
        "surface": "featured",
        "name": "MetroStride Running Shoes",
        "brand": "MetroStride",
        "price": 74.99,
        "currency": "USD",
        "old_price": 94.99,
        "has_markdown": true,
        "badge": "21% OFF",
        "discount_pct": 21,
        "availability": "in-stock",
        "sponsored": false,
        "delivery_promise": "FREE delivery Tomorrow",
        "discount_amount": "Save $20.00"
      },
      {
        "position": 5,
        "surface": "featured",
        "name": "OakLine Coffee Table",
        "brand": "OakLine",
        "price": 129.99,
        "currency": "USD",
        "old_price": 159.99,
        "has_markdown": true,
        "badge": "19% OFF",
        "discount_pct": 19,
        "availability": "in-stock",
        "sponsored": false,
        "delivery_promise": "FREE delivery Tomorrow",
        "discount_amount": "Save $30.00"
      },
      {
        "position": 6,
        "surface": "featured",
        "name": "SoftNest Throw Blanket",
        "brand": "SoftNest",
        "price": 27.99,
        "currency": "USD",
        "old_price": 35.99,
        "has_markdown": true,
        "badge": "22% OFF",
        "discount_pct": 22,
        "availability": "in-stock",
        "sponsored": false,
        "delivery_promise": "FREE delivery Tomorrow",
        "discount_amount": "Save $8.00"
      },
      {
        "position": 7,
        "surface": "featured",
        "name": "The Last Library",
        "brand": "The",
        "price": 14.99,
        "currency": "USD",
        "old_price": 19.99,
        "has_markdown": true,
        "badge": "25% OFF",
        "discount_pct": 25,
        "availability": "in-stock",
        "sponsored": false,
        "delivery_promise": "FREE delivery Tomorrow",
        "discount_amount": "Save $5.00"
      },
      {
        "position": 8,
        "surface": "featured",
        "name": "Coding for Everyone",
        "brand": "Coding",
        "price": 21.99,
        "currency": "USD",
        "old_price": 26.99,
        "has_markdown": true,
        "badge": "19% OFF",
        "discount_pct": 19,
        "availability": "in-stock",
        "sponsored": false,
        "delivery_promise": "FREE delivery Tomorrow",
        "discount_amount": "Save $5.00"
      }
    ],
    "t3": {
      "total_products": 8,
      "sponsored_count": 0,
      "organic_count": 8,
      "discounted_count": 8,
      "full_price_count": 0,
      "out_of_stock_count": 0,
      "low_stock_count": 0,
      "discount_pct_min": 14,
      "discount_pct_max": 25,
      "discount_pct_median": 22,
      "price_min": 14.99,
      "price_max": 729.99,
      "price_currency": "USD"
    },
    "t4": {
      "hydration_events": [
        {
          "metric": "cart_hydration_time_ms",
          "value": 0
        }
      ],
      "css_hidden_blocks": [
        {
          "selector": "sr-only",
          "gated_copy": "Email address",
          "rendered": false
        }
      ],
      "metadata": {
        "meta_description": "Shop electronics, fashion, home essentials and books at SHOPORA with fast delivery and secure checkout."
      },
      "raw_url": "http://127.0.0.1:8080/"
    }
  },
  "budget": {
    "bytes_used": 3563,
    "hard_cap": 51200,
    "tiers_dropped": []
  },
  "privacy_metadata": {
    "pii_scrubbing_version": "0.2.0",
    "local_scrubbing_applied": true,
    "inputs_scrubbed": true,
    "scripts_removed": true,
    "styles_removed": true,
    "persistent_storage_used": false
  }
}

--- [2026-08-08T12:50:09.038Z] PAYLOAD: tier0-9 ---
{
  "schema_version": "0.2.0",
  "beacon_id": "6d221a4f-4c0f-4b25-8960-339702496b52",
  "client_id": "shopora-prod",
  "session_token": "ca19e571-18e8-42e3-aaa9-f2e8c33e66f3",
  "tag_version": "0.2.0",
  "timestamp": "2026-08-08T12:50:09.016Z",
  "sampled": true,
  "page_type": "cart",
  "page_url_path": "/cart.html",
  "sequence_no": 1,
  "page_heading": "Shopping cart",
  "breadcrumb": [],
  "viewport": {
    "width": 1065,
    "height": 1138
  },
  "surface_id": "00e12614-d53b-4a6e-a85b-c0c6d0ae49f6",
  "region": "en",
  "identity_summary": {
    "state": "unknown"
  },
  "visible_query": null,
  "program_match": null,
  "page": {
    "page_type": "cart",
    "page_url": "http://127.0.0.1:8080/cart.html"
  },
  "signals": {
    "t1": [],
    "t2": {
      "page_context": "cart",
      "line_items": [
        {
          "name": "VoltMax 15.6\" Laptop",
          "quantity": 1,
          "line_total": "$729.99",
          "price": "$729.99",
          "old_price": "$849.99",
          "discount": "14% off"
        },
        {
          "name": "PulseTune Wireless Headphones",
          "quantity": 1,
          "line_total": "$89.99",
          "price": "$89.99",
          "old_price": "$119.99",
          "discount": "25% off"
        },
        {
          "name": "Luna Cotton Graphic Tee",
          "quantity": 1,
          "line_total": "$18.99",
          "price": "$18.99",
          "old_price": "$24.99",
          "discount": "24% off"
        }
      ],
      "subtotal": "$838.97",
      "total": "$671.18",
      "savings_shown": "$156.00",
      "delivery_cost": "FREE",
      "subtotal_numeric": 838.97,
      "total_numeric": 671.18,
      "savings_numeric": 156,
      "item_count": 3,
      "promo_field_state": "not-present",
      "promo_field_present": false,
      "checkout_reachable": true,
      "shipping_bar_shown": true,
      "loyalty_balance_rendered": false,
      "shipping_threshold_message": "✓ You unlocked FREE delivery!",
      "free_shipping_eligibility": "unknown"
    },
    "t4": {
      "hydration_events": [
        {
          "metric": "cart_hydration_time_ms",
          "value": 56
        }
      ],
      "cart_math_match": false,
      "css_hidden_blocks": [
        {
          "selector": "summary-row savings",
          "gated_copy": "Promo\n                                        (AIORA20) Remove-$167.79",
          "rendered": false
        }
      ],
      "raw_url": "http://127.0.0.1:8080/cart.html"
    }
  },
  "budget": {
    "bytes_used": 1610,
    "hard_cap": 51200,
    "tiers_dropped": []
  },
  "privacy_metadata": {
    "pii_scrubbing_version": "0.2.0",
    "local_scrubbing_applied": true,
    "inputs_scrubbed": true,
    "scripts_removed": true,
    "styles_removed": true,
    "persistent_storage_used": false
  }
}

--- [2026-08-08T12:50:38.929Z] PAYLOAD: interaction_events ---
{
  "envelope_type": "interaction_events",
  "client_id": "shopora-prod",
  "session_token": "ca19e571-18e8-42e3-aaa9-f2e8c33e66f3",
  "flush_id": "4ae24abd-b1b2-42dd-afc8-bbd8d7d079b6",
  "flush_reason": "time",
  "events": [
    {
      "event_id": "ae0dfe7d-b849-4636-91f1-d013235aa0c3",
      "event_type": "remove_from_cart",
      "timestamp": "2026-08-08T12:50:28.606Z",
      "page_type": "cart",
      "page_url_path": "/cart.html",
      "sku": null,
      "quantity_before_remove": null,
      "displayed_line_total": null
    }
  ]
}

--- [2026-08-08T12:50:53.925Z] PAYLOAD: interaction_events ---
{
  "envelope_type": "interaction_events",
  "client_id": "shopora-prod",
  "session_token": "ca19e571-18e8-42e3-aaa9-f2e8c33e66f3",
  "flush_id": "98501070-f508-4039-9557-30efb5245186",
  "flush_reason": "time",
  "events": [
    {
      "event_id": "eac2b9a5-07aa-45fb-a216-9b10680e93ef",
      "event_type": "filter_removed",
      "timestamp": "2026-08-08T12:50:45.439Z",
      "page_type": "cart",
      "page_url_path": "/cart.html",
      "filter_type": "unknown",
      "filter_value": "AIORA20",
      "active_filter_count_after": 0
    }
  ]
}

--- [2026-08-08T12:50:58.894Z] PAYLOAD: tier0-9 ---
{
  "schema_version": "0.2.0",
  "beacon_id": "d3694194-1c02-4f01-8b3e-eef5c4149cca",
  "client_id": "shopora-prod",
  "session_token": "8ec37421-8bfd-4ea4-a128-e3a3b0070f41",
  "tag_version": "0.2.0",
  "timestamp": "2026-08-08T12:50:58.872Z",
  "sampled": true,
  "page_type": "cart",
  "page_url_path": "/cart.html",
  "sequence_no": 1,
  "page_heading": "Shopping cart",
  "breadcrumb": [],
  "viewport": {
    "width": 1065,
    "height": 1138
  },
  "surface_id": "c60f11fe-f7cf-48ef-908f-359c175ca2c1",
  "region": "en",
  "identity_summary": {
    "state": "unknown"
  },
  "visible_query": null,
  "program_match": null,
  "page": {
    "page_type": "cart",
    "page_url": "http://127.0.0.1:8080/cart.html"
  },
  "signals": {
    "t1": [],
    "t2": {
      "page_context": "cart",
      "line_items": [
        {
          "name": "VoltMax 15.6\" Laptop",
          "quantity": 1,
          "line_total": "$729.99",
          "price": "$729.99",
          "old_price": "$849.99",
          "discount": "14% off"
        },
        {
          "name": "PulseTune Wireless Headphones",
          "quantity": 1,
          "line_total": "$89.99",
          "price": "$89.99",
          "old_price": "$119.99",
          "discount": "25% off"
        },
        {
          "name": "Luna Cotton Graphic Tee",
          "quantity": 1,
          "line_total": "$18.99",
          "price": "$18.99",
          "old_price": "$24.99",
          "discount": "24% off"
        }
      ],
      "subtotal": "$838.97",
      "total": "$671.18",
      "savings_shown": "$156.00",
      "delivery_cost": "FREE",
      "subtotal_numeric": 838.97,
      "total_numeric": 671.18,
      "savings_numeric": 156,
      "item_count": 3,
      "promo_field_state": "not-present",
      "promo_field_present": false,
      "checkout_reachable": true,
      "shipping_bar_shown": true,
      "loyalty_balance_rendered": false,
      "shipping_threshold_message": "✓ You unlocked FREE delivery!",
      "free_shipping_eligibility": "unknown"
    },
    "t4": {
      "hydration_events": [
        {
          "metric": "cart_hydration_time_ms",
          "value": 65
        }
      ],
      "cart_math_match": false,
      "css_hidden_blocks": [
        {
          "selector": "summary-row savings",
          "gated_copy": "Promo\n                                        (AIORA20) Remove-$167.79",
          "rendered": false
        }
      ],
      "raw_url": "http://127.0.0.1:8080/cart.html"
    }
  },
  "budget": {
    "bytes_used": 1610,
    "hard_cap": 51200,
    "tiers_dropped": []
  },
  "privacy_metadata": {
    "pii_scrubbing_version": "0.2.0",
    "local_scrubbing_applied": true,
    "inputs_scrubbed": true,
    "scripts_removed": true,
    "styles_removed": true,
    "persistent_storage_used": false
  }
}

--- [2026-08-08T13:04:56.684Z] PAYLOAD: tier0-9 ---
{
  "schema_version": "0.2.0",
  "beacon_id": "ad96fe5d-d93d-46b5-8044-b315c56deb86",
  "client_id": "shopora-prod",
  "session_token": "e3540cbe-9509-4045-bc4f-9ba748125cad",
  "tag_version": "0.2.0",
  "timestamp": "2026-08-08T13:04:56.655Z",
  "sampled": true,
  "page_type": "cart",
  "page_url_path": "/cart.html",
  "sequence_no": 1,
  "page_heading": "Shopping cart",
  "breadcrumb": [],
  "viewport": {
    "width": 1065,
    "height": 1138
  },
  "surface_id": "eaad9f97-1b5c-4a7f-8f65-bea7b455b7fb",
  "region": "en",
  "identity_summary": {
    "state": "unknown"
  },
  "visible_query": null,
  "program_match": null,
  "page": {
    "page_type": "cart",
    "page_url": "http://127.0.0.1:8080/cart.html"
  },
  "signals": {
    "t1": [],
    "t2": {
      "page_context": "cart",
      "line_items": [
        {
          "name": "VoltMax 15.6\" Laptop",
          "quantity": 1,
          "line_total": "$729.99",
          "price": "$729.99",
          "old_price": "$849.99",
          "discount": "14% off"
        },
        {
          "name": "PulseTune Wireless Headphones",
          "quantity": 1,
          "line_total": "$89.99",
          "price": "$89.99",
          "old_price": "$119.99",
          "discount": "25% off"
        },
        {
          "name": "Luna Cotton Graphic Tee",
          "quantity": 1,
          "line_total": "$18.99",
          "price": "$18.99",
          "old_price": "$24.99",
          "discount": "24% off"
        }
      ],
      "subtotal": "$838.97",
      "total": "$671.18",
      "savings_shown": "$156.00",
      "delivery_cost": "FREE",
      "subtotal_numeric": 838.97,
      "total_numeric": 671.18,
      "savings_numeric": 156,
      "item_count": 3,
      "promo_field_state": "hidden",
      "promo_field_present": true,
      "checkout_reachable": true,
      "shipping_bar_shown": true,
      "loyalty_balance_rendered": false,
      "promotions": [
        {
          "name": "AIORA20",
          "amount": "Promo\n              "
        }
      ],
      "shipping_threshold_message": "✓ You unlocked FREE delivery!",
      "free_shipping_eligibility": "unknown"
    },
    "t4": {
      "hydration_events": [
        {
          "metric": "cart_hydration_time_ms",
          "value": 61
        }
      ],
      "cart_math_match": false,
      "css_hidden_blocks": [
        {
          "selector": "summary-row savings",
          "gated_copy": "Promo\n                                        (AIORA20) Remove-$167.79",
          "rendered": false
        }
      ],
      "raw_url": "http://127.0.0.1:8080/cart.html"
    }
  },
  "budget": {
    "bytes_used": 1671,
    "hard_cap": 51200,
    "tiers_dropped": []
  },
  "privacy_metadata": {
    "pii_scrubbing_version": "0.2.0",
    "local_scrubbing_applied": true,
    "inputs_scrubbed": true,
    "scripts_removed": true,
    "styles_removed": true,
    "persistent_storage_used": false
  }
}

--- [2026-08-08T13:07:42.969Z] PAYLOAD: tier0-9 ---
{
  "schema_version": "0.2.0",
  "beacon_id": "00f9bbe4-2dd6-45c5-a123-fab29bc5c787",
  "client_id": "shopora-prod",
  "session_token": "a018389d-0a7a-444f-9946-9ca4c98eb523",
  "tag_version": "0.2.0",
  "timestamp": "2026-08-08T13:07:42.945Z",
  "sampled": true,
  "page_type": "cart",
  "page_url_path": "/cart.html",
  "sequence_no": 1,
  "page_heading": "Shopping cart",
  "breadcrumb": [],
  "viewport": {
    "width": 1129,
    "height": 1035
  },
  "surface_id": "9c9d169c-a447-4f5d-a695-cd19d22ff8d3",
  "region": "en",
  "identity_summary": {
    "state": "unknown"
  },
  "visible_query": null,
  "program_match": null,
  "page": {
    "page_type": "cart",
    "page_url": "http://127.0.0.1:8080/cart.html"
  },
  "signals": {
    "t1": [],
    "t2": {
      "page_context": "cart",
      "line_items": [
        {
          "name": "VoltMax 15.6\" Laptop",
          "quantity": 1,
          "line_total": "$729.99",
          "price": "$729.99",
          "old_price": "$849.99",
          "discount": "14% off"
        },
        {
          "name": "PulseTune Wireless Headphones",
          "quantity": 1,
          "line_total": "$89.99",
          "price": "$89.99",
          "old_price": "$119.99",
          "discount": "25% off"
        },
        {
          "name": "Luna Cotton Graphic Tee",
          "quantity": 1,
          "line_total": "$18.99",
          "price": "$18.99",
          "old_price": "$24.99",
          "discount": "24% off"
        }
      ],
      "subtotal": "$838.97",
      "total": "$671.18",
      "savings_shown": "$156.00",
      "delivery_cost": "FREE",
      "subtotal_numeric": 838.97,
      "total_numeric": 671.18,
      "savings_numeric": 156,
      "item_count": 3,
      "promo_field_state": "hidden",
      "promo_field_present": true,
      "checkout_reachable": true,
      "shipping_bar_shown": true,
      "loyalty_balance_rendered": false,
      "promotions": [
        {
          "name": "AIORA20",
          "amount": "Promo\n              "
        }
      ],
      "shipping_threshold_message": "✓ You unlocked FREE delivery!",
      "free_shipping_eligibility": "unknown"
    },
    "t4": {
      "hydration_events": [
        {
          "metric": "cart_hydration_time_ms",
          "value": 77
        }
      ],
      "cart_math_match": false,
      "css_hidden_blocks": [
        {
          "selector": "summary-row savings",
          "gated_copy": "Promo\n                                        (AIORA20) Remove-$167.79",
          "rendered": false
        }
      ],
      "raw_url": "http://127.0.0.1:8080/cart.html"
    }
  },
  "budget": {
    "bytes_used": 1671,
    "hard_cap": 51200,
    "tiers_dropped": []
  },
  "privacy_metadata": {
    "pii_scrubbing_version": "0.2.0",
    "local_scrubbing_applied": true,
    "inputs_scrubbed": true,
    "scripts_removed": true,
    "styles_removed": true,
    "persistent_storage_used": false
  }
}

--- [2026-08-08T13:18:27.242Z] PAYLOAD: interaction_events ---
{
  "envelope_type": "interaction_events",
  "client_id": "shopora-prod",
  "session_token": "a018389d-0a7a-444f-9946-9ca4c98eb523",
  "flush_id": "d3e44d19-6f9c-4640-ac71-98f05de9f18c",
  "flush_reason": "time",
  "events": [
    {
      "event_id": "8aa94efa-db07-428a-b3d5-ba8bc3522d24",
      "event_type": "remove_from_cart",
      "timestamp": "2026-08-08T13:18:21.151Z",
      "page_type": "cart",
      "page_url_path": "/cart.html",
      "sku": null,
      "quantity_before_remove": null,
      "displayed_line_total": null
    }
  ]
}

--- [2026-08-08T13:18:42.257Z] PAYLOAD: interaction_events ---
{
  "envelope_type": "interaction_events",
  "client_id": "shopora-prod",
  "session_token": "a018389d-0a7a-444f-9946-9ca4c98eb523",
  "flush_id": "3a3aecbd-61d7-4da3-8112-a15201b36c4a",
  "flush_reason": "time",
  "events": [
    {
      "event_id": "5f9058cd-5088-4d89-aa2a-32de636b09af",
      "event_type": "filter_removed",
      "timestamp": "2026-08-08T13:18:34.469Z",
      "page_type": "cart",
      "page_url_path": "/cart.html",
      "filter_type": "unknown",
      "filter_value": "WELCOME10",
      "active_filter_count_after": 0
    }
  ]
}

--- [2026-08-08T13:18:47.812Z] PAYLOAD: tier0-9 ---
{
  "schema_version": "0.2.0",
  "beacon_id": "e363ad87-37cd-45b8-b2a6-e3c3caffc96d",
  "client_id": "shopora-prod",
  "session_token": "86ec4010-7b7d-4bff-b23d-6e8ad85894a2",
  "tag_version": "0.2.0",
  "timestamp": "2026-08-08T13:18:47.798Z",
  "sampled": true,
  "page_type": "cart",
  "page_url_path": "/cart.html",
  "sequence_no": 1,
  "page_heading": "Shopping cart",
  "breadcrumb": [],
  "viewport": {
    "width": 1065,
    "height": 1138
  },
  "surface_id": "9ef44134-2835-4ea4-9d48-ce02d8adfa33",
  "region": "en",
  "identity_summary": {
    "state": "unknown"
  },
  "visible_query": null,
  "program_match": null,
  "page": {
    "page_type": "cart",
    "page_url": "http://127.0.0.1:8080/cart.html"
  },
  "signals": {
    "t1": [],
    "t2": {
      "page_context": "cart",
      "line_items": [
        {
          "name": "VoltMax 15.6\" Laptop",
          "quantity": 1,
          "line_total": "$729.99",
          "price": "$729.99",
          "old_price": "$849.99",
          "discount": "14% off"
        },
        {
          "name": "PulseTune Wireless Headphones",
          "quantity": 1,
          "line_total": "$89.99",
          "price": "$89.99",
          "old_price": "$119.99",
          "discount": "25% off"
        },
        {
          "name": "Luna Cotton Graphic Tee",
          "quantity": 1,
          "line_total": "$18.99",
          "price": "$18.99",
          "old_price": "$24.99",
          "discount": "24% off"
        }
      ],
      "subtotal": "$838.97",
      "total": "$755.07",
      "savings_shown": "$156.00",
      "delivery_cost": "FREE",
      "subtotal_numeric": 838.97,
      "total_numeric": 755.07,
      "savings_numeric": 156,
      "item_count": 3,
      "promo_field_state": "hidden",
      "promo_field_present": true,
      "checkout_reachable": true,
      "shipping_bar_shown": true,
      "loyalty_balance_rendered": false,
      "promotions": [
        {
          "name": "WELCOME10",
          "amount": "Promo\n              "
        }
      ],
      "shipping_threshold_message": "✓ You unlocked FREE delivery!",
      "free_shipping_eligibility": "unknown"
    },
    "t4": {
      "hydration_events": [
        {
          "metric": "cart_hydration_time_ms",
          "value": 56
        }
      ],
      "cart_math_match": false,
      "css_hidden_blocks": [
        {
          "selector": "summary-row savings",
          "gated_copy": "Promo\n                                        (WELCOME10) Remove-$83.90",
          "rendered": false
        }
      ],
      "raw_url": "http://127.0.0.1:8080/cart.html"
    }
  },
  "budget": {
    "bytes_used": 1674,
    "hard_cap": 51200,
    "tiers_dropped": []
  },
  "privacy_metadata": {
    "pii_scrubbing_version": "0.2.0",
    "local_scrubbing_applied": true,
    "inputs_scrubbed": true,
    "scripts_removed": true,
    "styles_removed": true,
    "persistent_storage_used": false
  }
}

--- [2026-08-08T13:19:17.091Z] PAYLOAD: interaction_events ---
{
  "envelope_type": "interaction_events",
  "client_id": "shopora-prod",
  "session_token": "86ec4010-7b7d-4bff-b23d-6e8ad85894a2",
  "flush_id": "fe12b47d-f282-4e53-b84a-310b770c2584",
  "flush_reason": "time",
  "events": [
    {
      "event_id": "fe6154d8-8c99-4c7b-9213-ee9a1de93541",
      "event_type": "remove_from_cart",
      "timestamp": "2026-08-08T13:19:12.461Z",
      "page_type": "cart",
      "page_url_path": "/cart.html",
      "sku": null,
      "quantity_before_remove": null,
      "displayed_line_total": null
    }
  ]
}

--- [2026-08-08T13:21:11.703Z] PAYLOAD: interaction_events ---
{
  "envelope_type": "interaction_events",
  "client_id": "shopora-prod",
  "session_token": "86ec4010-7b7d-4bff-b23d-6e8ad85894a2",
  "flush_id": "95628a2b-f9da-467c-972d-12f55664dcc9",
  "flush_reason": "unload",
  "events": [
    {
      "event_id": "b90d6225-6486-433a-b41d-dc844e433eef",
      "event_type": "filter_removed",
      "timestamp": "2026-08-08T13:21:09.758Z",
      "page_type": "cart",
      "page_url_path": "/cart.html",
      "filter_type": "unknown",
      "filter_value": "AIORA20",
      "active_filter_count_after": 0
    }
  ]
}

--- [2026-08-08T13:30:47.118Z] PAYLOAD: interaction_events ---
{
  "envelope_type": "interaction_events",
  "client_id": "shopora-prod",
  "session_token": "86ec4010-7b7d-4bff-b23d-6e8ad85894a2",
  "flush_id": "3e160e26-e252-4399-980e-be7556620aae",
  "flush_reason": "time",
  "events": [
    {
      "event_id": "379b4f45-d82e-4e21-b850-d289661ea259",
      "event_type": "remove_from_cart",
      "timestamp": "2026-08-08T13:30:43.800Z",
      "page_type": "cart",
      "page_url_path": "/cart.html",
      "sku": null,
      "quantity_before_remove": null,
      "displayed_line_total": null
    }
  ]
}

--- [2026-08-08T13:31:17.137Z] PAYLOAD: interaction_events ---
{
  "envelope_type": "interaction_events",
  "client_id": "shopora-prod",
  "session_token": "86ec4010-7b7d-4bff-b23d-6e8ad85894a2",
  "flush_id": "85a2ac2b-8896-4ca9-95c5-583d5fbd8865",
  "flush_reason": "time",
  "events": [
    {
      "event_id": "b1761f50-8312-4058-8692-514b095845ba",
      "event_type": "filter_removed",
      "timestamp": "2026-08-08T13:31:06.756Z",
      "page_type": "cart",
      "page_url_path": "/cart.html",
      "filter_type": "unknown",
      "filter_value": "AIORA20",
      "active_filter_count_after": 0
    }
  ]
}

--- [2026-08-08T13:31:32.119Z] PAYLOAD: interaction_events ---
{
  "envelope_type": "interaction_events",
  "client_id": "shopora-prod",
  "session_token": "86ec4010-7b7d-4bff-b23d-6e8ad85894a2",
  "flush_id": "f1a5c35c-cdf0-4e81-9958-653545020124",
  "flush_reason": "time",
  "events": [
    {
      "event_id": "565572c0-d7a2-46de-8824-da3b0c1e19c1",
      "event_type": "remove_from_cart",
      "timestamp": "2026-08-08T13:31:26.264Z",
      "page_type": "cart",
      "page_url_path": "/cart.html",
      "sku": null,
      "quantity_before_remove": null,
      "displayed_line_total": null
    }
  ]
}

--- [2026-08-08T13:32:40.283Z] PAYLOAD: tier0-9 ---
{
  "schema_version": "0.2.0",
  "beacon_id": "4454c17c-1fab-43df-85f6-8964200c159e",
  "client_id": "shopora-prod",
  "session_token": "b1c50343-bb51-4ae6-846e-4e2f4dc17a10",
  "tag_version": "0.2.0",
  "timestamp": "2026-08-08T13:32:40.268Z",
  "sampled": true,
  "page_type": "cart",
  "page_url_path": "/cart.html",
  "sequence_no": 1,
  "page_heading": "Shopping cart",
  "breadcrumb": [],
  "viewport": {
    "width": 1065,
    "height": 1138
  },
  "surface_id": "eb2e0e5c-0f91-4e8c-b5c5-66f783007387",
  "region": "en",
  "identity_summary": {
    "state": "unknown"
  },
  "visible_query": null,
  "program_match": null,
  "page": {
    "page_type": "cart",
    "page_url": "http://127.0.0.1:8080/cart.html"
  },
  "signals": {
    "t1": [],
    "t2": {
      "page_context": "cart",
      "line_items": [],
      "subtotal": "$0.00",
      "total": "$0.00",
      "savings_shown": "$0.00",
      "delivery_cost": "$0.00",
      "subtotal_numeric": 0,
      "total_numeric": 0,
      "savings_numeric": 0,
      "delivery_numeric": 0,
      "item_count": 2,
      "promo_field_state": "hidden",
      "promo_field_present": true,
      "checkout_reachable": true,
      "shipping_bar_shown": false,
      "loyalty_balance_rendered": false,
      "promotions": [
        {
          "name": "",
          "amount": "-$0.00"
        }
      ],
      "shipping_threshold_message": "",
      "free_shipping_eligibility": "unknown"
    },
    "t4": {
      "hydration_events": [
        {
          "metric": "cart_hydration_time_ms",
          "value": 61
        }
      ],
      "cart_math_match": true,
      "css_hidden_blocks": [
        {
          "selector": "summary-row savings",
          "gated_copy": "Promo\n                                        () Remove-$0.00",
          "rendered": false
        }
      ],
      "raw_url": "http://127.0.0.1:8080/cart.html"
    }
  },
  "budget": {
    "bytes_used": 1221,
    "hard_cap": 51200,
    "tiers_dropped": []
  },
  "privacy_metadata": {
    "pii_scrubbing_version": "0.2.0",
    "local_scrubbing_applied": true,
    "inputs_scrubbed": true,
    "scripts_removed": true,
    "styles_removed": true,
    "persistent_storage_used": false
  }
}

--- [2026-08-08T13:33:17.367Z] PAYLOAD: tier0-9 ---
{
  "schema_version": "0.2.0",
  "beacon_id": "65a74a61-21b0-459a-993b-2680160c3862",
  "client_id": "shopora-prod",
  "session_token": "f27c69d1-9705-4f0c-b03d-dee5bb96c352",
  "tag_version": "0.2.0",
  "timestamp": "2026-08-08T13:33:17.244Z",
  "sampled": true,
  "page_type": "cart",
  "page_url_path": "/cart.html",
  "sequence_no": 1,
  "page_heading": "Shopping cart",
  "breadcrumb": [],
  "viewport": {
    "width": 1065,
    "height": 1138
  },
  "surface_id": "797c3909-2457-421b-9cbb-207ee3c2f0cb",
  "region": "en",
  "identity_summary": {
    "state": "unknown"
  },
  "visible_query": null,
  "program_match": null,
  "page": {
    "page_type": "cart",
    "page_url": "http://127.0.0.1:8080/cart.html"
  },
  "signals": {
    "t1": [],
    "t2": {
      "page_context": "cart",
      "line_items": [],
      "subtotal": "$0.00",
      "total": "$0.00",
      "savings_shown": "$0.00",
      "delivery_cost": "$0.00",
      "subtotal_numeric": 0,
      "total_numeric": 0,
      "savings_numeric": 0,
      "delivery_numeric": 0,
      "item_count": 2,
      "promo_field_state": "hidden",
      "promo_field_present": true,
      "checkout_reachable": true,
      "shipping_bar_shown": false,
      "loyalty_balance_rendered": false,
      "promotions": [
        {
          "name": "",
          "amount": "-$0.00"
        }
      ],
      "shipping_threshold_message": "",
      "free_shipping_eligibility": "unknown"
    },
    "t4": {
      "hydration_events": [
        {
          "metric": "cart_hydration_time_ms",
          "value": 56
        }
      ],
      "cart_math_match": true,
      "css_hidden_blocks": [
        {
          "selector": "summary-row savings",
          "gated_copy": "Promo\n                                        () Remove-$0.00",
          "rendered": false
        }
      ],
      "raw_url": "http://127.0.0.1:8080/cart.html"
    }
  },
  "budget": {
    "bytes_used": 1221,
    "hard_cap": 51200,
    "tiers_dropped": []
  },
  "privacy_metadata": {
    "pii_scrubbing_version": "0.2.0",
    "local_scrubbing_applied": true,
    "inputs_scrubbed": true,
    "scripts_removed": true,
    "styles_removed": true,
    "persistent_storage_used": false
  }
}

--- [2026-08-08T13:34:02.246Z] PAYLOAD: interaction_events ---
{
  "envelope_type": "interaction_events",
  "client_id": "shopora-prod",
  "session_token": "f27c69d1-9705-4f0c-b03d-dee5bb96c352",
  "flush_id": "cccb8f53-9f30-4fcf-ac21-ed42ece7d177",
  "flush_reason": "time",
  "events": [
    {
      "event_id": "5543dc2c-c802-4a5c-b85f-6fa3068c77fc",
      "event_type": "remove_from_cart",
      "timestamp": "2026-08-08T13:33:51.359Z",
      "page_type": "cart",
      "page_url_path": "/cart.html",
      "sku": null,
      "quantity_before_remove": 1,
      "displayed_line_total": "$729.99"
    }
  ]
}

--- [2026-08-08T13:34:17.244Z] PAYLOAD: interaction_events ---
{
  "envelope_type": "interaction_events",
  "client_id": "shopora-prod",
  "session_token": "f27c69d1-9705-4f0c-b03d-dee5bb96c352",
  "flush_id": "442c8226-9ced-4c35-a2f9-e6aee4df9363",
  "flush_reason": "time",
  "events": [
    {
      "event_id": "86d8065c-4b92-409b-87a7-46f146597c34",
      "event_type": "remove_from_cart",
      "timestamp": "2026-08-08T13:34:06.263Z",
      "page_type": "cart",
      "page_url_path": "/cart.html",
      "sku": null,
      "quantity_before_remove": 1,
      "displayed_line_total": "$89.99"
    },
    {
      "event_id": "640e11b2-ceb5-4235-aae7-7282110cff3b",
      "event_type": "remove_from_cart",
      "timestamp": "2026-08-08T13:34:07.301Z",
      "page_type": "cart",
      "page_url_path": "/cart.html",
      "sku": null,
      "quantity_before_remove": 1,
      "displayed_line_total": "$18.99"
    }
  ]
}

--- [2026-08-08T13:34:32.246Z] PAYLOAD: interaction_events ---
{
  "envelope_type": "interaction_events",
  "client_id": "shopora-prod",
  "session_token": "f27c69d1-9705-4f0c-b03d-dee5bb96c352",
  "flush_id": "4bc39bf5-5275-4418-b9c2-1e608ebadeb0",
  "flush_reason": "time",
  "events": [
    {
      "event_id": "49e05ee0-59b8-45cb-b880-2970c8c9d3d7",
      "event_type": "add_to_cart",
      "timestamp": "2026-08-08T13:34:20.916Z",
      "page_type": "cart",
      "page_url_path": "/cart.html",
      "sku": null,
      "surface": "catalog-grid",
      "position": 2,
      "displayed_price": "$29.99",
      "displayed_currency": "$"
    },
    {
      "event_id": "42d0a9c1-6319-4a69-8667-08c7e7f9078f",
      "event_type": "add_to_cart",
      "timestamp": "2026-08-08T13:34:22.188Z",
      "page_type": "cart",
      "page_url_path": "/cart.html",
      "sku": null,
      "surface": "catalog-grid",
      "position": 1,
      "displayed_price": "$34.99",
      "displayed_currency": "$"
    },
    {
      "event_id": "204a55e6-fd03-4c52-bb10-56f57ae7e059",
      "event_type": "add_to_cart",
      "timestamp": "2026-08-08T13:34:23.484Z",
      "page_type": "cart",
      "page_url_path": "/cart.html",
      "sku": null,
      "surface": "catalog-grid",
      "position": 3,
      "displayed_price": "$219.99",
      "displayed_currency": "$"
    }
  ]
}

--- [2026-08-08T13:35:32.252Z] PAYLOAD: interaction_events ---
{
  "envelope_type": "interaction_events",
  "client_id": "shopora-prod",
  "session_token": "f27c69d1-9705-4f0c-b03d-dee5bb96c352",
  "flush_id": "4fd65237-9119-42bb-b281-5e690230a0c0",
  "flush_reason": "time",
  "events": [
    {
      "event_id": "b538192a-e5c0-46ab-ae18-f6f4add9565c",
      "event_type": "remove_from_cart",
      "timestamp": "2026-08-08T13:35:31.085Z",
      "page_type": "cart",
      "page_url_path": "/cart.html",
      "sku": null,
      "quantity_before_remove": null,
      "displayed_line_total": null
    }
  ]
}

--- [2026-08-08T13:42:09.758Z] PAYLOAD: interaction_events ---
{
  "envelope_type": "interaction_events",
  "client_id": "shopora-prod",
  "session_token": "87238efa-c140-4485-aa75-c9afedfd31e1",
  "flush_id": "2d53e16d-ea88-46e6-b51b-e4aed002d77b",
  "flush_reason": "time",
  "events": [
    {
      "event_id": "72b2cb32-2e5a-4021-a426-ab84f06526ff",
      "event_type": "promo_code_applied",
      "timestamp": "2026-08-08T13:42:08.137Z",
      "page_type": "cart",
      "page_url_path": "/cart.html",
      "code": "AIORA20",
      "result": "accepted",
      "discount_amount_shown": "-$56.99"
    }
  ]
}

--- [2026-08-08T13:42:24.745Z] PAYLOAD: interaction_events ---
{
  "envelope_type": "interaction_events",
  "client_id": "shopora-prod",
  "session_token": "87238efa-c140-4485-aa75-c9afedfd31e1",
  "flush_id": "14db585c-d93e-4a1c-84f2-640383496035",
  "flush_reason": "time",
  "events": [
    {
      "event_id": "d5cf3b08-a4ba-474e-b73f-eea38b9a9a10",
      "event_type": "promo_removed",
      "timestamp": "2026-08-08T13:42:14.426Z",
      "page_type": "cart",
      "page_url_path": "/cart.html",
      "code": "AIORA20"
    }
  ]
}

--- [2026-08-08T13:42:39.740Z] PAYLOAD: interaction_events ---
{
  "envelope_type": "interaction_events",
  "client_id": "shopora-prod",
  "session_token": "87238efa-c140-4485-aa75-c9afedfd31e1",
  "flush_id": "a59cd7aa-df2a-42c8-843d-74c12b7afd87",
  "flush_reason": "time",
  "events": [
    {
      "event_id": "b9162a5a-8d94-4616-95a4-0d36458f6622",
      "event_type": "promo_code_applied",
      "timestamp": "2026-08-08T13:42:35.096Z",
      "page_type": "cart",
      "page_url_path": "/cart.html",
      "code": "WELCOME10",
      "result": "accepted",
      "discount_amount_shown": "-$28.50"
    }
  ]
}

--- [2026-08-08T13:43:09.743Z] PAYLOAD: interaction_events ---
{
  "envelope_type": "interaction_events",
  "client_id": "shopora-prod",
  "session_token": "87238efa-c140-4485-aa75-c9afedfd31e1",
  "flush_id": "a8c4191d-4312-4959-9bad-4a48b28d33b7",
  "flush_reason": "time",
  "events": [
    {
      "event_id": "de64c1c9-5525-4cc0-99e3-100380a8ebd5",
      "event_type": "promo_code_applied",
      "timestamp": "2026-08-08T13:42:55.090Z",
      "page_type": "cart",
      "page_url_path": "/cart.html",
      "code": "welcome 10",
      "result": "accepted",
      "discount_amount_shown": "-$28.50"
    }
  ]
}

--- [2026-08-08T13:44:22.512Z] PAYLOAD: interaction_events ---
{
  "envelope_type": "interaction_events",
  "client_id": "shopora-prod",
  "session_token": "87238efa-c140-4485-aa75-c9afedfd31e1",
  "flush_id": "2c954e8d-6c87-4f38-8496-f6210335a1b9",
  "flush_reason": "unload",
  "events": [
    {
      "event_id": "6b63df9c-fc37-4d91-809c-f35cfba2254c",
      "event_type": "promo_code_applied",
      "timestamp": "2026-08-08T13:44:21.653Z",
      "page_type": "cart",
      "page_url_path": "/cart.html",
      "code": "harshad",
      "result": "accepted",
      "discount_amount_shown": "-$28.50"
    }
  ]
}

--- [2026-08-08T13:44:39.047Z] PAYLOAD: interaction_events ---
{
  "envelope_type": "interaction_events",
  "client_id": "shopora-prod",
  "session_token": "87238efa-c140-4485-aa75-c9afedfd31e1",
  "flush_id": "7f3ea954-7286-4498-bb7a-0b1634a08389",
  "flush_reason": "unload",
  "events": [
    {
      "event_id": "6f186048-aaf2-4d54-8fd2-e28be1155ecf",
      "event_type": "promo_removed",
      "timestamp": "2026-08-08T13:44:28.475Z",
      "page_type": "cart",
      "page_url_path": "/cart.html",
      "code": "WELCOME10"
    },
    {
      "event_id": "bf4c3e97-ccf3-484c-8efa-bbf143a3bada",
      "event_type": "promo_code_applied",
      "timestamp": "2026-08-08T13:44:38.637Z",
      "page_type": "cart",
      "page_url_path": "/cart.html",
      "code": "harshad",
      "result": "unknown",
      "discount_amount_shown": null
    }
  ]
}

--- [2026-08-08T13:48:51.179Z] PAYLOAD: tier0-9 ---
{
  "schema_version": "0.2.0",
  "beacon_id": "8801b22b-c93c-4044-99e1-51a627aeb9f2",
  "client_id": "shopora-prod",
  "session_token": "93dcd58e-1901-4548-a425-c569b5011b50",
  "tag_version": "0.2.0",
  "timestamp": "2026-08-08T13:48:51.157Z",
  "sampled": true,
  "page_type": "cart",
  "page_url_path": "/cart.html",
  "sequence_no": 1,
  "page_heading": "Shopping cart",
  "breadcrumb": [],
  "viewport": {
    "width": 1065,
    "height": 1138
  },
  "surface_id": "b8646b56-a4be-4efc-b729-2ddfb3d9390d",
  "region": "en",
  "identity_summary": {
    "state": "unknown"
  },
  "visible_query": null,
  "program_match": null,
  "page": {
    "page_type": "cart",
    "page_url": "http://127.0.0.1:8080/cart.html"
  },
  "signals": {
    "t1": [],
    "t2": {
      "page_context": "cart",
      "line_items": [
        {
          "name": "Orbit Pro Gaming Mouse",
          "quantity": 1,
          "line_total": "$29.99",
          "price": "$29.99",
          "old_price": "$39.99",
          "discount": "25% off"
        },
        {
          "name": "EcoSync Smart Plug Kit",
          "quantity": 1,
          "line_total": "$34.99",
          "price": "$34.99",
          "old_price": "$44.99",
          "discount": "22% off"
        },
        {
          "name": "SwiftPad Tablet 10.5\"",
          "quantity": 1,
          "line_total": "$219.99",
          "price": "$219.99",
          "old_price": "$259.99",
          "discount": "15% off"
        }
      ],
      "subtotal": "$284.97",
      "total": "$284.97",
      "savings_shown": "$60.00",
      "delivery_cost": "FREE",
      "subtotal_numeric": 284.97,
      "total_numeric": 284.97,
      "savings_numeric": 60,
      "item_count": 3,
      "promo_field_state": "hidden",
      "promo_field_present": true,
      "checkout_reachable": true,
      "shipping_bar_shown": true,
      "loyalty_balance_rendered": false,
      "promotions": [
        {
          "name": "",
          "amount": "-$0.00"
        }
      ],
      "shipping_threshold_message": "✓ You unlocked FREE delivery!",
      "free_shipping_eligibility": "unknown"
    },
    "t4": {
      "hydration_events": [
        {
          "metric": "cart_hydration_time_ms",
          "value": 56
        }
      ],
      "cart_math_match": true,
      "css_hidden_blocks": [
        {
          "selector": "summary-row savings",
          "gated_copy": "Promo\n                                        () Remove-$0.00",
          "rendered": false
        }
      ],
      "raw_url": "http://127.0.0.1:8080/cart.html"
    }
  },
  "budget": {
    "bytes_used": 1629,
    "hard_cap": 51200,
    "tiers_dropped": []
  },
  "privacy_metadata": {
    "pii_scrubbing_version": "0.2.0",
    "local_scrubbing_applied": true,
    "inputs_scrubbed": true,
    "scripts_removed": true,
    "styles_removed": true,
    "persistent_storage_used": false
  }
}

--- [2026-08-08T13:49:04.387Z] PAYLOAD: interaction_events ---
{
  "envelope_type": "interaction_events",
  "client_id": "shopora-prod",
  "session_token": "93dcd58e-1901-4548-a425-c569b5011b50",
  "flush_id": "a6aa7fb1-d886-4307-9e8e-35febeb72d52",
  "flush_reason": "unload",
  "events": [
    {
      "event_id": "7ad69f52-6315-423b-a9af-4349ba0e47e4",
      "event_type": "promo_code_rejected",
      "timestamp": "2026-08-08T13:49:03.669Z",
      "page_type": "cart",
      "page_url_path": "/cart.html",
      "code": "eywyeq",
      "result": "rejected",
      "discount_amount_shown": null
    }
  ]
}

--- [2026-08-08T13:49:34.938Z] PAYLOAD: tier0-9 ---
{
  "schema_version": "0.2.0",
  "beacon_id": "211c531a-2005-4413-851d-2ab6993a8201",
  "client_id": "shopora-prod",
  "session_token": "b08ca7e7-0f22-4fb7-9324-005b00612b23",
  "tag_version": "0.2.0",
  "timestamp": "2026-08-08T13:49:34.922Z",
  "sampled": true,
  "page_type": "homepage",
  "page_url_path": "/index.html",
  "sequence_no": 1,
  "page_heading": "Upgrade your everyday for less.",
  "breadcrumb": [],
  "viewport": {
    "width": 1065,
    "height": 1138
  },
  "surface_id": "87689cad-37f0-44c9-a0ef-819ef1ed7ef0",
  "region": "en",
  "identity_summary": {
    "state": "unknown"
  },
  "visible_query": null,
  "program_match": null,
  "page": {
    "page_type": "homepage",
    "page_url": "http://127.0.0.1:8080/index.html"
  },
  "signals": {
    "t1": [
      {
        "position": 1,
        "surface": "featured",
        "name": "VoltMax 15.6\" Laptop",
        "brand": "VoltMax",
        "price": 729.99,
        "currency": "USD",
        "old_price": 849.99,
        "has_markdown": true,
        "badge": "14% OFF",
        "discount_pct": 14,
        "availability": "in-stock",
        "sponsored": false,
        "delivery_promise": "FREE delivery Tomorrow",
        "discount_amount": "Save $120.00"
      },
      {
        "position": 2,
        "surface": "featured",
        "name": "PulseTune Wireless Headphones",
        "brand": "PulseTune",
        "price": 89.99,
        "currency": "USD",
        "old_price": 119.99,
        "has_markdown": true,
        "badge": "25% OFF",
        "discount_pct": 25,
        "availability": "in-stock",
        "sponsored": false,
        "delivery_promise": "FREE delivery Tomorrow",
        "discount_amount": "Save $30.00"
      },
      {
        "position": 3,
        "surface": "featured",
        "name": "Luna Cotton Graphic Tee",
        "brand": "Luna",
        "price": 18.99,
        "currency": "USD",
        "old_price": 24.99,
        "has_markdown": true,
        "badge": "24% OFF",
        "discount_pct": 24,
        "availability": "in-stock",
        "sponsored": false,
        "delivery_promise": "FREE delivery Tomorrow",
        "discount_amount": "Save $6.00"
      },
      {
        "position": 4,
        "surface": "featured",
        "name": "MetroStride Running Shoes",
        "brand": "MetroStride",
        "price": 74.99,
        "currency": "USD",
        "old_price": 94.99,
        "has_markdown": true,
        "badge": "21% OFF",
        "discount_pct": 21,
        "availability": "in-stock",
        "sponsored": false,
        "delivery_promise": "FREE delivery Tomorrow",
        "discount_amount": "Save $20.00"
      },
      {
        "position": 5,
        "surface": "featured",
        "name": "OakLine Coffee Table",
        "brand": "OakLine",
        "price": 129.99,
        "currency": "USD",
        "old_price": 159.99,
        "has_markdown": true,
        "badge": "19% OFF",
        "discount_pct": 19,
        "availability": "in-stock",
        "sponsored": false,
        "delivery_promise": "FREE delivery Tomorrow",
        "discount_amount": "Save $30.00"
      },
      {
        "position": 6,
        "surface": "featured",
        "name": "SoftNest Throw Blanket",
        "brand": "SoftNest",
        "price": 27.99,
        "currency": "USD",
        "old_price": 35.99,
        "has_markdown": true,
        "badge": "22% OFF",
        "discount_pct": 22,
        "availability": "in-stock",
        "sponsored": false,
        "delivery_promise": "FREE delivery Tomorrow",
        "discount_amount": "Save $8.00"
      },
      {
        "position": 7,
        "surface": "featured",
        "name": "The Last Library",
        "brand": "The",
        "price": 14.99,
        "currency": "USD",
        "old_price": 19.99,
        "has_markdown": true,
        "badge": "25% OFF",
        "discount_pct": 25,
        "availability": "in-stock",
        "sponsored": false,
        "delivery_promise": "FREE delivery Tomorrow",
        "discount_amount": "Save $5.00"
      },
      {
        "position": 8,
        "surface": "featured",
        "name": "Coding for Everyone",
        "brand": "Coding",
        "price": 21.99,
        "currency": "USD",
        "old_price": 26.99,
        "has_markdown": true,
        "badge": "19% OFF",
        "discount_pct": 19,
        "availability": "in-stock",
        "sponsored": false,
        "delivery_promise": "FREE delivery Tomorrow",
        "discount_amount": "Save $5.00"
      }
    ],
    "t3": {
      "total_products": 8,
      "sponsored_count": 0,
      "organic_count": 8,
      "discounted_count": 8,
      "full_price_count": 0,
      "out_of_stock_count": 0,
      "low_stock_count": 0,
      "discount_pct_min": 14,
      "discount_pct_max": 25,
      "discount_pct_median": 22,
      "price_min": 14.99,
      "price_max": 729.99,
      "price_currency": "USD"
    },
    "t4": {
      "hydration_events": [
        {
          "metric": "cart_hydration_time_ms",
          "value": 0
        }
      ],
      "css_hidden_blocks": [
        {
          "selector": "sr-only",
          "gated_copy": "Email address",
          "rendered": false
        }
      ],
      "metadata": {
        "meta_description": "Shop electronics, fashion, home essentials and books at SHOPORA with fast delivery and secure checkout."
      },
      "raw_url": "http://127.0.0.1:8080/index.html"
    }
  },
  "budget": {
    "bytes_used": 3583,
    "hard_cap": 51200,
    "tiers_dropped": []
  },
  "privacy_metadata": {
    "pii_scrubbing_version": "0.2.0",
    "local_scrubbing_applied": true,
    "inputs_scrubbed": true,
    "scripts_removed": true,
    "styles_removed": true,
    "persistent_storage_used": false
  }
}

--- [2026-08-08T13:49:43.660Z] PAYLOAD: tier0-9 ---
{
  "schema_version": "0.2.0",
  "beacon_id": "eb2c2d80-d040-4314-a45b-ad8b33c57db8",
  "client_id": "shopora-prod",
  "session_token": "a21ceebd-8057-45bc-993c-007ee66a9217",
  "tag_version": "0.2.0",
  "timestamp": "2026-08-08T13:49:43.646Z",
  "sampled": true,
  "page_type": "category",
  "page_url_path": "/category.html?wishlist=true",
  "sequence_no": 1,
  "page_heading": "All products",
  "breadcrumb": [],
  "viewport": {
    "width": 1065,
    "height": 1138
  },
  "surface_id": "f1ee213f-0c76-41fd-885d-628ebe56f370",
  "region": "en",
  "identity_summary": {
    "state": "unknown"
  },
  "visible_query": null,
  "program_match": null,
  "page": {
    "page_type": "category",
    "page_url": "http://127.0.0.1:8080/category.html?wishlist=true"
  },
  "signals": {
    "t1": [
      {
        "position": 1,
        "surface": "catalog-grid",
        "name": "PebbleBath Towel Set",
        "brand": "PebbleBath",
        "price": 31.99,
        "currency": "USD",
        "old_price": 41.99,
        "has_markdown": true,
        "badge": "24% OFF",
        "discount_pct": 24,
        "availability": "in-stock",
        "sponsored": false,
        "delivery_promise": "FREE delivery Tomorrow",
        "discount_amount": "Save $10.00"
      },
      {
        "position": 2,
        "surface": "catalog-grid",
        "name": "The Last Library",
        "brand": "The",
        "price": 14.99,
        "currency": "USD",
        "old_price": 19.99,
        "has_markdown": true,
        "badge": "25% OFF",
        "discount_pct": 25,
        "availability": "in-stock",
        "sponsored": false,
        "delivery_promise": "FREE delivery Tomorrow",
        "discount_amount": "Save $5.00"
      },
      {
        "position": 3,
        "surface": "catalog-grid",
        "name": "PulseTune Wireless Headphones",
        "brand": "PulseTune",
        "price": 89.99,
        "currency": "USD",
        "old_price": 119.99,
        "has_markdown": true,
        "badge": "25% OFF",
        "discount_pct": 25,
        "availability": "in-stock",
        "sponsored": false,
        "delivery_promise": "FREE delivery Tomorrow",
        "discount_amount": "Save $30.00"
      },
      {
        "position": 4,
        "surface": "catalog-grid",
        "name": "SparkStone Candle Set",
        "brand": "SparkStone",
        "price": 22.99,
        "currency": "USD",
        "old_price": 28.99,
        "has_markdown": true,
        "badge": "21% OFF",
        "discount_pct": 21,
        "availability": "in-stock",
        "sponsored": false,
        "delivery_promise": "FREE delivery Tomorrow",
        "discount_amount": "Save $6.00"
      },
      {
        "position": 5,
        "surface": "catalog-grid",
        "name": "VoltMax 15.6\" Laptop",
        "brand": "VoltMax",
        "price": 729.99,
        "currency": "USD",
        "old_price": 849.99,
        "has_markdown": true,
        "badge": "14% OFF",
        "discount_pct": 14,
        "availability": "in-stock",
        "sponsored": false,
        "delivery_promise": "FREE delivery Tomorrow",
        "discount_amount": "Save $120.00"
      },
      {
        "position": 6,
        "surface": "catalog-grid",
        "name": "Luna Cotton Graphic Tee",
        "brand": "Luna",
        "price": 18.99,
        "currency": "USD",
        "old_price": 24.99,
        "has_markdown": true,
        "badge": "24% OFF",
        "discount_pct": 24,
        "availability": "in-stock",
        "sponsored": false,
        "delivery_promise": "FREE delivery Tomorrow",
        "discount_amount": "Save $6.00"
      }
    ],
    "t3": {
      "total_products": 6,
      "sponsored_count": 0,
      "organic_count": 6,
      "discounted_count": 6,
      "full_price_count": 0,
      "out_of_stock_count": 0,
      "low_stock_count": 0,
      "discount_pct_min": 14,
      "discount_pct_max": 25,
      "discount_pct_median": 24,
      "price_min": 14.99,
      "price_max": 729.99,
      "price_currency": "USD"
    },
    "t4": {
      "hydration_events": [
        {
          "metric": "cart_hydration_time_ms",
          "value": 0
        }
      ],
      "result_count_stated": 6,
      "result_count_rendered": 6,
      "result_count_match": true,
      "css_hidden_blocks": [
        {
          "selector": "empty-results",
          "gated_copy": "⌕\n                                        No products found\n                                        ",
          "rendered": false
        }
      ],
      "metadata": {
        "meta_description": "Browse and filter all SHOPORA products."
      },
      "raw_url": "http://127.0.0.1:8080/category.html?wishlist=true"
    }
  },
  "budget": {
    "bytes_used": 3107,
    "hard_cap": 51200,
    "tiers_dropped": []
  },
  "privacy_metadata": {
    "pii_scrubbing_version": "0.2.0",
    "local_scrubbing_applied": true,
    "inputs_scrubbed": true,
    "scripts_removed": true,
    "styles_removed": true,
    "persistent_storage_used": false
  }
}

--- [2026-08-08T13:50:27.974Z] PAYLOAD: tier0-9 ---
{
  "schema_version": "0.2.0",
  "beacon_id": "6665af99-7e70-49d9-89ff-2f6703954b46",
  "client_id": "shopora-prod",
  "session_token": "c4178f8b-8133-434a-8037-69b96f3b96e9",
  "tag_version": "0.2.0",
  "timestamp": "2026-08-08T13:50:27.963Z",
  "sampled": true,
  "page_type": "homepage",
  "page_url_path": "/index.html",
  "sequence_no": 1,
  "page_heading": "Upgrade your everyday for less.",
  "breadcrumb": [],
  "viewport": {
    "width": 1065,
    "height": 1138
  },
  "surface_id": "5acc1488-e195-4cd0-a1b4-84204535feeb",
  "region": "en",
  "identity_summary": {
    "state": "unknown"
  },
  "visible_query": null,
  "program_match": null,
  "page": {
    "page_type": "homepage",
    "page_url": "http://127.0.0.1:8080/index.html"
  },
  "signals": {
    "t1": [
      {
        "position": 1,
        "surface": "featured",
        "name": "VoltMax 15.6\" Laptop",
        "brand": "VoltMax",
        "price": 729.99,
        "currency": "USD",
        "old_price": 849.99,
        "has_markdown": true,
        "badge": "14% OFF",
        "discount_pct": 14,
        "availability": "in-stock",
        "sponsored": false,
        "delivery_promise": "FREE delivery Tomorrow",
        "discount_amount": "Save $120.00"
      },
      {
        "position": 2,
        "surface": "featured",
        "name": "PulseTune Wireless Headphones",
        "brand": "PulseTune",
        "price": 89.99,
        "currency": "USD",
        "old_price": 119.99,
        "has_markdown": true,
        "badge": "25% OFF",
        "discount_pct": 25,
        "availability": "in-stock",
        "sponsored": false,
        "delivery_promise": "FREE delivery Tomorrow",
        "discount_amount": "Save $30.00"
      },
      {
        "position": 3,
        "surface": "featured",
        "name": "Luna Cotton Graphic Tee",
        "brand": "Luna",
        "price": 18.99,
        "currency": "USD",
        "old_price": 24.99,
        "has_markdown": true,
        "badge": "24% OFF",
        "discount_pct": 24,
        "availability": "in-stock",
        "sponsored": false,
        "delivery_promise": "FREE delivery Tomorrow",
        "discount_amount": "Save $6.00"
      },
      {
        "position": 4,
        "surface": "featured",
        "name": "MetroStride Running Shoes",
        "brand": "MetroStride",
        "price": 74.99,
        "currency": "USD",
        "old_price": 94.99,
        "has_markdown": true,
        "badge": "21% OFF",
        "discount_pct": 21,
        "availability": "in-stock",
        "sponsored": false,
        "delivery_promise": "FREE delivery Tomorrow",
        "discount_amount": "Save $20.00"
      },
      {
        "position": 5,
        "surface": "featured",
        "name": "OakLine Coffee Table",
        "brand": "OakLine",
        "price": 129.99,
        "currency": "USD",
        "old_price": 159.99,
        "has_markdown": true,
        "badge": "19% OFF",
        "discount_pct": 19,
        "availability": "in-stock",
        "sponsored": false,
        "delivery_promise": "FREE delivery Tomorrow",
        "discount_amount": "Save $30.00"
      },
      {
        "position": 6,
        "surface": "featured",
        "name": "SoftNest Throw Blanket",
        "brand": "SoftNest",
        "price": 27.99,
        "currency": "USD",
        "old_price": 35.99,
        "has_markdown": true,
        "badge": "22% OFF",
        "discount_pct": 22,
        "availability": "in-stock",
        "sponsored": false,
        "delivery_promise": "FREE delivery Tomorrow",
        "discount_amount": "Save $8.00"
      },
      {
        "position": 7,
        "surface": "featured",
        "name": "The Last Library",
        "brand": "The",
        "price": 14.99,
        "currency": "USD",
        "old_price": 19.99,
        "has_markdown": true,
        "badge": "25% OFF",
        "discount_pct": 25,
        "availability": "in-stock",
        "sponsored": false,
        "delivery_promise": "FREE delivery Tomorrow",
        "discount_amount": "Save $5.00"
      },
      {
        "position": 8,
        "surface": "featured",
        "name": "Coding for Everyone",
        "brand": "Coding",
        "price": 21.99,
        "currency": "USD",
        "old_price": 26.99,
        "has_markdown": true,
        "badge": "19% OFF",
        "discount_pct": 19,
        "availability": "in-stock",
        "sponsored": false,
        "delivery_promise": "FREE delivery Tomorrow",
        "discount_amount": "Save $5.00"
      }
    ],
    "t3": {
      "total_products": 8,
      "sponsored_count": 0,
      "organic_count": 8,
      "discounted_count": 8,
      "full_price_count": 0,
      "out_of_stock_count": 0,
      "low_stock_count": 0,
      "discount_pct_min": 14,
      "discount_pct_max": 25,
      "discount_pct_median": 22,
      "price_min": 14.99,
      "price_max": 729.99,
      "price_currency": "USD"
    },
    "t4": {
      "hydration_events": [
        {
          "metric": "cart_hydration_time_ms",
          "value": 0
        }
      ],
      "css_hidden_blocks": [
        {
          "selector": "sr-only",
          "gated_copy": "Email address",
          "rendered": false
        }
      ],
      "metadata": {
        "meta_description": "Shop electronics, fashion, home essentials and books at SHOPORA with fast delivery and secure checkout."
      },
      "raw_url": "http://127.0.0.1:8080/index.html"
    }
  },
  "budget": {
    "bytes_used": 3583,
    "hard_cap": 51200,
    "tiers_dropped": []
  },
  "privacy_metadata": {
    "pii_scrubbing_version": "0.2.0",
    "local_scrubbing_applied": true,
    "inputs_scrubbed": true,
    "scripts_removed": true,
    "styles_removed": true,
    "persistent_storage_used": false
  }
}

--- [2026-08-08T13:50:39.016Z] PAYLOAD: interaction_events ---
{
  "envelope_type": "interaction_events",
  "client_id": "shopora-prod",
  "session_token": "c4178f8b-8133-434a-8037-69b96f3b96e9",
  "flush_id": "8719a8fa-3371-4b8c-8051-9e91603d9740",
  "flush_reason": "pagehide",
  "events": [
    {
      "event_id": "d3a30f0b-38c6-43b8-b94f-2f29f9fbdd89",
      "event_type": "wishlist_added",
      "timestamp": "2026-08-08T13:50:38.932Z",
      "page_type": "homepage",
      "page_url_path": "/index.html",
      "sku": "ho-1",
      "surface": "catalog-grid",
      "position": 5,
      "displayed_price": "$129.99"
    }
  ]
}

--- [2026-08-08T13:50:39.591Z] PAYLOAD: tier0-9 ---
{
  "schema_version": "0.2.0",
  "beacon_id": "2c660239-0ede-4fdd-a75d-2f5b561b0956",
  "client_id": "shopora-prod",
  "session_token": "702605ef-e81c-40a7-886a-f348c9f1e2ed",
  "tag_version": "0.2.0",
  "timestamp": "2026-08-08T13:50:39.582Z",
  "sampled": true,
  "page_type": "pdp",
  "page_url_path": "/pdp.html?id=ho-1",
  "sequence_no": 1,
  "page_heading": "OakLine Coffee Table",
  "breadcrumb": [
    "HOME /",
    "HOME /",
    "OAKLINE"
  ],
  "viewport": {
    "width": 1065,
    "height": 1138
  },
  "surface_id": "ac4e820f-aff6-4a7a-b179-a3a9821e8f44",
  "region": "en",
  "identity_summary": {
    "state": "unknown"
  },
  "visible_query": null,
  "program_match": null,
  "page": {
    "page_type": "pdp",
    "page_url": "http://127.0.0.1:8080/pdp.html?id=ho-1"
  },
  "signals": {
    "t1": [
      {
        "position": 1,
        "surface": "hero",
        "name": "Product Specifications",
        "brand": "OakLine Official",
        "price": 129.99,
        "currency": "USD",
        "old_price": 159.99,
        "has_markdown": true,
        "badge": "SAVE 19%",
        "discount_pct": 19,
        "availability": "in-stock",
        "sponsored": false,
        "delivery_promise": "Order within 5 hrs",
        "visible_category_words": [
          "home"
        ],
        "badges": [
          "• High Demand"
        ]
      }
    ],
    "t4": {
      "hydration_events": [
        {
          "metric": "cart_hydration_time_ms",
          "value": 0
        }
      ],
      "css_hidden_blocks": [
        {
          "selector": "pdp-accordion-content",
          "gated_copy": "Standard Delivery: 3-5 business days. Free for orders over $50.\n                \n                \n  ",
          "rendered": false
        }
      ],
      "raw_url": "http://127.0.0.1:8080/pdp.html?id=ho-1"
    }
  },
  "budget": {
    "bytes_used": 1156,
    "hard_cap": 51200,
    "tiers_dropped": []
  },
  "privacy_metadata": {
    "pii_scrubbing_version": "0.2.0",
    "local_scrubbing_applied": true,
    "inputs_scrubbed": true,
    "scripts_removed": true,
    "styles_removed": true,
    "persistent_storage_used": false
  }
}

--- [2026-08-08T13:52:30.313Z] PAYLOAD: tier0-9 ---
{
  "schema_version": "0.2.0",
  "beacon_id": "701c8b15-2744-4226-b01f-aeaced8e7c19",
  "client_id": "shopora-prod",
  "session_token": "7889e972-762f-498d-ae6f-3fcfc276af5e",
  "tag_version": "0.2.0",
  "timestamp": "2026-08-08T13:52:30.298Z",
  "sampled": true,
  "page_type": "homepage",
  "page_url_path": "/index.html",
  "sequence_no": 1,
  "page_heading": "Upgrade your everyday for less.",
  "breadcrumb": [],
  "viewport": {
    "width": 1065,
    "height": 1138
  },
  "surface_id": "121ae852-ab57-4a37-98de-36638ef9d203",
  "region": "en",
  "identity_summary": {
    "state": "unknown"
  },
  "visible_query": null,
  "program_match": null,
  "page": {
    "page_type": "homepage",
    "page_url": "http://127.0.0.1:8080/index.html"
  },
  "signals": {
    "t1": [
      {
        "position": 1,
        "surface": "featured",
        "name": "VoltMax 15.6\" Laptop",
        "brand": "VoltMax",
        "price": 729.99,
        "currency": "USD",
        "old_price": 849.99,
        "has_markdown": true,
        "badge": "14% OFF",
        "discount_pct": 14,
        "availability": "in-stock",
        "sponsored": false,
        "delivery_promise": "FREE delivery Tomorrow",
        "discount_amount": "Save $120.00"
      },
      {
        "position": 2,
        "surface": "featured",
        "name": "PulseTune Wireless Headphones",
        "brand": "PulseTune",
        "price": 89.99,
        "currency": "USD",
        "old_price": 119.99,
        "has_markdown": true,
        "badge": "25% OFF",
        "discount_pct": 25,
        "availability": "in-stock",
        "sponsored": false,
        "delivery_promise": "FREE delivery Tomorrow",
        "discount_amount": "Save $30.00"
      },
      {
        "position": 3,
        "surface": "featured",
        "name": "Luna Cotton Graphic Tee",
        "brand": "Luna",
        "price": 18.99,
        "currency": "USD",
        "old_price": 24.99,
        "has_markdown": true,
        "badge": "24% OFF",
        "discount_pct": 24,
        "availability": "in-stock",
        "sponsored": false,
        "delivery_promise": "FREE delivery Tomorrow",
        "discount_amount": "Save $6.00"
      },
      {
        "position": 4,
        "surface": "featured",
        "name": "MetroStride Running Shoes",
        "brand": "MetroStride",
        "price": 74.99,
        "currency": "USD",
        "old_price": 94.99,
        "has_markdown": true,
        "badge": "21% OFF",
        "discount_pct": 21,
        "availability": "in-stock",
        "sponsored": false,
        "delivery_promise": "FREE delivery Tomorrow",
        "discount_amount": "Save $20.00"
      },
      {
        "position": 5,
        "surface": "featured",
        "name": "OakLine Coffee Table",
        "brand": "OakLine",
        "price": 129.99,
        "currency": "USD",
        "old_price": 159.99,
        "has_markdown": true,
        "badge": "19% OFF",
        "discount_pct": 19,
        "availability": "in-stock",
        "sponsored": false,
        "delivery_promise": "FREE delivery Tomorrow",
        "discount_amount": "Save $30.00"
      },
      {
        "position": 6,
        "surface": "featured",
        "name": "SoftNest Throw Blanket",
        "brand": "SoftNest",
        "price": 27.99,
        "currency": "USD",
        "old_price": 35.99,
        "has_markdown": true,
        "badge": "22% OFF",
        "discount_pct": 22,
        "availability": "in-stock",
        "sponsored": false,
        "delivery_promise": "FREE delivery Tomorrow",
        "discount_amount": "Save $8.00"
      },
      {
        "position": 7,
        "surface": "featured",
        "name": "The Last Library",
        "brand": "The",
        "price": 14.99,
        "currency": "USD",
        "old_price": 19.99,
        "has_markdown": true,
        "badge": "25% OFF",
        "discount_pct": 25,
        "availability": "in-stock",
        "sponsored": false,
        "delivery_promise": "FREE delivery Tomorrow",
        "discount_amount": "Save $5.00"
      },
      {
        "position": 8,
        "surface": "featured",
        "name": "Coding for Everyone",
        "brand": "Coding",
        "price": 21.99,
        "currency": "USD",
        "old_price": 26.99,
        "has_markdown": true,
        "badge": "19% OFF",
        "discount_pct": 19,
        "availability": "in-stock",
        "sponsored": false,
        "delivery_promise": "FREE delivery Tomorrow",
        "discount_amount": "Save $5.00"
      }
    ],
    "t3": {
      "total_products": 8,
      "sponsored_count": 0,
      "organic_count": 8,
      "discounted_count": 8,
      "full_price_count": 0,
      "out_of_stock_count": 0,
      "low_stock_count": 0,
      "discount_pct_min": 14,
      "discount_pct_max": 25,
      "discount_pct_median": 22,
      "price_min": 14.99,
      "price_max": 729.99,
      "price_currency": "USD"
    },
    "t4": {
      "hydration_events": [
        {
          "metric": "cart_hydration_time_ms",
          "value": 0
        }
      ],
      "css_hidden_blocks": [
        {
          "selector": "sr-only",
          "gated_copy": "Email address",
          "rendered": false
        }
      ],
      "metadata": {
        "meta_description": "Shop electronics, fashion, home essentials and books at SHOPORA with fast delivery and secure checkout."
      },
      "raw_url": "http://127.0.0.1:8080/index.html"
    }
  },
  "budget": {
    "bytes_used": 3583,
    "hard_cap": 51200,
    "tiers_dropped": []
  },
  "privacy_metadata": {
    "pii_scrubbing_version": "0.2.0",
    "local_scrubbing_applied": true,
    "inputs_scrubbed": true,
    "scripts_removed": true,
    "styles_removed": true,
    "persistent_storage_used": false
  }
}

--- [2026-08-08T13:52:34.332Z] PAYLOAD: interaction_events ---
{
  "envelope_type": "interaction_events",
  "client_id": "shopora-prod",
  "session_token": "7889e972-762f-498d-ae6f-3fcfc276af5e",
  "flush_id": "dc612f60-7a83-49b0-9ceb-1e6e57113a1e",
  "flush_reason": "pagehide",
  "events": [
    {
      "event_id": "9f9ec678-a015-4c3b-bd7f-ff9045e1ab4a",
      "event_type": "wishlist_added",
      "timestamp": "2026-08-08T13:52:34.238Z",
      "page_type": "homepage",
      "page_url_path": "/index.html",
      "sku": "bo-10",
      "surface": "catalog-grid",
      "position": 8,
      "displayed_price": "$21.99"
    }
  ]
}

--- [2026-08-08T13:52:34.894Z] PAYLOAD: tier0-9 ---
{
  "schema_version": "0.2.0",
  "beacon_id": "dbd23643-4ce7-477e-8885-45d609dadac8",
  "client_id": "shopora-prod",
  "session_token": "613359e1-1369-4de6-9b0b-eb5c91062257",
  "tag_version": "0.2.0",
  "timestamp": "2026-08-08T13:52:34.881Z",
  "sampled": true,
  "page_type": "pdp",
  "page_url_path": "/pdp.html?id=bo-10",
  "sequence_no": 1,
  "page_heading": "Coding for Everyone",
  "breadcrumb": [
    "HOME /",
    "BOOKS /",
    "CODING"
  ],
  "viewport": {
    "width": 1065,
    "height": 1138
  },
  "surface_id": "853d91e8-6179-42de-8875-00e521f45b3c",
  "region": "en",
  "identity_summary": {
    "state": "unknown"
  },
  "visible_query": null,
  "program_match": null,
  "page": {
    "page_type": "pdp",
    "page_url": "http://127.0.0.1:8080/pdp.html?id=bo-10"
  },
  "signals": {
    "t1": [
      {
        "position": 1,
        "surface": "hero",
        "name": "Product Specifications",
        "brand": "Coding Official",
        "price": 21.99,
        "currency": "USD",
        "old_price": 26.99,
        "has_markdown": true,
        "badge": "SAVE 19%",
        "discount_pct": 19,
        "availability": "in-stock",
        "sponsored": false,
        "delivery_promise": "Order within 5 hrs",
        "visible_category_words": [
          "books"
        ],
        "badges": [
          "• High Demand"
        ]
      }
    ],
    "t4": {
      "hydration_events": [
        {
          "metric": "cart_hydration_time_ms",
          "value": 0
        }
      ],
      "css_hidden_blocks": [
        {
          "selector": "pdp-accordion-content",
          "gated_copy": "Standard Delivery: 3-5 business days. Free for orders over $50.\n                \n                \n  ",
          "rendered": false
        }
      ],
      "raw_url": "http://127.0.0.1:8080/pdp.html?id=bo-10"
    }
  },
  "budget": {
    "bytes_used": 1155,
    "hard_cap": 51200,
    "tiers_dropped": []
  },
  "privacy_metadata": {
    "pii_scrubbing_version": "0.2.0",
    "local_scrubbing_applied": true,
    "inputs_scrubbed": true,
    "scripts_removed": true,
    "styles_removed": true,
    "persistent_storage_used": false
  }
}

--- [2026-08-08T13:53:32.616Z] PAYLOAD: interaction_events ---
{
  "envelope_type": "interaction_events",
  "client_id": "shopora-prod",
  "session_token": "7889e972-762f-498d-ae6f-3fcfc276af5e",
  "flush_id": "856b2d0a-8e64-4a62-8c9e-33f6f62b08af",
  "flush_reason": "pagehide",
  "events": [
    {
      "event_id": "d028de20-8ab3-4391-8a14-d3d63efeb98b",
      "event_type": "wishlist_added",
      "timestamp": "2026-08-08T13:53:32.527Z",
      "page_type": "homepage",
      "page_url_path": "/index.html",
      "sku": "ho-4",
      "surface": "catalog-grid",
      "position": 6,
      "displayed_price": "$27.99"
    }
  ]
}

--- [2026-08-08T13:53:33.209Z] PAYLOAD: tier0-9 ---
{
  "schema_version": "0.2.0",
  "beacon_id": "5cc5914f-dfc6-47c7-b50a-7cf3326bbac0",
  "client_id": "shopora-prod",
  "session_token": "5d00d7ad-a17e-492f-a6e1-637078534e82",
  "tag_version": "0.2.0",
  "timestamp": "2026-08-08T13:53:33.200Z",
  "sampled": true,
  "page_type": "pdp",
  "page_url_path": "/pdp.html?id=ho-4",
  "sequence_no": 1,
  "page_heading": "SoftNest Throw Blanket",
  "breadcrumb": [
    "HOME /",
    "HOME /",
    "SOFTNEST"
  ],
  "viewport": {
    "width": 1065,
    "height": 1138
  },
  "surface_id": "ca9badf7-7ad2-4f6d-8db9-d502b1596f7a",
  "region": "en",
  "identity_summary": {
    "state": "unknown"
  },
  "visible_query": null,
  "program_match": null,
  "page": {
    "page_type": "pdp",
    "page_url": "http://127.0.0.1:8080/pdp.html?id=ho-4"
  },
  "signals": {
    "t1": [
      {
        "position": 1,
        "surface": "hero",
        "name": "Product Specifications",
        "brand": "SoftNest Official",
        "price": 27.99,
        "currency": "USD",
        "old_price": 35.99,
        "has_markdown": true,
        "badge": "SAVE 22%",
        "discount_pct": 22,
        "availability": "in-stock",
        "sponsored": false,
        "delivery_promise": "Order within 5 hrs",
        "visible_category_words": [
          "home"
        ],
        "badges": [
          "• High Demand"
        ]
      }
    ],
    "t4": {
      "hydration_events": [
        {
          "metric": "cart_hydration_time_ms",
          "value": 0
        }
      ],
      "css_hidden_blocks": [
        {
          "selector": "pdp-accordion-content",
          "gated_copy": "Standard Delivery: 3-5 business days. Free for orders over $50.\n                \n                \n  ",
          "rendered": false
        }
      ],
      "raw_url": "http://127.0.0.1:8080/pdp.html?id=ho-4"
    }
  },
  "budget": {
    "bytes_used": 1158,
    "hard_cap": 51200,
    "tiers_dropped": []
  },
  "privacy_metadata": {
    "pii_scrubbing_version": "0.2.0",
    "local_scrubbing_applied": true,
    "inputs_scrubbed": true,
    "scripts_removed": true,
    "styles_removed": true,
    "persistent_storage_used": false
  }
}

--- [2026-08-08T13:54:00.929Z] PAYLOAD: interaction_events ---
{
  "envelope_type": "interaction_events",
  "client_id": "shopora-prod",
  "session_token": "7889e972-762f-498d-ae6f-3fcfc276af5e",
  "flush_id": "97935ae4-5baf-44ce-92ef-e5826c47e523",
  "flush_reason": "pagehide",
  "events": [
    {
      "event_id": "003face7-194b-4346-8a50-e883afb62f6d",
      "event_type": "wishlist_added",
      "timestamp": "2026-08-08T13:54:00.834Z",
      "page_type": "homepage",
      "page_url_path": "/index.html",
      "sku": "ho-1",
      "surface": "catalog-grid",
      "position": 5,
      "displayed_price": "$129.99"
    }
  ]
}

--- [2026-08-08T13:54:01.481Z] PAYLOAD: tier0-9 ---
{
  "schema_version": "0.2.0",
  "beacon_id": "cccbad5e-431f-4143-a563-d2848e3f8002",
  "client_id": "shopora-prod",
  "session_token": "f1ce92f9-b821-4af6-babe-0c53e7118ba7",
  "tag_version": "0.2.0",
  "timestamp": "2026-08-08T13:54:01.468Z",
  "sampled": true,
  "page_type": "pdp",
  "page_url_path": "/pdp.html?id=ho-1",
  "sequence_no": 1,
  "page_heading": "OakLine Coffee Table",
  "breadcrumb": [
    "HOME /",
    "HOME /",
    "OAKLINE"
  ],
  "viewport": {
    "width": 1065,
    "height": 1138
  },
  "surface_id": "c716ea02-98c4-41de-9b91-7680f6c9337b",
  "region": "en",
  "identity_summary": {
    "state": "unknown"
  },
  "visible_query": null,
  "program_match": null,
  "page": {
    "page_type": "pdp",
    "page_url": "http://127.0.0.1:8080/pdp.html?id=ho-1"
  },
  "signals": {
    "t1": [
      {
        "position": 1,
        "surface": "hero",
        "name": "Product Specifications",
        "brand": "OakLine Official",
        "price": 129.99,
        "currency": "USD",
        "old_price": 159.99,
        "has_markdown": true,
        "badge": "SAVE 19%",
        "discount_pct": 19,
        "availability": "in-stock",
        "sponsored": false,
        "delivery_promise": "Order within 5 hrs",
        "visible_category_words": [
          "home"
        ],
        "badges": [
          "• High Demand"
        ]
      }
    ],
    "t4": {
      "hydration_events": [
        {
          "metric": "cart_hydration_time_ms",
          "value": 0
        }
      ],
      "css_hidden_blocks": [
        {
          "selector": "pdp-accordion-content",
          "gated_copy": "Standard Delivery: 3-5 business days. Free for orders over $50.\n                \n                \n  ",
          "rendered": false
        }
      ],
      "raw_url": "http://127.0.0.1:8080/pdp.html?id=ho-1"
    }
  },
  "budget": {
    "bytes_used": 1156,
    "hard_cap": 51200,
    "tiers_dropped": []
  },
  "privacy_metadata": {
    "pii_scrubbing_version": "0.2.0",
    "local_scrubbing_applied": true,
    "inputs_scrubbed": true,
    "scripts_removed": true,
    "styles_removed": true,
    "persistent_storage_used": false
  }
}

--- [2026-08-08T13:54:14.573Z] PAYLOAD: tier0-9 ---
{
  "schema_version": "0.2.0",
  "beacon_id": "94d27d71-a39a-453c-88da-c5cfd4982bde",
  "client_id": "shopora-prod",
  "session_token": "3421d733-6fed-4de5-a7b3-65a84102c59c",
  "tag_version": "0.2.0",
  "timestamp": "2026-08-08T13:54:14.559Z",
  "sampled": true,
  "page_type": "category",
  "page_url_path": "/category.html?wishlist=true",
  "sequence_no": 1,
  "page_heading": "All products",
  "breadcrumb": [],
  "viewport": {
    "width": 1065,
    "height": 1138
  },
  "surface_id": "21b0de39-190d-41ed-884d-f17bd86bad28",
  "region": "en",
  "identity_summary": {
    "state": "unknown"
  },
  "visible_query": null,
  "program_match": null,
  "page": {
    "page_type": "category",
    "page_url": "http://127.0.0.1:8080/category.html?wishlist=true"
  },
  "signals": {
    "t1": [
      {
        "position": 1,
        "surface": "catalog-grid",
        "name": "SoftNest Throw Blanket",
        "brand": "SoftNest",
        "price": 27.99,
        "currency": "USD",
        "old_price": 35.99,
        "has_markdown": true,
        "badge": "22% OFF",
        "discount_pct": 22,
        "availability": "in-stock",
        "sponsored": false,
        "delivery_promise": "FREE delivery Tomorrow",
        "discount_amount": "Save $8.00"
      },
      {
        "position": 2,
        "surface": "catalog-grid",
        "name": "PebbleBath Towel Set",
        "brand": "PebbleBath",
        "price": 31.99,
        "currency": "USD",
        "old_price": 41.99,
        "has_markdown": true,
        "badge": "24% OFF",
        "discount_pct": 24,
        "availability": "in-stock",
        "sponsored": false,
        "delivery_promise": "FREE delivery Tomorrow",
        "discount_amount": "Save $10.00"
      },
      {
        "position": 3,
        "surface": "catalog-grid",
        "name": "The Last Library",
        "brand": "The",
        "price": 14.99,
        "currency": "USD",
        "old_price": 19.99,
        "has_markdown": true,
        "badge": "25% OFF",
        "discount_pct": 25,
        "availability": "in-stock",
        "sponsored": false,
        "delivery_promise": "FREE delivery Tomorrow",
        "discount_amount": "Save $5.00"
      },
      {
        "position": 4,
        "surface": "catalog-grid",
        "name": "Coding for Everyone",
        "brand": "Coding",
        "price": 21.99,
        "currency": "USD",
        "old_price": 26.99,
        "has_markdown": true,
        "badge": "19% OFF",
        "discount_pct": 19,
        "availability": "in-stock",
        "sponsored": false,
        "delivery_promise": "FREE delivery Tomorrow",
        "discount_amount": "Save $5.00"
      },
      {
        "position": 5,
        "surface": "catalog-grid",
        "name": "PulseTune Wireless Headphones",
        "brand": "PulseTune",
        "price": 89.99,
        "currency": "USD",
        "old_price": 119.99,
        "has_markdown": true,
        "badge": "25% OFF",
        "discount_pct": 25,
        "availability": "in-stock",
        "sponsored": false,
        "delivery_promise": "FREE delivery Tomorrow",
        "discount_amount": "Save $30.00"
      },
      {
        "position": 6,
        "surface": "catalog-grid",
        "name": "SparkStone Candle Set",
        "brand": "SparkStone",
        "price": 22.99,
        "currency": "USD",
        "old_price": 28.99,
        "has_markdown": true,
        "badge": "21% OFF",
        "discount_pct": 21,
        "availability": "in-stock",
        "sponsored": false,
        "delivery_promise": "FREE delivery Tomorrow",
        "discount_amount": "Save $6.00"
      },
      {
        "position": 7,
        "surface": "catalog-grid",
        "name": "VoltMax 15.6\" Laptop",
        "brand": "VoltMax",
        "price": 729.99,
        "currency": "USD",
        "old_price": 849.99,
        "has_markdown": true,
        "badge": "14% OFF",
        "discount_pct": 14,
        "availability": "in-stock",
        "sponsored": false,
        "delivery_promise": "FREE delivery Tomorrow",
        "discount_amount": "Save $120.00"
      },
      {
        "position": 8,
        "surface": "catalog-grid",
        "name": "Luna Cotton Graphic Tee",
        "brand": "Luna",
        "price": 18.99,
        "currency": "USD",
        "old_price": 24.99,
        "has_markdown": true,
        "badge": "24% OFF",
        "discount_pct": 24,
        "availability": "in-stock",
        "sponsored": false,
        "delivery_promise": "FREE delivery Tomorrow",
        "discount_amount": "Save $6.00"
      }
    ],
    "t3": {
      "total_products": 8,
      "sponsored_count": 0,
      "organic_count": 8,
      "discounted_count": 8,
      "full_price_count": 0,
      "out_of_stock_count": 0,
      "low_stock_count": 0,
      "discount_pct_min": 14,
      "discount_pct_max": 25,
      "discount_pct_median": 23,
      "price_min": 14.99,
      "price_max": 729.99,
      "price_currency": "USD"
    },
    "t4": {
      "hydration_events": [
        {
          "metric": "cart_hydration_time_ms",
          "value": 0
        }
      ],
      "result_count_stated": 8,
      "result_count_rendered": 8,
      "result_count_match": true,
      "css_hidden_blocks": [
        {
          "selector": "empty-results",
          "gated_copy": "⌕\n                                        No products found\n                                        ",
          "rendered": false
        }
      ],
      "metadata": {
        "meta_description": "Browse and filter all SHOPORA products."
      },
      "raw_url": "http://127.0.0.1:8080/category.html?wishlist=true"
    }
  },
  "budget": {
    "bytes_used": 3732,
    "hard_cap": 51200,
    "tiers_dropped": []
  },
  "privacy_metadata": {
    "pii_scrubbing_version": "0.2.0",
    "local_scrubbing_applied": true,
    "inputs_scrubbed": true,
    "scripts_removed": true,
    "styles_removed": true,
    "persistent_storage_used": false
  }
}

--- [2026-08-08T13:54:19.040Z] PAYLOAD: interaction_events ---
{
  "envelope_type": "interaction_events",
  "client_id": "shopora-prod",
  "session_token": "3421d733-6fed-4de5-a7b3-65a84102c59c",
  "flush_id": "80b5a804-cee8-44e9-832b-112ad41a2912",
  "flush_reason": "pagehide",
  "events": [
    {
      "event_id": "20821995-f199-412f-8087-b0f009515c3c",
      "event_type": "wishlist_added",
      "timestamp": "2026-08-08T13:54:18.927Z",
      "page_type": "category",
      "page_url_path": "/category.html",
      "sku": "ho-13",
      "surface": "catalog-grid",
      "position": 2,
      "displayed_price": "$31.99"
    }
  ]
}

--- [2026-08-08T13:54:19.599Z] PAYLOAD: tier0-9 ---
{
  "schema_version": "0.2.0",
  "beacon_id": "caac15d0-336f-40e9-ab53-5cc1b83b1aa2",
  "client_id": "shopora-prod",
  "session_token": "03e8d5e5-f5bf-4808-92ce-811fb9507477",
  "tag_version": "0.2.0",
  "timestamp": "2026-08-08T13:54:19.583Z",
  "sampled": true,
  "page_type": "pdp",
  "page_url_path": "/pdp.html?id=ho-13",
  "sequence_no": 1,
  "page_heading": "PebbleBath Towel Set",
  "breadcrumb": [
    "HOME /",
    "HOME /",
    "PEBBLEBATH"
  ],
  "viewport": {
    "width": 1065,
    "height": 1138
  },
  "surface_id": "92a58726-9c5e-4011-90a6-5e6c90c985cd",
  "region": "en",
  "identity_summary": {
    "state": "unknown"
  },
  "visible_query": null,
  "program_match": null,
  "page": {
    "page_type": "pdp",
    "page_url": "http://127.0.0.1:8080/pdp.html?id=ho-13"
  },
  "signals": {
    "t1": [
      {
        "position": 1,
        "surface": "hero",
        "name": "Product Specifications",
        "brand": "PebbleBath Official",
        "price": 31.99,
        "currency": "USD",
        "old_price": 41.99,
        "has_markdown": true,
        "badge": "SAVE 24%",
        "discount_pct": 24,
        "availability": "in-stock",
        "sponsored": false,
        "delivery_promise": "Order within 5 hrs",
        "visible_category_words": [
          "home"
        ],
        "badges": [
          "• High Demand"
        ]
      }
    ],
    "t4": {
      "hydration_events": [
        {
          "metric": "cart_hydration_time_ms",
          "value": 0
        }
      ],
      "css_hidden_blocks": [
        {
          "selector": "pdp-accordion-content",
          "gated_copy": "Standard Delivery: 3-5 business days. Free for orders over $50.\n                \n                \n  ",
          "rendered": false
        }
      ],
      "raw_url": "http://127.0.0.1:8080/pdp.html?id=ho-13"
    }
  },
  "budget": {
    "bytes_used": 1162,
    "hard_cap": 51200,
    "tiers_dropped": []
  },
  "privacy_metadata": {
    "pii_scrubbing_version": "0.2.0",
    "local_scrubbing_applied": true,
    "inputs_scrubbed": true,
    "scripts_removed": true,
    "styles_removed": true,
    "persistent_storage_used": false
  }
}

--- [2026-08-08T13:54:33.841Z] PAYLOAD: tier0-9 ---
{
  "schema_version": "0.2.0",
  "beacon_id": "1e0e3d10-274d-4324-9e85-57cb3e1f0b4b",
  "client_id": "shopora-prod",
  "session_token": "db5f89ca-4071-4ce0-b87c-506e1def7dac",
  "tag_version": "0.2.0",
  "timestamp": "2026-08-08T13:54:33.828Z",
  "sampled": true,
  "page_type": "homepage",
  "page_url_path": "/index.html",
  "sequence_no": 1,
  "page_heading": "Upgrade your everyday for less.",
  "breadcrumb": [],
  "viewport": {
    "width": 1065,
    "height": 1138
  },
  "surface_id": "34132244-42e5-40ea-ae20-7fd401f6c51d",
  "region": "en",
  "identity_summary": {
    "state": "unknown"
  },
  "visible_query": null,
  "program_match": null,
  "page": {
    "page_type": "homepage",
    "page_url": "http://127.0.0.1:8080/index.html"
  },
  "signals": {
    "t1": [
      {
        "position": 1,
        "surface": "featured",
        "name": "VoltMax 15.6\" Laptop",
        "brand": "VoltMax",
        "price": 729.99,
        "currency": "USD",
        "old_price": 849.99,
        "has_markdown": true,
        "badge": "14% OFF",
        "discount_pct": 14,
        "availability": "in-stock",
        "sponsored": false,
        "delivery_promise": "FREE delivery Tomorrow",
        "discount_amount": "Save $120.00"
      },
      {
        "position": 2,
        "surface": "featured",
        "name": "PulseTune Wireless Headphones",
        "brand": "PulseTune",
        "price": 89.99,
        "currency": "USD",
        "old_price": 119.99,
        "has_markdown": true,
        "badge": "25% OFF",
        "discount_pct": 25,
        "availability": "in-stock",
        "sponsored": false,
        "delivery_promise": "FREE delivery Tomorrow",
        "discount_amount": "Save $30.00"
      },
      {
        "position": 3,
        "surface": "featured",
        "name": "Luna Cotton Graphic Tee",
        "brand": "Luna",
        "price": 18.99,
        "currency": "USD",
        "old_price": 24.99,
        "has_markdown": true,
        "badge": "24% OFF",
        "discount_pct": 24,
        "availability": "in-stock",
        "sponsored": false,
        "delivery_promise": "FREE delivery Tomorrow",
        "discount_amount": "Save $6.00"
      },
      {
        "position": 4,
        "surface": "featured",
        "name": "MetroStride Running Shoes",
        "brand": "MetroStride",
        "price": 74.99,
        "currency": "USD",
        "old_price": 94.99,
        "has_markdown": true,
        "badge": "21% OFF",
        "discount_pct": 21,
        "availability": "in-stock",
        "sponsored": false,
        "delivery_promise": "FREE delivery Tomorrow",
        "discount_amount": "Save $20.00"
      },
      {
        "position": 5,
        "surface": "featured",
        "name": "OakLine Coffee Table",
        "brand": "OakLine",
        "price": 129.99,
        "currency": "USD",
        "old_price": 159.99,
        "has_markdown": true,
        "badge": "19% OFF",
        "discount_pct": 19,
        "availability": "in-stock",
        "sponsored": false,
        "delivery_promise": "FREE delivery Tomorrow",
        "discount_amount": "Save $30.00"
      },
      {
        "position": 6,
        "surface": "featured",
        "name": "SoftNest Throw Blanket",
        "brand": "SoftNest",
        "price": 27.99,
        "currency": "USD",
        "old_price": 35.99,
        "has_markdown": true,
        "badge": "22% OFF",
        "discount_pct": 22,
        "availability": "in-stock",
        "sponsored": false,
        "delivery_promise": "FREE delivery Tomorrow",
        "discount_amount": "Save $8.00"
      },
      {
        "position": 7,
        "surface": "featured",
        "name": "The Last Library",
        "brand": "The",
        "price": 14.99,
        "currency": "USD",
        "old_price": 19.99,
        "has_markdown": true,
        "badge": "25% OFF",
        "discount_pct": 25,
        "availability": "in-stock",
        "sponsored": false,
        "delivery_promise": "FREE delivery Tomorrow",
        "discount_amount": "Save $5.00"
      },
      {
        "position": 8,
        "surface": "featured",
        "name": "Coding for Everyone",
        "brand": "Coding",
        "price": 21.99,
        "currency": "USD",
        "old_price": 26.99,
        "has_markdown": true,
        "badge": "19% OFF",
        "discount_pct": 19,
        "availability": "in-stock",
        "sponsored": false,
        "delivery_promise": "FREE delivery Tomorrow",
        "discount_amount": "Save $5.00"
      }
    ],
    "t3": {
      "total_products": 8,
      "sponsored_count": 0,
      "organic_count": 8,
      "discounted_count": 8,
      "full_price_count": 0,
      "out_of_stock_count": 0,
      "low_stock_count": 0,
      "discount_pct_min": 14,
      "discount_pct_max": 25,
      "discount_pct_median": 22,
      "price_min": 14.99,
      "price_max": 729.99,
      "price_currency": "USD"
    },
    "t4": {
      "hydration_events": [
        {
          "metric": "cart_hydration_time_ms",
          "value": 0
        }
      ],
      "css_hidden_blocks": [
        {
          "selector": "sr-only",
          "gated_copy": "Email address",
          "rendered": false
        }
      ],
      "metadata": {
        "meta_description": "Shop electronics, fashion, home essentials and books at SHOPORA with fast delivery and secure checkout."
      },
      "raw_url": "http://127.0.0.1:8080/index.html"
    }
  },
  "budget": {
    "bytes_used": 3583,
    "hard_cap": 51200,
    "tiers_dropped": []
  },
  "privacy_metadata": {
    "pii_scrubbing_version": "0.2.0",
    "local_scrubbing_applied": true,
    "inputs_scrubbed": true,
    "scripts_removed": true,
    "styles_removed": true,
    "persistent_storage_used": false
  }
}

--- [2026-08-08T13:58:21.441Z] PAYLOAD: tier0-9 ---
{
  "schema_version": "0.2.0",
  "beacon_id": "b742e4b7-b661-485c-87da-75ca8d9f9eee",
  "client_id": "shopora-prod",
  "session_token": "af39f53a-131b-40e7-8c77-ddc61865fee9",
  "tag_version": "0.2.0",
  "timestamp": "2026-08-08T13:58:21.423Z",
  "sampled": true,
  "page_type": "homepage",
  "page_url_path": "/index.html",
  "sequence_no": 1,
  "page_heading": "Upgrade your everyday for less.",
  "breadcrumb": [],
  "viewport": {
    "width": 1065,
    "height": 1138
  },
  "surface_id": "f821af75-2344-4e46-bf54-cb0de19150cd",
  "region": "en",
  "identity_summary": {
    "state": "unknown"
  },
  "visible_query": null,
  "program_match": null,
  "page": {
    "page_type": "homepage",
    "page_url": "http://127.0.0.1:8080/index.html"
  },
  "signals": {
    "t1": [
      {
        "position": 1,
        "surface": "featured",
        "name": "VoltMax 15.6\" Laptop",
        "brand": "VoltMax",
        "price": 729.99,
        "currency": "USD",
        "old_price": 849.99,
        "has_markdown": true,
        "badge": "14% OFF",
        "discount_pct": 14,
        "availability": "in-stock",
        "sponsored": false,
        "delivery_promise": "FREE delivery Tomorrow",
        "discount_amount": "Save $120.00"
      },
      {
        "position": 2,
        "surface": "featured",
        "name": "PulseTune Wireless Headphones",
        "brand": "PulseTune",
        "price": 89.99,
        "currency": "USD",
        "old_price": 119.99,
        "has_markdown": true,
        "badge": "25% OFF",
        "discount_pct": 25,
        "availability": "in-stock",
        "sponsored": false,
        "delivery_promise": "FREE delivery Tomorrow",
        "discount_amount": "Save $30.00"
      },
      {
        "position": 3,
        "surface": "featured",
        "name": "Luna Cotton Graphic Tee",
        "brand": "Luna",
        "price": 18.99,
        "currency": "USD",
        "old_price": 24.99,
        "has_markdown": true,
        "badge": "24% OFF",
        "discount_pct": 24,
        "availability": "in-stock",
        "sponsored": false,
        "delivery_promise": "FREE delivery Tomorrow",
        "discount_amount": "Save $6.00"
      },
      {
        "position": 4,
        "surface": "featured",
        "name": "MetroStride Running Shoes",
        "brand": "MetroStride",
        "price": 74.99,
        "currency": "USD",
        "old_price": 94.99,
        "has_markdown": true,
        "badge": "21% OFF",
        "discount_pct": 21,
        "availability": "in-stock",
        "sponsored": false,
        "delivery_promise": "FREE delivery Tomorrow",
        "discount_amount": "Save $20.00"
      },
      {
        "position": 5,
        "surface": "featured",
        "name": "OakLine Coffee Table",
        "brand": "OakLine",
        "price": 129.99,
        "currency": "USD",
        "old_price": 159.99,
        "has_markdown": true,
        "badge": "19% OFF",
        "discount_pct": 19,
        "availability": "in-stock",
        "sponsored": false,
        "delivery_promise": "FREE delivery Tomorrow",
        "discount_amount": "Save $30.00"
      },
      {
        "position": 6,
        "surface": "featured",
        "name": "SoftNest Throw Blanket",
        "brand": "SoftNest",
        "price": 27.99,
        "currency": "USD",
        "old_price": 35.99,
        "has_markdown": true,
        "badge": "22% OFF",
        "discount_pct": 22,
        "availability": "in-stock",
        "sponsored": false,
        "delivery_promise": "FREE delivery Tomorrow",
        "discount_amount": "Save $8.00"
      },
      {
        "position": 7,
        "surface": "featured",
        "name": "The Last Library",
        "brand": "The",
        "price": 14.99,
        "currency": "USD",
        "old_price": 19.99,
        "has_markdown": true,
        "badge": "25% OFF",
        "discount_pct": 25,
        "availability": "in-stock",
        "sponsored": false,
        "delivery_promise": "FREE delivery Tomorrow",
        "discount_amount": "Save $5.00"
      },
      {
        "position": 8,
        "surface": "featured",
        "name": "Coding for Everyone",
        "brand": "Coding",
        "price": 21.99,
        "currency": "USD",
        "old_price": 26.99,
        "has_markdown": true,
        "badge": "19% OFF",
        "discount_pct": 19,
        "availability": "in-stock",
        "sponsored": false,
        "delivery_promise": "FREE delivery Tomorrow",
        "discount_amount": "Save $5.00"
      }
    ],
    "t3": {
      "total_products": 8,
      "sponsored_count": 0,
      "organic_count": 8,
      "discounted_count": 8,
      "full_price_count": 0,
      "out_of_stock_count": 0,
      "low_stock_count": 0,
      "discount_pct_min": 14,
      "discount_pct_max": 25,
      "discount_pct_median": 22,
      "price_min": 14.99,
      "price_max": 729.99,
      "price_currency": "USD"
    },
    "t4": {
      "hydration_events": [
        {
          "metric": "cart_hydration_time_ms",
          "value": 0
        }
      ],
      "css_hidden_blocks": [
        {
          "selector": "sr-only",
          "gated_copy": "Email address",
          "rendered": false
        }
      ],
      "metadata": {
        "meta_description": "Shop electronics, fashion, home essentials and books at SHOPORA with fast delivery and secure checkout."
      },
      "raw_url": "http://127.0.0.1:8080/index.html"
    }
  },
  "budget": {
    "bytes_used": 3583,
    "hard_cap": 51200,
    "tiers_dropped": []
  },
  "privacy_metadata": {
    "pii_scrubbing_version": "0.2.0",
    "local_scrubbing_applied": true,
    "inputs_scrubbed": true,
    "scripts_removed": true,
    "styles_removed": true,
    "persistent_storage_used": false
  }
}

--- [2026-08-08T13:58:23.322Z] PAYLOAD: tier0-9 ---
{
  "schema_version": "0.2.0",
  "beacon_id": "8fc01389-eddf-473c-9cbb-bec4d1001616",
  "client_id": "shopora-prod",
  "session_token": "73268ba0-d22f-4af0-a54f-d00b7a523889",
  "tag_version": "0.2.0",
  "timestamp": "2026-08-08T13:58:23.308Z",
  "sampled": true,
  "page_type": "category",
  "page_url_path": "/category.html?wishlist=true",
  "sequence_no": 1,
  "page_heading": "All products",
  "breadcrumb": [],
  "viewport": {
    "width": 1065,
    "height": 1138
  },
  "surface_id": "603f512b-59c5-4bd6-9be0-0ca1518c177f",
  "region": "en",
  "identity_summary": {
    "state": "unknown"
  },
  "visible_query": null,
  "program_match": null,
  "page": {
    "page_type": "category",
    "page_url": "http://127.0.0.1:8080/category.html?wishlist=true"
  },
  "signals": {
    "t1": [
      {
        "position": 1,
        "surface": "catalog-grid",
        "name": "SoftNest Throw Blanket",
        "brand": "SoftNest",
        "price": 27.99,
        "currency": "USD",
        "old_price": 35.99,
        "has_markdown": true,
        "badge": "22% OFF",
        "discount_pct": 22,
        "availability": "in-stock",
        "sponsored": false,
        "delivery_promise": "FREE delivery Tomorrow",
        "discount_amount": "Save $8.00"
      },
      {
        "position": 2,
        "surface": "catalog-grid",
        "name": "The Last Library",
        "brand": "The",
        "price": 14.99,
        "currency": "USD",
        "old_price": 19.99,
        "has_markdown": true,
        "badge": "25% OFF",
        "discount_pct": 25,
        "availability": "in-stock",
        "sponsored": false,
        "delivery_promise": "FREE delivery Tomorrow",
        "discount_amount": "Save $5.00"
      },
      {
        "position": 3,
        "surface": "catalog-grid",
        "name": "Coding for Everyone",
        "brand": "Coding",
        "price": 21.99,
        "currency": "USD",
        "old_price": 26.99,
        "has_markdown": true,
        "badge": "19% OFF",
        "discount_pct": 19,
        "availability": "in-stock",
        "sponsored": false,
        "delivery_promise": "FREE delivery Tomorrow",
        "discount_amount": "Save $5.00"
      },
      {
        "position": 4,
        "surface": "catalog-grid",
        "name": "PulseTune Wireless Headphones",
        "brand": "PulseTune",
        "price": 89.99,
        "currency": "USD",
        "old_price": 119.99,
        "has_markdown": true,
        "badge": "25% OFF",
        "discount_pct": 25,
        "availability": "in-stock",
        "sponsored": false,
        "delivery_promise": "FREE delivery Tomorrow",
        "discount_amount": "Save $30.00"
      },
      {
        "position": 5,
        "surface": "catalog-grid",
        "name": "SparkStone Candle Set",
        "brand": "SparkStone",
        "price": 22.99,
        "currency": "USD",
        "old_price": 28.99,
        "has_markdown": true,
        "badge": "21% OFF",
        "discount_pct": 21,
        "availability": "in-stock",
        "sponsored": false,
        "delivery_promise": "FREE delivery Tomorrow",
        "discount_amount": "Save $6.00"
      },
      {
        "position": 6,
        "surface": "catalog-grid",
        "name": "VoltMax 15.6\" Laptop",
        "brand": "VoltMax",
        "price": 729.99,
        "currency": "USD",
        "old_price": 849.99,
        "has_markdown": true,
        "badge": "14% OFF",
        "discount_pct": 14,
        "availability": "in-stock",
        "sponsored": false,
        "delivery_promise": "FREE delivery Tomorrow",
        "discount_amount": "Save $120.00"
      },
      {
        "position": 7,
        "surface": "catalog-grid",
        "name": "Luna Cotton Graphic Tee",
        "brand": "Luna",
        "price": 18.99,
        "currency": "USD",
        "old_price": 24.99,
        "has_markdown": true,
        "badge": "24% OFF",
        "discount_pct": 24,
        "availability": "in-stock",
        "sponsored": false,
        "delivery_promise": "FREE delivery Tomorrow",
        "discount_amount": "Save $6.00"
      }
    ],
    "t3": {
      "total_products": 7,
      "sponsored_count": 0,
      "organic_count": 7,
      "discounted_count": 7,
      "full_price_count": 0,
      "out_of_stock_count": 0,
      "low_stock_count": 0,
      "discount_pct_min": 14,
      "discount_pct_max": 25,
      "discount_pct_median": 22,
      "price_min": 14.99,
      "price_max": 729.99,
      "price_currency": "USD"
    },
    "t4": {
      "hydration_events": [
        {
          "metric": "cart_hydration_time_ms",
          "value": 0
        }
      ],
      "result_count_stated": 7,
      "result_count_rendered": 7,
      "result_count_match": true,
      "css_hidden_blocks": [
        {
          "selector": "empty-results",
          "gated_copy": "⌕\n                                        No products found\n                                        ",
          "rendered": false
        }
      ],
      "metadata": {
        "meta_description": "Browse and filter all SHOPORA products."
      },
      "raw_url": "http://127.0.0.1:8080/category.html?wishlist=true"
    }
  },
  "budget": {
    "bytes_used": 3416,
    "hard_cap": 51200,
    "tiers_dropped": []
  },
  "privacy_metadata": {
    "pii_scrubbing_version": "0.2.0",
    "local_scrubbing_applied": true,
    "inputs_scrubbed": true,
    "scripts_removed": true,
    "styles_removed": true,
    "persistent_storage_used": false
  }
}

--- [2026-08-08T13:58:28.655Z] PAYLOAD: interaction_events ---
{
  "envelope_type": "interaction_events",
  "client_id": "shopora-prod",
  "session_token": "73268ba0-d22f-4af0-a54f-d00b7a523889",
  "flush_id": "f7def120-ea81-4c3c-867d-477c040e67dc",
  "flush_reason": "pagehide",
  "events": [
    {
      "event_id": "f1713733-6caf-40e7-93d2-41f1049ac9d6",
      "event_type": "wishlist_removed",
      "timestamp": "2026-08-08T13:58:28.582Z",
      "page_type": "category",
      "page_url_path": "/category.html",
      "sku": "ho-4",
      "surface": "catalog-grid",
      "position": 1,
      "displayed_price": "$27.99"
    }
  ]
}

--- [2026-08-08T13:58:29.214Z] PAYLOAD: tier0-9 ---
{
  "schema_version": "0.2.0",
  "beacon_id": "5ecf2c87-de7f-49ec-b8b4-042cbb981092",
  "client_id": "shopora-prod",
  "session_token": "80a3953a-5914-4700-abb4-b4f0410850a4",
  "tag_version": "0.2.0",
  "timestamp": "2026-08-08T13:58:29.203Z",
  "sampled": true,
  "page_type": "pdp",
  "page_url_path": "/pdp.html?id=ho-4",
  "sequence_no": 1,
  "page_heading": "SoftNest Throw Blanket",
  "breadcrumb": [
    "HOME /",
    "HOME /",
    "SOFTNEST"
  ],
  "viewport": {
    "width": 1065,
    "height": 1138
  },
  "surface_id": "40e11201-9f99-43bc-8c7a-47c96b127498",
  "region": "en",
  "identity_summary": {
    "state": "unknown"
  },
  "visible_query": null,
  "program_match": null,
  "page": {
    "page_type": "pdp",
    "page_url": "http://127.0.0.1:8080/pdp.html?id=ho-4"
  },
  "signals": {
    "t1": [
      {
        "position": 1,
        "surface": "hero",
        "name": "Product Specifications",
        "brand": "SoftNest Official",
        "price": 27.99,
        "currency": "USD",
        "old_price": 35.99,
        "has_markdown": true,
        "badge": "SAVE 22%",
        "discount_pct": 22,
        "availability": "in-stock",
        "sponsored": false,
        "delivery_promise": "Order within 5 hrs",
        "visible_category_words": [
          "home"
        ],
        "badges": [
          "• High Demand"
        ]
      }
    ],
    "t4": {
      "hydration_events": [
        {
          "metric": "cart_hydration_time_ms",
          "value": 0
        }
      ],
      "css_hidden_blocks": [
        {
          "selector": "pdp-accordion-content",
          "gated_copy": "Standard Delivery: 3-5 business days. Free for orders over $50.\n                \n                \n  ",
          "rendered": false
        }
      ],
      "raw_url": "http://127.0.0.1:8080/pdp.html?id=ho-4"
    }
  },
  "budget": {
    "bytes_used": 1158,
    "hard_cap": 51200,
    "tiers_dropped": []
  },
  "privacy_metadata": {
    "pii_scrubbing_version": "0.2.0",
    "local_scrubbing_applied": true,
    "inputs_scrubbed": true,
    "scripts_removed": true,
    "styles_removed": true,
    "persistent_storage_used": false
  }
}

--- [2026-08-08T13:59:36.760Z] PAYLOAD: tier0-9 ---
{
  "schema_version": "0.2.0",
  "beacon_id": "8beee60a-3b75-4c36-9b9e-939acb40d61c",
  "client_id": "shopora-prod",
  "session_token": "ffa079fb-4e8f-492d-a39d-5a9bf76dc6b1",
  "tag_version": "0.2.0",
  "timestamp": "2026-08-08T13:59:36.753Z",
  "sampled": true,
  "page_type": "homepage",
  "page_url_path": "/index.html",
  "sequence_no": 1,
  "page_heading": "Upgrade your everyday for less.",
  "breadcrumb": [],
  "viewport": {
    "width": 1065,
    "height": 1138
  },
  "surface_id": "af0a494c-ef00-411b-81da-da18f9433234",
  "region": "en",
  "identity_summary": {
    "state": "unknown"
  },
  "visible_query": null,
  "program_match": null,
  "page": {
    "page_type": "homepage",
    "page_url": "http://127.0.0.1:8080/index.html"
  },
  "signals": {
    "t1": [
      {
        "position": 1,
        "surface": "featured",
        "name": "VoltMax 15.6\" Laptop",
        "brand": "VoltMax",
        "price": 729.99,
        "currency": "USD",
        "old_price": 849.99,
        "has_markdown": true,
        "badge": "14% OFF",
        "discount_pct": 14,
        "availability": "in-stock",
        "sponsored": false,
        "delivery_promise": "FREE delivery Tomorrow",
        "discount_amount": "Save $120.00"
      },
      {
        "position": 2,
        "surface": "featured",
        "name": "PulseTune Wireless Headphones",
        "brand": "PulseTune",
        "price": 89.99,
        "currency": "USD",
        "old_price": 119.99,
        "has_markdown": true,
        "badge": "25% OFF",
        "discount_pct": 25,
        "availability": "in-stock",
        "sponsored": false,
        "delivery_promise": "FREE delivery Tomorrow",
        "discount_amount": "Save $30.00"
      },
      {
        "position": 3,
        "surface": "featured",
        "name": "Luna Cotton Graphic Tee",
        "brand": "Luna",
        "price": 18.99,
        "currency": "USD",
        "old_price": 24.99,
        "has_markdown": true,
        "badge": "24% OFF",
        "discount_pct": 24,
        "availability": "in-stock",
        "sponsored": false,
        "delivery_promise": "FREE delivery Tomorrow",
        "discount_amount": "Save $6.00"
      },
      {
        "position": 4,
        "surface": "featured",
        "name": "MetroStride Running Shoes",
        "brand": "MetroStride",
        "price": 74.99,
        "currency": "USD",
        "old_price": 94.99,
        "has_markdown": true,
        "badge": "21% OFF",
        "discount_pct": 21,
        "availability": "in-stock",
        "sponsored": false,
        "delivery_promise": "FREE delivery Tomorrow",
        "discount_amount": "Save $20.00"
      },
      {
        "position": 5,
        "surface": "featured",
        "name": "OakLine Coffee Table",
        "brand": "OakLine",
        "price": 129.99,
        "currency": "USD",
        "old_price": 159.99,
        "has_markdown": true,
        "badge": "19% OFF",
        "discount_pct": 19,
        "availability": "in-stock",
        "sponsored": false,
        "delivery_promise": "FREE delivery Tomorrow",
        "discount_amount": "Save $30.00"
      },
      {
        "position": 6,
        "surface": "featured",
        "name": "SoftNest Throw Blanket",
        "brand": "SoftNest",
        "price": 27.99,
        "currency": "USD",
        "old_price": 35.99,
        "has_markdown": true,
        "badge": "22% OFF",
        "discount_pct": 22,
        "availability": "in-stock",
        "sponsored": false,
        "delivery_promise": "FREE delivery Tomorrow",
        "discount_amount": "Save $8.00"
      },
      {
        "position": 7,
        "surface": "featured",
        "name": "The Last Library",
        "brand": "The",
        "price": 14.99,
        "currency": "USD",
        "old_price": 19.99,
        "has_markdown": true,
        "badge": "25% OFF",
        "discount_pct": 25,
        "availability": "in-stock",
        "sponsored": false,
        "delivery_promise": "FREE delivery Tomorrow",
        "discount_amount": "Save $5.00"
      },
      {
        "position": 8,
        "surface": "featured",
        "name": "Coding for Everyone",
        "brand": "Coding",
        "price": 21.99,
        "currency": "USD",
        "old_price": 26.99,
        "has_markdown": true,
        "badge": "19% OFF",
        "discount_pct": 19,
        "availability": "in-stock",
        "sponsored": false,
        "delivery_promise": "FREE delivery Tomorrow",
        "discount_amount": "Save $5.00"
      }
    ],
    "t3": {
      "total_products": 8,
      "sponsored_count": 0,
      "organic_count": 8,
      "discounted_count": 8,
      "full_price_count": 0,
      "out_of_stock_count": 0,
      "low_stock_count": 0,
      "discount_pct_min": 14,
      "discount_pct_max": 25,
      "discount_pct_median": 22,
      "price_min": 14.99,
      "price_max": 729.99,
      "price_currency": "USD"
    },
    "t4": {
      "hydration_events": [
        {
          "metric": "cart_hydration_time_ms",
          "value": 0
        }
      ],
      "css_hidden_blocks": [
        {
          "selector": "sr-only",
          "gated_copy": "Email address",
          "rendered": false
        }
      ],
      "metadata": {
        "meta_description": "Shop electronics, fashion, home essentials and books at SHOPORA with fast delivery and secure checkout."
      },
      "raw_url": "http://127.0.0.1:8080/index.html"
    }
  },
  "budget": {
    "bytes_used": 3583,
    "hard_cap": 51200,
    "tiers_dropped": []
  },
  "privacy_metadata": {
    "pii_scrubbing_version": "0.2.0",
    "local_scrubbing_applied": true,
    "inputs_scrubbed": true,
    "scripts_removed": true,
    "styles_removed": true,
    "persistent_storage_used": false
  }
}

--- [2026-08-08T13:59:43.458Z] PAYLOAD: interaction_events ---
{
  "envelope_type": "interaction_events",
  "client_id": "shopora-prod",
  "session_token": "ffa079fb-4e8f-492d-a39d-5a9bf76dc6b1",
  "flush_id": "84b8df8b-527d-49d1-8bc7-cb57961026e6",
  "flush_reason": "pagehide",
  "events": [
    {
      "event_id": "8d8f674f-390e-4c9f-86b3-cdf18a476ee2",
      "event_type": "wishlist_added",
      "timestamp": "2026-08-08T13:59:43.367Z",
      "page_type": "homepage",
      "page_url_path": "/index.html",
      "sku": "fa-3",
      "surface": "catalog-grid",
      "position": 4,
      "displayed_price": "$74.99"
    }
  ]
}

--- [2026-08-08T13:59:44.005Z] PAYLOAD: tier0-9 ---
{
  "schema_version": "0.2.0",
  "beacon_id": "d29077c9-d83a-4e51-8237-e2d16a35a88d",
  "client_id": "shopora-prod",
  "session_token": "9acb2095-1f22-4bac-a472-f35dba46e4b8",
  "tag_version": "0.2.0",
  "timestamp": "2026-08-08T13:59:43.988Z",
  "sampled": true,
  "page_type": "pdp",
  "page_url_path": "/pdp.html?id=fa-3",
  "sequence_no": 1,
  "page_heading": "MetroStride Running Shoes",
  "breadcrumb": [
    "HOME /",
    "FASHION /",
    "METROSTRIDE"
  ],
  "viewport": {
    "width": 1065,
    "height": 1138
  },
  "surface_id": "b79a14b1-014c-49a4-9e8a-c6c147c478a7",
  "region": "en",
  "identity_summary": {
    "state": "unknown"
  },
  "visible_query": null,
  "program_match": null,
  "page": {
    "page_type": "pdp",
    "page_url": "http://127.0.0.1:8080/pdp.html?id=fa-3"
  },
  "signals": {
    "t1": [
      {
        "position": 1,
        "surface": "hero",
        "name": "Product Specifications",
        "brand": "MetroStride Official",
        "price": 74.99,
        "currency": "USD",
        "old_price": 94.99,
        "has_markdown": true,
        "badge": "SAVE 21%",
        "discount_pct": 21,
        "availability": "in-stock",
        "sponsored": false,
        "delivery_promise": "Order within 5 hrs",
        "visible_category_words": [
          "fashion"
        ],
        "badges": [
          "• High Demand"
        ]
      }
    ],
    "t4": {
      "hydration_events": [
        {
          "metric": "cart_hydration_time_ms",
          "value": 0
        }
      ],
      "css_hidden_blocks": [
        {
          "selector": "pdp-accordion-content",
          "gated_copy": "Standard Delivery: 3-5 business days. Free for orders over $50.\n                \n                \n  ",
          "rendered": false
        }
      ],
      "raw_url": "http://127.0.0.1:8080/pdp.html?id=fa-3"
    }
  },
  "budget": {
    "bytes_used": 1173,
    "hard_cap": 51200,
    "tiers_dropped": []
  },
  "privacy_metadata": {
    "pii_scrubbing_version": "0.2.0",
    "local_scrubbing_applied": true,
    "inputs_scrubbed": true,
    "scripts_removed": true,
    "styles_removed": true,
    "persistent_storage_used": false
  }
}

--- [2026-08-08T14:00:47.347Z] PAYLOAD: tier0-9 ---
{
  "schema_version": "0.2.0",
  "beacon_id": "6a4c15e9-586d-450a-9cf4-1bf7befa9e15",
  "client_id": "shopora-prod",
  "session_token": "dda06f7d-96b8-4334-84b7-3c6b8c7e13c8",
  "tag_version": "0.2.0",
  "timestamp": "2026-08-08T14:00:47.336Z",
  "sampled": true,
  "page_type": "homepage",
  "page_url_path": "/index.html",
  "sequence_no": 1,
  "page_heading": "Upgrade your everyday for less.",
  "breadcrumb": [],
  "viewport": {
    "width": 1065,
    "height": 1138
  },
  "surface_id": "faff0211-84b1-4d6f-8e35-93037b454b25",
  "region": "en",
  "identity_summary": {
    "state": "unknown"
  },
  "visible_query": null,
  "program_match": null,
  "page": {
    "page_type": "homepage",
    "page_url": "http://127.0.0.1:8080/index.html"
  },
  "signals": {
    "t1": [
      {
        "position": 1,
        "surface": "featured",
        "name": "VoltMax 15.6\" Laptop",
        "brand": "VoltMax",
        "price": 729.99,
        "currency": "USD",
        "old_price": 849.99,
        "has_markdown": true,
        "badge": "14% OFF",
        "discount_pct": 14,
        "availability": "in-stock",
        "sponsored": false,
        "delivery_promise": "FREE delivery Tomorrow",
        "discount_amount": "Save $120.00"
      },
      {
        "position": 2,
        "surface": "featured",
        "name": "PulseTune Wireless Headphones",
        "brand": "PulseTune",
        "price": 89.99,
        "currency": "USD",
        "old_price": 119.99,
        "has_markdown": true,
        "badge": "25% OFF",
        "discount_pct": 25,
        "availability": "in-stock",
        "sponsored": false,
        "delivery_promise": "FREE delivery Tomorrow",
        "discount_amount": "Save $30.00"
      },
      {
        "position": 3,
        "surface": "featured",
        "name": "Luna Cotton Graphic Tee",
        "brand": "Luna",
        "price": 18.99,
        "currency": "USD",
        "old_price": 24.99,
        "has_markdown": true,
        "badge": "24% OFF",
        "discount_pct": 24,
        "availability": "in-stock",
        "sponsored": false,
        "delivery_promise": "FREE delivery Tomorrow",
        "discount_amount": "Save $6.00"
      },
      {
        "position": 4,
        "surface": "featured",
        "name": "MetroStride Running Shoes",
        "brand": "MetroStride",
        "price": 74.99,
        "currency": "USD",
        "old_price": 94.99,
        "has_markdown": true,
        "badge": "21% OFF",
        "discount_pct": 21,
        "availability": "in-stock",
        "sponsored": false,
        "delivery_promise": "FREE delivery Tomorrow",
        "discount_amount": "Save $20.00"
      },
      {
        "position": 5,
        "surface": "featured",
        "name": "OakLine Coffee Table",
        "brand": "OakLine",
        "price": 129.99,
        "currency": "USD",
        "old_price": 159.99,
        "has_markdown": true,
        "badge": "19% OFF",
        "discount_pct": 19,
        "availability": "in-stock",
        "sponsored": false,
        "delivery_promise": "FREE delivery Tomorrow",
        "discount_amount": "Save $30.00"
      },
      {
        "position": 6,
        "surface": "featured",
        "name": "SoftNest Throw Blanket",
        "brand": "SoftNest",
        "price": 27.99,
        "currency": "USD",
        "old_price": 35.99,
        "has_markdown": true,
        "badge": "22% OFF",
        "discount_pct": 22,
        "availability": "in-stock",
        "sponsored": false,
        "delivery_promise": "FREE delivery Tomorrow",
        "discount_amount": "Save $8.00"
      },
      {
        "position": 7,
        "surface": "featured",
        "name": "The Last Library",
        "brand": "The",
        "price": 14.99,
        "currency": "USD",
        "old_price": 19.99,
        "has_markdown": true,
        "badge": "25% OFF",
        "discount_pct": 25,
        "availability": "in-stock",
        "sponsored": false,
        "delivery_promise": "FREE delivery Tomorrow",
        "discount_amount": "Save $5.00"
      },
      {
        "position": 8,
        "surface": "featured",
        "name": "Coding for Everyone",
        "brand": "Coding",
        "price": 21.99,
        "currency": "USD",
        "old_price": 26.99,
        "has_markdown": true,
        "badge": "19% OFF",
        "discount_pct": 19,
        "availability": "in-stock",
        "sponsored": false,
        "delivery_promise": "FREE delivery Tomorrow",
        "discount_amount": "Save $5.00"
      }
    ],
    "t3": {
      "total_products": 8,
      "sponsored_count": 0,
      "organic_count": 8,
      "discounted_count": 8,
      "full_price_count": 0,
      "out_of_stock_count": 0,
      "low_stock_count": 0,
      "discount_pct_min": 14,
      "discount_pct_max": 25,
      "discount_pct_median": 22,
      "price_min": 14.99,
      "price_max": 729.99,
      "price_currency": "USD"
    },
    "t4": {
      "hydration_events": [
        {
          "metric": "cart_hydration_time_ms",
          "value": 0
        }
      ],
      "css_hidden_blocks": [
        {
          "selector": "sr-only",
          "gated_copy": "Email address",
          "rendered": false
        }
      ],
      "metadata": {
        "meta_description": "Shop electronics, fashion, home essentials and books at SHOPORA with fast delivery and secure checkout."
      },
      "raw_url": "http://127.0.0.1:8080/index.html"
    }
  },
  "budget": {
    "bytes_used": 3583,
    "hard_cap": 51200,
    "tiers_dropped": []
  },
  "privacy_metadata": {
    "pii_scrubbing_version": "0.2.0",
    "local_scrubbing_applied": true,
    "inputs_scrubbed": true,
    "scripts_removed": true,
    "styles_removed": true,
    "persistent_storage_used": false
  }
}

--- [2026-08-08T14:00:57.890Z] PAYLOAD: interaction_events ---
{
  "envelope_type": "interaction_events",
  "client_id": "shopora-prod",
  "session_token": "dda06f7d-96b8-4334-84b7-3c6b8c7e13c8",
  "flush_id": "bede58c7-724f-4b42-ac6a-40b6691bb6d3",
  "flush_reason": "unload",
  "events": [
    {
      "event_id": "ffa3963f-9300-4f62-ba97-61ec7b8487d8",
      "event_type": "quick_view_opened",
      "timestamp": "2026-08-08T14:00:50.736Z",
      "page_type": "homepage",
      "page_url_path": "/index.html",
      "sku": "ho-1",
      "surface": "catalog-grid",
      "position": 5
    },
    {
      "event_id": "a5c51675-117c-420f-8b3f-41c4d4051a06",
      "event_type": "quick_view_opened",
      "timestamp": "2026-08-08T14:00:52.706Z",
      "page_type": "homepage",
      "page_url_path": "/index.html",
      "sku": null,
      "surface": "catalog-grid",
      "position": 1
    }
  ]
}

--- [2026-08-08T14:01:54.691Z] PAYLOAD: tier0-9 ---
{
  "schema_version": "0.2.0",
  "beacon_id": "9190ebbf-ac7a-4fce-99a1-2ca0f5c83fbf",
  "client_id": "shopora-prod",
  "session_token": "5b3b4390-bdb4-4117-9237-0d15ada866ff",
  "tag_version": "0.2.0",
  "timestamp": "2026-08-08T14:01:54.673Z",
  "sampled": true,
  "page_type": "homepage",
  "page_url_path": "/index.html",
  "sequence_no": 1,
  "page_heading": "Upgrade your everyday for less.",
  "breadcrumb": [],
  "viewport": {
    "width": 1065,
    "height": 1138
  },
  "surface_id": "6e2d8e76-da6e-4b08-9a30-2ed22ecb4890",
  "region": "en",
  "identity_summary": {
    "state": "unknown"
  },
  "visible_query": null,
  "program_match": null,
  "page": {
    "page_type": "homepage",
    "page_url": "http://127.0.0.1:8080/index.html"
  },
  "signals": {
    "t1": [
      {
        "position": 1,
        "surface": "featured",
        "name": "VoltMax 15.6\" Laptop",
        "brand": "VoltMax",
        "price": 729.99,
        "currency": "USD",
        "old_price": 849.99,
        "has_markdown": true,
        "badge": "14% OFF",
        "discount_pct": 14,
        "availability": "in-stock",
        "sponsored": false,
        "delivery_promise": "FREE delivery Tomorrow",
        "discount_amount": "Save $120.00"
      },
      {
        "position": 2,
        "surface": "featured",
        "name": "PulseTune Wireless Headphones",
        "brand": "PulseTune",
        "price": 89.99,
        "currency": "USD",
        "old_price": 119.99,
        "has_markdown": true,
        "badge": "25% OFF",
        "discount_pct": 25,
        "availability": "in-stock",
        "sponsored": false,
        "delivery_promise": "FREE delivery Tomorrow",
        "discount_amount": "Save $30.00"
      },
      {
        "position": 3,
        "surface": "featured",
        "name": "Luna Cotton Graphic Tee",
        "brand": "Luna",
        "price": 18.99,
        "currency": "USD",
        "old_price": 24.99,
        "has_markdown": true,
        "badge": "24% OFF",
        "discount_pct": 24,
        "availability": "in-stock",
        "sponsored": false,
        "delivery_promise": "FREE delivery Tomorrow",
        "discount_amount": "Save $6.00"
      },
      {
        "position": 4,
        "surface": "featured",
        "name": "MetroStride Running Shoes",
        "brand": "MetroStride",
        "price": 74.99,
        "currency": "USD",
        "old_price": 94.99,
        "has_markdown": true,
        "badge": "21% OFF",
        "discount_pct": 21,
        "availability": "in-stock",
        "sponsored": false,
        "delivery_promise": "FREE delivery Tomorrow",
        "discount_amount": "Save $20.00"
      },
      {
        "position": 5,
        "surface": "featured",
        "name": "OakLine Coffee Table",
        "brand": "OakLine",
        "price": 129.99,
        "currency": "USD",
        "old_price": 159.99,
        "has_markdown": true,
        "badge": "19% OFF",
        "discount_pct": 19,
        "availability": "in-stock",
        "sponsored": false,
        "delivery_promise": "FREE delivery Tomorrow",
        "discount_amount": "Save $30.00"
      },
      {
        "position": 6,
        "surface": "featured",
        "name": "SoftNest Throw Blanket",
        "brand": "SoftNest",
        "price": 27.99,
        "currency": "USD",
        "old_price": 35.99,
        "has_markdown": true,
        "badge": "22% OFF",
        "discount_pct": 22,
        "availability": "in-stock",
        "sponsored": false,
        "delivery_promise": "FREE delivery Tomorrow",
        "discount_amount": "Save $8.00"
      },
      {
        "position": 7,
        "surface": "featured",
        "name": "The Last Library",
        "brand": "The",
        "price": 14.99,
        "currency": "USD",
        "old_price": 19.99,
        "has_markdown": true,
        "badge": "25% OFF",
        "discount_pct": 25,
        "availability": "in-stock",
        "sponsored": false,
        "delivery_promise": "FREE delivery Tomorrow",
        "discount_amount": "Save $5.00"
      },
      {
        "position": 8,
        "surface": "featured",
        "name": "Coding for Everyone",
        "brand": "Coding",
        "price": 21.99,
        "currency": "USD",
        "old_price": 26.99,
        "has_markdown": true,
        "badge": "19% OFF",
        "discount_pct": 19,
        "availability": "in-stock",
        "sponsored": false,
        "delivery_promise": "FREE delivery Tomorrow",
        "discount_amount": "Save $5.00"
      }
    ],
    "t3": {
      "total_products": 8,
      "sponsored_count": 0,
      "organic_count": 8,
      "discounted_count": 8,
      "full_price_count": 0,
      "out_of_stock_count": 0,
      "low_stock_count": 0,
      "discount_pct_min": 14,
      "discount_pct_max": 25,
      "discount_pct_median": 22,
      "price_min": 14.99,
      "price_max": 729.99,
      "price_currency": "USD"
    },
    "t4": {
      "hydration_events": [
        {
          "metric": "cart_hydration_time_ms",
          "value": 0
        }
      ],
      "css_hidden_blocks": [
        {
          "selector": "sr-only",
          "gated_copy": "Email address",
          "rendered": false
        }
      ],
      "metadata": {
        "meta_description": "Shop electronics, fashion, home essentials and books at SHOPORA with fast delivery and secure checkout."
      },
      "raw_url": "http://127.0.0.1:8080/index.html"
    }
  },
  "budget": {
    "bytes_used": 3583,
    "hard_cap": 51200,
    "tiers_dropped": []
  },
  "privacy_metadata": {
    "pii_scrubbing_version": "0.2.0",
    "local_scrubbing_applied": true,
    "inputs_scrubbed": true,
    "scripts_removed": true,
    "styles_removed": true,
    "persistent_storage_used": false
  }
}

--- [2026-08-08T14:01:57.356Z] PAYLOAD: interaction_events ---
{
  "envelope_type": "interaction_events",
  "client_id": "shopora-prod",
  "session_token": "5b3b4390-bdb4-4117-9237-0d15ada866ff",
  "flush_id": "6970894f-481b-497c-b50d-25139856b7c7",
  "flush_reason": "pagehide",
  "events": [
    {
      "event_id": "ed3dd8ec-8a0c-4d0f-a387-b8226689ab9f",
      "event_type": "wishlist_added",
      "timestamp": "2026-08-08T14:01:57.306Z",
      "page_type": "homepage",
      "page_url_path": "/index.html",
      "sku": "ho-1",
      "surface": "catalog-grid",
      "position": 5,
      "displayed_price": "$129.99"
    }
  ]
}

--- [2026-08-08T14:01:57.930Z] PAYLOAD: tier0-9 ---
{
  "schema_version": "0.2.0",
  "beacon_id": "bf2312a3-82ba-4489-bc3c-48078a3a0a39",
  "client_id": "shopora-prod",
  "session_token": "a302c5c8-feaf-4ebd-bc69-ebf928df476c",
  "tag_version": "0.2.0",
  "timestamp": "2026-08-08T14:01:57.922Z",
  "sampled": true,
  "page_type": "pdp",
  "page_url_path": "/pdp.html?id=ho-1",
  "sequence_no": 1,
  "page_heading": "OakLine Coffee Table",
  "breadcrumb": [
    "HOME /",
    "HOME /",
    "OAKLINE"
  ],
  "viewport": {
    "width": 1065,
    "height": 1138
  },
  "surface_id": "0cbfef7a-1980-40aa-b6fb-fa44163e0545",
  "region": "en",
  "identity_summary": {
    "state": "unknown"
  },
  "visible_query": null,
  "program_match": null,
  "page": {
    "page_type": "pdp",
    "page_url": "http://127.0.0.1:8080/pdp.html?id=ho-1"
  },
  "signals": {
    "t1": [
      {
        "position": 1,
        "surface": "hero",
        "name": "Product Specifications",
        "brand": "OakLine Official",
        "price": 129.99,
        "currency": "USD",
        "old_price": 159.99,
        "has_markdown": true,
        "badge": "SAVE 19%",
        "discount_pct": 19,
        "availability": "in-stock",
        "sponsored": false,
        "delivery_promise": "Order within 5 hrs",
        "visible_category_words": [
          "home"
        ],
        "badges": [
          "• High Demand"
        ]
      }
    ],
    "t4": {
      "hydration_events": [
        {
          "metric": "cart_hydration_time_ms",
          "value": 0
        }
      ],
      "css_hidden_blocks": [
        {
          "selector": "pdp-accordion-content",
          "gated_copy": "Standard Delivery: 3-5 business days. Free for orders over $50.\n                \n                \n  ",
          "rendered": false
        }
      ],
      "raw_url": "http://127.0.0.1:8080/pdp.html?id=ho-1"
    }
  },
  "budget": {
    "bytes_used": 1156,
    "hard_cap": 51200,
    "tiers_dropped": []
  },
  "privacy_metadata": {
    "pii_scrubbing_version": "0.2.0",
    "local_scrubbing_applied": true,
    "inputs_scrubbed": true,
    "scripts_removed": true,
    "styles_removed": true,
    "persistent_storage_used": false
  }
}

--- [2026-08-08T14:02:00.945Z] PAYLOAD: tier0-9 ---
{
  "schema_version": "0.2.0",
  "beacon_id": "7c9d0333-9a23-4f7c-b83b-e6fb6146fb8f",
  "client_id": "shopora-prod",
  "session_token": "36697c95-9d88-4258-a6a2-d8dbcae35826",
  "tag_version": "0.2.0",
  "timestamp": "2026-08-08T14:02:00.934Z",
  "sampled": true,
  "page_type": "homepage",
  "page_url_path": "/index.html",
  "sequence_no": 1,
  "page_heading": "Upgrade your everyday for less.",
  "breadcrumb": [],
  "viewport": {
    "width": 1065,
    "height": 1138
  },
  "surface_id": "1deaeb89-48bf-4a69-a709-a9994bb9433a",
  "region": "en",
  "identity_summary": {
    "state": "unknown"
  },
  "visible_query": null,
  "program_match": null,
  "page": {
    "page_type": "homepage",
    "page_url": "http://127.0.0.1:8080/index.html"
  },
  "signals": {
    "t1": [
      {
        "position": 1,
        "surface": "featured",
        "name": "VoltMax 15.6\" Laptop",
        "brand": "VoltMax",
        "price": 729.99,
        "currency": "USD",
        "old_price": 849.99,
        "has_markdown": true,
        "badge": "14% OFF",
        "discount_pct": 14,
        "availability": "in-stock",
        "sponsored": false,
        "delivery_promise": "FREE delivery Tomorrow",
        "discount_amount": "Save $120.00"
      },
      {
        "position": 2,
        "surface": "featured",
        "name": "PulseTune Wireless Headphones",
        "brand": "PulseTune",
        "price": 89.99,
        "currency": "USD",
        "old_price": 119.99,
        "has_markdown": true,
        "badge": "25% OFF",
        "discount_pct": 25,
        "availability": "in-stock",
        "sponsored": false,
        "delivery_promise": "FREE delivery Tomorrow",
        "discount_amount": "Save $30.00"
      },
      {
        "position": 3,
        "surface": "featured",
        "name": "Luna Cotton Graphic Tee",
        "brand": "Luna",
        "price": 18.99,
        "currency": "USD",
        "old_price": 24.99,
        "has_markdown": true,
        "badge": "24% OFF",
        "discount_pct": 24,
        "availability": "in-stock",
        "sponsored": false,
        "delivery_promise": "FREE delivery Tomorrow",
        "discount_amount": "Save $6.00"
      },
      {
        "position": 4,
        "surface": "featured",
        "name": "MetroStride Running Shoes",
        "brand": "MetroStride",
        "price": 74.99,
        "currency": "USD",
        "old_price": 94.99,
        "has_markdown": true,
        "badge": "21% OFF",
        "discount_pct": 21,
        "availability": "in-stock",
        "sponsored": false,
        "delivery_promise": "FREE delivery Tomorrow",
        "discount_amount": "Save $20.00"
      },
      {
        "position": 5,
        "surface": "featured",
        "name": "OakLine Coffee Table",
        "brand": "OakLine",
        "price": 129.99,
        "currency": "USD",
        "old_price": 159.99,
        "has_markdown": true,
        "badge": "19% OFF",
        "discount_pct": 19,
        "availability": "in-stock",
        "sponsored": false,
        "delivery_promise": "FREE delivery Tomorrow",
        "discount_amount": "Save $30.00"
      },
      {
        "position": 6,
        "surface": "featured",
        "name": "SoftNest Throw Blanket",
        "brand": "SoftNest",
        "price": 27.99,
        "currency": "USD",
        "old_price": 35.99,
        "has_markdown": true,
        "badge": "22% OFF",
        "discount_pct": 22,
        "availability": "in-stock",
        "sponsored": false,
        "delivery_promise": "FREE delivery Tomorrow",
        "discount_amount": "Save $8.00"
      },
      {
        "position": 7,
        "surface": "featured",
        "name": "The Last Library",
        "brand": "The",
        "price": 14.99,
        "currency": "USD",
        "old_price": 19.99,
        "has_markdown": true,
        "badge": "25% OFF",
        "discount_pct": 25,
        "availability": "in-stock",
        "sponsored": false,
        "delivery_promise": "FREE delivery Tomorrow",
        "discount_amount": "Save $5.00"
      },
      {
        "position": 8,
        "surface": "featured",
        "name": "Coding for Everyone",
        "brand": "Coding",
        "price": 21.99,
        "currency": "USD",
        "old_price": 26.99,
        "has_markdown": true,
        "badge": "19% OFF",
        "discount_pct": 19,
        "availability": "in-stock",
        "sponsored": false,
        "delivery_promise": "FREE delivery Tomorrow",
        "discount_amount": "Save $5.00"
      }
    ],
    "t3": {
      "total_products": 8,
      "sponsored_count": 0,
      "organic_count": 8,
      "discounted_count": 8,
      "full_price_count": 0,
      "out_of_stock_count": 0,
      "low_stock_count": 0,
      "discount_pct_min": 14,
      "discount_pct_max": 25,
      "discount_pct_median": 22,
      "price_min": 14.99,
      "price_max": 729.99,
      "price_currency": "USD"
    },
    "t4": {
      "hydration_events": [
        {
          "metric": "cart_hydration_time_ms",
          "value": 0
        }
      ],
      "css_hidden_blocks": [
        {
          "selector": "sr-only",
          "gated_copy": "Email address",
          "rendered": false
        }
      ],
      "metadata": {
        "meta_description": "Shop electronics, fashion, home essentials and books at SHOPORA with fast delivery and secure checkout."
      },
      "raw_url": "http://127.0.0.1:8080/index.html"
    }
  },
  "budget": {
    "bytes_used": 3583,
    "hard_cap": 51200,
    "tiers_dropped": []
  },
  "privacy_metadata": {
    "pii_scrubbing_version": "0.2.0",
    "local_scrubbing_applied": true,
    "inputs_scrubbed": true,
    "scripts_removed": true,
    "styles_removed": true,
    "persistent_storage_used": false
  }
}

--- [2026-08-08T14:02:08.038Z] PAYLOAD: interaction_events ---
{
  "envelope_type": "interaction_events",
  "client_id": "shopora-prod",
  "session_token": "36697c95-9d88-4258-a6a2-d8dbcae35826",
  "flush_id": "33d92569-043e-4028-9bb0-1cef71eb46b7",
  "flush_reason": "unload",
  "events": [
    {
      "event_id": "650e2db4-c85b-47dd-ba08-813166eb0342",
      "event_type": "wishlist_added",
      "timestamp": "2026-08-08T14:02:03.477Z",
      "page_type": "homepage",
      "page_url_path": "/index.html",
      "sku": "ho-4",
      "surface": "catalog-grid",
      "position": 6,
      "displayed_price": "$27.99"
    }
  ]
}

--- [2026-08-08T14:02:19.886Z] PAYLOAD: tier0-9 ---
{
  "schema_version": "0.2.0",
  "beacon_id": "220c3559-8266-4a42-b457-7fed9464ca7c",
  "client_id": "shopora-prod",
  "session_token": "a3b95bff-af2b-43c7-910c-88c61b945343",
  "tag_version": "0.2.0",
  "timestamp": "2026-08-08T14:02:19.872Z",
  "sampled": true,
  "page_type": "category",
  "page_url_path": "/category.html?category=fashion",
  "sequence_no": 1,
  "page_heading": "Fashion",
  "breadcrumb": [],
  "viewport": {
    "width": 1065,
    "height": 1138
  },
  "surface_id": "ec17e55e-a3ca-44d9-9f4f-f526ff105879",
  "region": "en",
  "identity_summary": {
    "state": "unknown"
  },
  "visible_query": null,
  "program_match": null,
  "page": {
    "page_type": "category",
    "page_url": "http://127.0.0.1:8080/category.html?category=fashion"
  },
  "signals": {
    "t1": [
      {
        "position": 1,
        "surface": "catalog-grid",
        "name": "MetroStride Running Shoes",
        "brand": "MetroStride",
        "price": 74.99,
        "currency": "USD",
        "old_price": 94.99,
        "has_markdown": true,
        "badge": "21% OFF",
        "discount_pct": 21,
        "availability": "in-stock",
        "sponsored": false,
        "delivery_promise": "FREE delivery Tomorrow",
        "discount_amount": "Save $20.00"
      },
      {
        "position": 2,
        "surface": "catalog-grid",
        "name": "UrbanWeave Denim Jacket",
        "brand": "UrbanWeave",
        "price": 54.99,
        "currency": "USD",
        "old_price": 69.99,
        "has_markdown": true,
        "badge": "21% OFF",
        "discount_pct": 21,
        "availability": "in-stock",
        "sponsored": false,
        "delivery_promise": "FREE delivery Tomorrow",
        "discount_amount": "Save $15.00"
      },
      {
        "position": 3,
        "surface": "catalog-grid",
        "name": "SilkLine Summer Dress",
        "brand": "SilkLine",
        "price": 48.99,
        "currency": "USD",
        "old_price": 59.99,
        "has_markdown": true,
        "badge": "18% OFF",
        "discount_pct": 18,
        "availability": "in-stock",
        "sponsored": false,
        "delivery_promise": "FREE delivery Tomorrow",
        "discount_amount": "Save $11.00"
      },
      {
        "position": 4,
        "surface": "catalog-grid",
        "name": "Halo Knit Sweater",
        "brand": "Halo",
        "price": 44.99,
        "currency": "USD",
        "old_price": 58.99,
        "has_markdown": true,
        "badge": "24% OFF",
        "discount_pct": 24,
        "availability": "in-stock",
        "sponsored": false,
        "delivery_promise": "FREE delivery Tomorrow",
        "discount_amount": "Save $14.00"
      },
      {
        "position": 5,
        "surface": "catalog-grid",
        "name": "Frontier Leather Belt",
        "brand": "Frontier",
        "price": 24.99,
        "currency": "USD",
        "old_price": 31.99,
        "has_markdown": true,
        "badge": "22% OFF",
        "discount_pct": 22,
        "availability": "in-stock",
        "sponsored": false,
        "delivery_promise": "FREE delivery Tomorrow",
        "discount_amount": "Save $7.00"
      },
      {
        "position": 6,
        "surface": "catalog-grid",
        "name": "Northline Hoodie",
        "brand": "Northline",
        "price": 42.99,
        "currency": "USD",
        "old_price": 54.99,
        "has_markdown": true,
        "badge": "22% OFF",
        "discount_pct": 22,
        "availability": "in-stock",
        "sponsored": false,
        "delivery_promise": "FREE delivery Tomorrow",
        "discount_amount": "Save $12.00"
      },
      {
        "position": 7,
        "surface": "catalog-grid",
        "name": "AeroTrack Joggers",
        "brand": "AeroTrack",
        "price": 33.99,
        "currency": "USD",
        "old_price": 43.99,
        "has_markdown": true,
        "badge": "23% OFF",
        "discount_pct": 23,
        "availability": "in-stock",
        "sponsored": false,
        "delivery_promise": "FREE delivery Tomorrow",
        "discount_amount": "Save $10.00"
      },
      {
        "position": 8,
        "surface": "catalog-grid",
        "name": "PrimeLayer Blazer",
        "brand": "PrimeLayer",
        "price": 89.99,
        "currency": "USD",
        "old_price": 109.99,
        "has_markdown": true,
        "badge": "18% OFF",
        "discount_pct": 18,
        "availability": "in-stock",
        "sponsored": false,
        "delivery_promise": "FREE delivery Tomorrow",
        "discount_amount": "Save $20.00"
      },
      {
        "position": 9,
        "surface": "catalog-grid",
        "name": "Luna Cotton Graphic Tee",
        "brand": "Luna",
        "price": 18.99,
        "currency": "USD",
        "old_price": 24.99,
        "has_markdown": true,
        "badge": "24% OFF",
        "discount_pct": 24,
        "availability": "in-stock",
        "sponsored": false,
        "delivery_promise": "FREE delivery Tomorrow",
        "discount_amount": "Save $6.00"
      },
      {
        "position": 10,
        "surface": "catalog-grid",
        "name": "CityFlow Backpack",
        "brand": "CityFlow",
        "price": 36.99,
        "currency": "USD",
        "old_price": 45.99,
        "has_markdown": true,
        "badge": "20% OFF",
        "discount_pct": 20,
        "availability": "in-stock",
        "sponsored": false,
        "delivery_promise": "FREE delivery Tomorrow",
        "discount_amount": "Save $9.00"
      },
      {
        "position": 11,
        "surface": "catalog-grid",
        "name": "ClassicFit Chino Pants",
        "brand": "ClassicFit",
        "price": 39.99,
        "currency": "USD",
        "old_price": 49.99,
        "has_markdown": true,
        "badge": "20% OFF",
        "discount_pct": 20,
        "availability": "in-stock",
        "sponsored": false,
        "delivery_promise": "FREE delivery Tomorrow",
        "discount_amount": "Save $10.00"
      },
      {
        "position": 12,
        "surface": "catalog-grid",
        "name": "Strata Formal Shirt",
        "brand": "Strata",
        "price": 31.99,
        "currency": "USD",
        "old_price": 39.99,
        "has_markdown": true,
        "badge": "20% OFF",
        "discount_pct": 20,
        "availability": "in-stock",
        "sponsored": false,
        "delivery_promise": "FREE delivery Tomorrow",
        "discount_amount": "Save $8.00"
      },
      {
        "position": 13,
        "surface": "catalog-grid",
        "name": "PulseFlex Training Shorts",
        "brand": "PulseFlex",
        "price": 22.99,
        "currency": "USD",
        "old_price": 29.99,
        "has_markdown": true,
        "badge": "23% OFF",
        "discount_pct": 23,
        "availability": "in-stock",
        "sponsored": false,
        "delivery_promise": "FREE delivery Tomorrow",
        "discount_amount": "Save $7.00"
      },
      {
        "position": 14,
        "surface": "catalog-grid",
        "name": "GlowStep Sandals",
        "brand": "GlowStep",
        "price": 28.99,
        "currency": "USD",
        "old_price": 36.99,
        "has_markdown": true,
        "badge": "22% OFF",
        "discount_pct": 22,
        "availability": "in-stock",
        "sponsored": false,
        "delivery_promise": "FREE delivery Tomorrow",
        "discount_amount": "Save $8.00"
      },
      {
        "position": 15,
        "surface": "catalog-grid",
        "name": "BloomWrap Scarf",
        "brand": "BloomWrap",
        "price": 16.99,
        "currency": "USD",
        "old_price": 21.99,
        "has_markdown": true,
        "badge": "23% OFF",
        "discount_pct": 23,
        "availability": "in-stock",
        "sponsored": false,
        "delivery_promise": "FREE delivery Tomorrow",
        "discount_amount": "Save $5.00"
      }
    ],
    "t3": {
      "total_products": 15,
      "sponsored_count": 0,
      "organic_count": 15,
      "discounted_count": 15,
      "full_price_count": 0,
      "out_of_stock_count": 0,
      "low_stock_count": 0,
      "discount_pct_min": 18,
      "discount_pct_max": 24,
      "discount_pct_median": 22,
      "price_min": 16.99,
      "price_max": 89.99,
      "price_currency": "USD"
    },
    "t4": {
      "hydration_events": [
        {
          "metric": "cart_hydration_time_ms",
          "value": 0
        }
      ],
      "result_count_stated": 15,
      "result_count_rendered": 15,
      "result_count_match": true,
      "css_hidden_blocks": [
        {
          "selector": "empty-results",
          "gated_copy": "⌕\n                                        No products found\n                                        ",
          "rendered": false
        }
      ],
      "metadata": {
        "meta_description": "Browse and filter all SHOPORA products."
      },
      "raw_url": "http://127.0.0.1:8080/category.html?category=fashion"
    }
  },
  "budget": {
    "bytes_used": 5929,
    "hard_cap": 51200,
    "tiers_dropped": []
  },
  "privacy_metadata": {
    "pii_scrubbing_version": "0.2.0",
    "local_scrubbing_applied": true,
    "inputs_scrubbed": true,
    "scripts_removed": true,
    "styles_removed": true,
    "persistent_storage_used": false
  }
}

--- [2026-08-08T14:02:26.174Z] PAYLOAD: interaction_events ---
{
  "envelope_type": "interaction_events",
  "client_id": "shopora-prod",
  "session_token": "a3b95bff-af2b-43c7-910c-88c61b945343",
  "flush_id": "005a0670-c389-44c5-b955-ca2032c8f099",
  "flush_reason": "unload",
  "events": [
    {
      "event_id": "38e775df-c20b-4c63-b763-a3f44deae65f",
      "event_type": "wishlist_added",
      "timestamp": "2026-08-08T14:02:22.840Z",
      "page_type": "category",
      "page_url_path": "/category.html",
      "sku": "fa-9",
      "surface": "catalog-grid",
      "position": 4,
      "displayed_price": "$44.99"
    }
  ]
}

--- [2026-08-08T14:07:04.871Z] PAYLOAD: interaction_events ---
{
  "envelope_type": "interaction_events",
  "client_id": "shopora-prod",
  "session_token": "a3b95bff-af2b-43c7-910c-88c61b945343",
  "flush_id": "9746b03c-101f-4b8b-926b-f94da82770fe",
  "flush_reason": "time",
  "events": [
    {
      "event_id": "d8675d3f-f365-45ba-965e-c73c98f41df2",
      "event_type": "wishlist_added",
      "timestamp": "2026-08-08T14:06:59.063Z",
      "page_type": "category",
      "page_url_path": "/category.html",
      "sku": "fa-5",
      "surface": "catalog-grid",
      "position": 3,
      "displayed_price": "$48.99"
    }
  ]
}

--- [2026-08-08T14:07:20.297Z] PAYLOAD: tier0-9 ---
{
  "schema_version": "0.2.0",
  "beacon_id": "4a1ff30f-c046-4094-a3e6-1cf24046853d",
  "client_id": "shopora-prod",
  "session_token": "e06c2bad-69f9-4bf8-8985-cc83b4c0703a",
  "tag_version": "0.2.0",
  "timestamp": "2026-08-08T14:07:20.289Z",
  "sampled": true,
  "page_type": "homepage",
  "page_url_path": "/index.html",
  "sequence_no": 1,
  "page_heading": "Upgrade your everyday for less.",
  "breadcrumb": [],
  "viewport": {
    "width": 1065,
    "height": 1138
  },
  "surface_id": "d34b40a0-696b-4195-af84-a8ba73d3baf5",
  "region": "en",
  "identity_summary": {
    "state": "unknown"
  },
  "visible_query": null,
  "program_match": null,
  "page": {
    "page_type": "homepage",
    "page_url": "http://127.0.0.1:8080/index.html"
  },
  "signals": {
    "t1": [],
    "t4": {
      "hydration_events": [
        {
          "metric": "cart_hydration_time_ms",
          "value": 0
        }
      ],
      "css_hidden_blocks": [
        {
          "selector": "sr-only",
          "gated_copy": "Email address",
          "rendered": false
        }
      ],
      "metadata": {
        "meta_description": "Shop electronics, fashion, home essentials and books at SHOPORA with fast delivery and secure checkout."
      },
      "raw_url": "http://127.0.0.1:8080/index.html"
    }
  },
  "budget": {
    "bytes_used": 824,
    "hard_cap": 51200,
    "tiers_dropped": []
  },
  "privacy_metadata": {
    "pii_scrubbing_version": "0.2.0",
    "local_scrubbing_applied": true,
    "inputs_scrubbed": true,
    "scripts_removed": true,
    "styles_removed": true,
    "persistent_storage_used": false
  }
}

--- [2026-08-08T14:07:24.408Z] PAYLOAD: interaction_events ---
{
  "envelope_type": "interaction_events",
  "client_id": "shopora-prod",
  "session_token": "e06c2bad-69f9-4bf8-8985-cc83b4c0703a",
  "flush_id": "beea32d2-f036-4f06-8cef-e3dba5f047dd",
  "flush_reason": "immediate_navigation",
  "events": [
    {
      "event_id": "b0fe2872-0249-4c9a-bcc0-483c8a3ef408",
      "event_type": "product_card_clicked",
      "timestamp": "2026-08-08T14:07:24.404Z",
      "page_type": "homepage",
      "page_url_path": "/index.html",
      "sku": "fa-2",
      "surface": "catalog-grid",
      "position": 3,
      "displayed_price": "$18.99",
      "displayed_currency": "$"
    }
  ]
}

--- [2026-08-08T14:07:25.148Z] PAYLOAD: tier0-9 ---
{
  "schema_version": "0.2.0",
  "beacon_id": "21507bdb-c0f1-40fb-aaf5-ed81e707297e",
  "client_id": "shopora-prod",
  "session_token": "f640ed98-eb25-4fb3-9648-c4ddb52b2bb9",
  "tag_version": "0.2.0",
  "timestamp": "2026-08-08T14:07:25.140Z",
  "sampled": true,
  "page_type": "pdp",
  "page_url_path": "/pdp.html?id=fa-2",
  "sequence_no": 1,
  "page_heading": "Luna Cotton Graphic Tee",
  "breadcrumb": [
    "HOME /",
    "FASHION /",
    "LUNA"
  ],
  "viewport": {
    "width": 1065,
    "height": 1138
  },
  "surface_id": "3133cdf1-beb6-4a05-b75f-5f87b45fecb1",
  "region": "en",
  "identity_summary": {
    "state": "unknown"
  },
  "visible_query": null,
  "program_match": null,
  "page": {
    "page_type": "pdp",
    "page_url": "http://127.0.0.1:8080/pdp.html?id=fa-2"
  },
  "signals": {
    "t1": [
      {
        "position": 1,
        "surface": "hero",
        "name": "Product Specifications",
        "brand": "Luna Official",
        "price": 18.99,
        "currency": "USD",
        "old_price": 24.99,
        "has_markdown": true,
        "availability": "in-stock",
        "sponsored": false,
        "delivery_promise": "Order within 5 hrs",
        "visible_category_words": [
          "fashion"
        ],
        "badges": [
          "• High Demand"
        ]
      }
    ],
    "t4": {
      "hydration_events": [
        {
          "metric": "cart_hydration_time_ms",
          "value": 0
        }
      ],
      "css_hidden_blocks": [
        {
          "selector": "pdp-accordion-content",
          "gated_copy": "Standard Delivery: 3-5 business days. Free for orders over $50.\n                \n                \n  ",
          "rendered": false
        }
      ],
      "raw_url": "http://127.0.0.1:8080/pdp.html?id=fa-2"
    }
  },
  "budget": {
    "bytes_used": 1120,
    "hard_cap": 51200,
    "tiers_dropped": []
  },
  "privacy_metadata": {
    "pii_scrubbing_version": "0.2.0",
    "local_scrubbing_applied": true,
    "inputs_scrubbed": true,
    "scripts_removed": true,
    "styles_removed": true,
    "persistent_storage_used": false
  }
}

--- [2026-08-08T14:07:35.298Z] PAYLOAD: interaction_events ---
{
  "envelope_type": "interaction_events",
  "client_id": "shopora-prod",
  "session_token": "e06c2bad-69f9-4bf8-8985-cc83b4c0703a",
  "flush_id": "7cf4893a-db72-4b33-b44c-e8acfd911a82",
  "flush_reason": "time",
  "events": [
    {
      "event_id": "43034252-b22b-4996-b32f-97b5e0630f54",
      "event_type": "quick_view_opened",
      "timestamp": "2026-08-08T14:07:32.656Z",
      "page_type": "homepage",
      "page_url_path": "/index.html",
      "sku": "bo-10",
      "surface": "catalog-grid",
      "position": 8
    }
  ]
}

--- [2026-08-08T14:07:50.299Z] PAYLOAD: interaction_events ---
{
  "envelope_type": "interaction_events",
  "client_id": "shopora-prod",
  "session_token": "e06c2bad-69f9-4bf8-8985-cc83b4c0703a",
  "flush_id": "653dfe5e-7b49-456c-89e3-b99933a05491",
  "flush_reason": "time",
  "events": [
    {
      "event_id": "88cb8ad1-fd32-4011-97d7-ce449d3f2be1",
      "event_type": "quick_view_opened",
      "timestamp": "2026-08-08T14:07:41.341Z",
      "page_type": "homepage",
      "page_url_path": "/index.html",
      "sku": null,
      "surface": "catalog-grid",
      "position": 1
    }
  ]
}

--- [2026-08-08T14:12:54.214Z] PAYLOAD: tier0-9 ---
{
  "schema_version": "0.2.0",
  "beacon_id": "b5496ee1-13fe-4fce-b5fd-b588d0271a8f",
  "client_id": "shopora-prod",
  "session_token": "f09575c6-6fc8-4fd7-8e04-4e8f837c1d94",
  "tag_version": "0.2.0",
  "timestamp": "2026-08-08T14:12:53.373Z",
  "sampled": true,
  "page_type": "homepage",
  "page_url_path": "/index.html",
  "sequence_no": 1,
  "page_heading": "Upgrade your everyday for less.",
  "breadcrumb": [],
  "viewport": {
    "width": 1065,
    "height": 1138
  },
  "surface_id": "2d7c9cc1-a51b-48ac-8121-6312e75e7199",
  "region": "en",
  "identity_summary": {
    "state": "unknown"
  },
  "visible_query": null,
  "program_match": null,
  "page": {
    "page_type": "homepage",
    "page_url": "http://127.0.0.1:8080/index.html"
  },
  "signals": {
    "t1": [
      {
        "position": 1,
        "surface": "featured",
        "name": "VoltMax 15.6\" Laptop",
        "brand": "VoltMax",
        "price": 729.99,
        "currency": "USD",
        "old_price": 849.99,
        "has_markdown": true,
        "badge": "14% OFF",
        "discount_pct": 14,
        "availability": "in-stock",
        "sponsored": false,
        "delivery_promise": "FREE delivery Tomorrow",
        "discount_amount": "Save $120.00"
      },
      {
        "position": 2,
        "surface": "featured",
        "name": "PulseTune Wireless Headphones",
        "brand": "PulseTune",
        "price": 89.99,
        "currency": "USD",
        "old_price": 119.99,
        "has_markdown": true,
        "badge": "25% OFF",
        "discount_pct": 25,
        "availability": "in-stock",
        "sponsored": false,
        "delivery_promise": "FREE delivery Tomorrow",
        "discount_amount": "Save $30.00"
      },
      {
        "position": 3,
        "surface": "featured",
        "name": "Luna Cotton Graphic Tee",
        "brand": "Luna",
        "price": 18.99,
        "currency": "USD",
        "old_price": 24.99,
        "has_markdown": true,
        "badge": "24% OFF",
        "discount_pct": 24,
        "availability": "in-stock",
        "sponsored": false,
        "delivery_promise": "FREE delivery Tomorrow",
        "discount_amount": "Save $6.00"
      },
      {
        "position": 4,
        "surface": "featured",
        "name": "MetroStride Running Shoes",
        "brand": "MetroStride",
        "price": 74.99,
        "currency": "USD",
        "old_price": 94.99,
        "has_markdown": true,
        "badge": "21% OFF",
        "discount_pct": 21,
        "availability": "in-stock",
        "sponsored": false,
        "delivery_promise": "FREE delivery Tomorrow",
        "discount_amount": "Save $20.00"
      },
      {
        "position": 5,
        "surface": "featured",
        "name": "OakLine Coffee Table",
        "brand": "OakLine",
        "price": 129.99,
        "currency": "USD",
        "old_price": 159.99,
        "has_markdown": true,
        "badge": "19% OFF",
        "discount_pct": 19,
        "availability": "in-stock",
        "sponsored": false,
        "delivery_promise": "FREE delivery Tomorrow",
        "discount_amount": "Save $30.00"
      },
      {
        "position": 6,
        "surface": "featured",
        "name": "SoftNest Throw Blanket",
        "brand": "SoftNest",
        "price": 27.99,
        "currency": "USD",
        "old_price": 35.99,
        "has_markdown": true,
        "badge": "22% OFF",
        "discount_pct": 22,
        "availability": "in-stock",
        "sponsored": false,
        "delivery_promise": "FREE delivery Tomorrow",
        "discount_amount": "Save $8.00"
      },
      {
        "position": 7,
        "surface": "featured",
        "name": "The Last Library",
        "brand": "The",
        "price": 14.99,
        "currency": "USD",
        "old_price": 19.99,
        "has_markdown": true,
        "badge": "25% OFF",
        "discount_pct": 25,
        "availability": "in-stock",
        "sponsored": false,
        "delivery_promise": "FREE delivery Tomorrow",
        "discount_amount": "Save $5.00"
      },
      {
        "position": 8,
        "surface": "featured",
        "name": "Coding for Everyone",
        "brand": "Coding",
        "price": 21.99,
        "currency": "USD",
        "old_price": 26.99,
        "has_markdown": true,
        "badge": "19% OFF",
        "discount_pct": 19,
        "availability": "in-stock",
        "sponsored": false,
        "delivery_promise": "FREE delivery Tomorrow",
        "discount_amount": "Save $5.00"
      }
    ],
    "t3": {
      "total_products": 8,
      "sponsored_count": 0,
      "organic_count": 8,
      "discounted_count": 8,
      "full_price_count": 0,
      "out_of_stock_count": 0,
      "low_stock_count": 0,
      "discount_pct_min": 14,
      "discount_pct_max": 25,
      "discount_pct_median": 22,
      "price_min": 14.99,
      "price_max": 729.99,
      "price_currency": "USD"
    },
    "t4": {
      "hydration_events": [
        {
          "metric": "cart_hydration_time_ms",
          "value": 0
        }
      ],
      "css_hidden_blocks": [
        {
          "selector": "sr-only",
          "gated_copy": "Email address",
          "rendered": false
        }
      ],
      "metadata": {
        "meta_description": "Shop electronics, fashion, home essentials and books at SHOPORA with fast delivery and secure checkout."
      },
      "raw_url": "http://127.0.0.1:8080/index.html"
    }
  },
  "budget": {
    "bytes_used": 3583,
    "hard_cap": 51200,
    "tiers_dropped": []
  },
  "privacy_metadata": {
    "pii_scrubbing_version": "0.2.0",
    "local_scrubbing_applied": true,
    "inputs_scrubbed": true,
    "scripts_removed": true,
    "styles_removed": true,
    "persistent_storage_used": false
  }
}

--- [2026-08-08T14:13:06.672Z] PAYLOAD: interaction_events ---
{
  "envelope_type": "interaction_events",
  "client_id": "shopora-prod",
  "session_token": "f09575c6-6fc8-4fd7-8e04-4e8f837c1d94",
  "flush_id": "3a255e69-fd31-413b-bee0-9cf6cfdfd154",
  "flush_reason": "time",
  "events": [
    {
      "event_id": "219cdd36-230f-48cd-b520-6b6a30337144",
      "event_type": "quick_view_opened",
      "timestamp": "2026-08-08T14:12:58.686Z",
      "page_type": "homepage",
      "page_url_path": "/index.html",
      "sku": "fa-2",
      "surface": "catalog-grid",
      "position": 3
    }
  ]
}

--- [2026-08-08T14:13:35.695Z] PAYLOAD: tier0-9 ---
{
  "schema_version": "0.2.0",
  "beacon_id": "081c9de6-0795-4b8b-ad87-e409ee4575ae",
  "client_id": "shopora-prod",
  "session_token": "2c30116f-5858-4656-98a1-3e7227b0337f",
  "tag_version": "0.2.0",
  "timestamp": "2026-08-08T14:13:35.676Z",
  "sampled": true,
  "page_type": "cart",
  "page_url_path": "/cart.html",
  "sequence_no": 1,
  "page_heading": "Shopping cart",
  "breadcrumb": [],
  "viewport": {
    "width": 1065,
    "height": 1138
  },
  "surface_id": "1b81343f-d1e1-4d27-8fcf-07fae436a3ad",
  "region": "en",
  "identity_summary": {
    "state": "unknown"
  },
  "visible_query": null,
  "program_match": null,
  "page": {
    "page_type": "cart",
    "page_url": "http://127.0.0.1:8080/cart.html"
  },
  "signals": {
    "t1": [],
    "t2": {
      "page_context": "cart",
      "line_items": [
        {
          "name": "Orbit Pro Gaming Mouse",
          "quantity": 1,
          "line_total": "$29.99",
          "price": "$29.99",
          "old_price": "$39.99",
          "discount": "25% off"
        },
        {
          "name": "EcoSync Smart Plug Kit",
          "quantity": 1,
          "line_total": "$34.99",
          "price": "$34.99",
          "old_price": "$44.99",
          "discount": "22% off"
        },
        {
          "name": "SwiftPad Tablet 10.5\"",
          "quantity": 1,
          "line_total": "$219.99",
          "price": "$219.99",
          "old_price": "$259.99",
          "discount": "15% off"
        }
      ],
      "subtotal": "$284.97",
      "total": "$284.97",
      "savings_shown": "$60.00",
      "delivery_cost": "FREE",
      "subtotal_numeric": 284.97,
      "total_numeric": 284.97,
      "savings_numeric": 60,
      "item_count": 3,
      "promo_field_state": "hidden",
      "promo_field_present": true,
      "checkout_reachable": true,
      "shipping_bar_shown": true,
      "loyalty_balance_rendered": false,
      "promotions": [
        {
          "name": "",
          "amount": "-$0.00"
        }
      ],
      "shipping_threshold_message": "✓ You unlocked FREE delivery!",
      "free_shipping_eligibility": "unknown"
    },
    "t4": {
      "hydration_events": [
        {
          "metric": "cart_hydration_time_ms",
          "value": 57
        }
      ],
      "cart_math_match": true,
      "css_hidden_blocks": [
        {
          "selector": "summary-row savings",
          "gated_copy": "Promo\n                                        () Remove-$0.00",
          "rendered": false
        }
      ],
      "raw_url": "http://127.0.0.1:8080/cart.html"
    }
  },
  "budget": {
    "bytes_used": 1629,
    "hard_cap": 51200,
    "tiers_dropped": []
  },
  "privacy_metadata": {
    "pii_scrubbing_version": "0.2.0",
    "local_scrubbing_applied": true,
    "inputs_scrubbed": true,
    "scripts_removed": true,
    "styles_removed": true,
    "persistent_storage_used": false
  }
}

--- [2026-08-08T14:13:50.525Z] PAYLOAD: interaction_events ---
{
  "envelope_type": "interaction_events",
  "client_id": "shopora-prod",
  "session_token": "2c30116f-5858-4656-98a1-3e7227b0337f",
  "flush_id": "d37729e4-916f-4126-ae9a-6bceea05853f",
  "flush_reason": "time",
  "events": [
    {
      "event_id": "69ccd629-8c4a-4aec-abc4-e33544e50b2a",
      "event_type": "quantity_changed",
      "timestamp": "2026-08-08T14:13:40.582Z",
      "page_type": "cart",
      "page_url_path": "/cart.html",
      "sku": "el-9",
      "quantity_before": 1,
      "quantity_after": 2,
      "line_total_before": "$29.99",
      "line_total_after": null
    }
  ]
}

--- [2026-08-08T14:14:20.537Z] PAYLOAD: interaction_events ---
{
  "envelope_type": "interaction_events",
  "client_id": "shopora-prod",
  "session_token": "2c30116f-5858-4656-98a1-3e7227b0337f",
  "flush_id": "30ad61aa-ca83-4c02-89a6-8a36034d14ff",
  "flush_reason": "time",
  "events": [
    {
      "event_id": "3fd86649-3a9d-400e-bbe0-7d5e0f0e6025",
      "event_type": "quantity_changed",
      "timestamp": "2026-08-08T14:14:10.845Z",
      "page_type": "cart",
      "page_url_path": "/cart.html",
      "sku": "el-10",
      "quantity_before": 1,
      "quantity_after": 2,
      "line_total_before": "$219.99",
      "line_total_after": null
    }
  ]
}

--- [2026-08-08T14:14:35.533Z] PAYLOAD: interaction_events ---
{
  "envelope_type": "interaction_events",
  "client_id": "shopora-prod",
  "session_token": "2c30116f-5858-4656-98a1-3e7227b0337f",
  "flush_id": "5f8fb75a-3b4c-410e-bf39-ebd081892896",
  "flush_reason": "time",
  "events": [
    {
      "event_id": "99b1811c-4ada-46ff-a8d5-e170ebc4b0aa",
      "event_type": "quantity_changed",
      "timestamp": "2026-08-08T14:14:23.130Z",
      "page_type": "cart",
      "page_url_path": "/cart.html",
      "sku": "el-10",
      "quantity_before": 2,
      "quantity_after": 1,
      "line_total_before": "$439.98",
      "line_total_after": null
    }
  ]
}

--- [2026-08-08T14:19:20.533Z] PAYLOAD: interaction_events ---
{
  "envelope_type": "interaction_events",
  "client_id": "shopora-prod",
  "session_token": "2c30116f-5858-4656-98a1-3e7227b0337f",
  "flush_id": "a8e979ed-8d85-4f43-96c4-0312bcc12edb",
  "flush_reason": "time",
  "events": [
    {
      "event_id": "d62d6294-2d0a-4c5d-b24c-a278da3d41ef",
      "event_type": "quantity_changed",
      "timestamp": "2026-08-08T14:19:08.462Z",
      "page_type": "cart",
      "page_url_path": "/cart.html",
      "sku": "el-9",
      "quantity_before": 2,
      "quantity_after": 3,
      "line_total_before": "$59.98",
      "line_total_after": null
    }
  ]
}

--- [2026-08-08T14:19:23.545Z] PAYLOAD: tier0-9 ---
{
  "schema_version": "0.2.0",
  "beacon_id": "c8012790-4549-4709-afbc-09e3613ed62d",
  "client_id": "shopora-prod",
  "session_token": "a2e41514-bc32-4bb6-b74e-879dc8ba1c9c",
  "tag_version": "0.2.0",
  "timestamp": "2026-08-08T14:19:23.536Z",
  "sampled": true,
  "page_type": "cart",
  "page_url_path": "/cart.html",
  "sequence_no": 1,
  "page_heading": "Shopping cart",
  "breadcrumb": [],
  "viewport": {
    "width": 1065,
    "height": 1138
  },
  "surface_id": "4c9b4370-ffcf-4156-8241-8518b0aecd89",
  "region": "en",
  "identity_summary": {
    "state": "unknown"
  },
  "visible_query": null,
  "program_match": null,
  "page": {
    "page_type": "cart",
    "page_url": "http://127.0.0.1:8080/cart.html"
  },
  "signals": {
    "t1": [],
    "t2": {
      "page_context": "cart",
      "line_items": [],
      "subtotal": "$0.00",
      "total": "$0.00",
      "savings_shown": "$0.00",
      "delivery_cost": "$0.00",
      "subtotal_numeric": 0,
      "total_numeric": 0,
      "savings_numeric": 0,
      "delivery_numeric": 0,
      "item_count": 2,
      "promo_field_state": "hidden",
      "promo_field_present": true,
      "checkout_reachable": true,
      "shipping_bar_shown": false,
      "loyalty_balance_rendered": false,
      "promotions": [
        {
          "name": "",
          "amount": "-$0.00"
        }
      ],
      "shipping_threshold_message": "",
      "free_shipping_eligibility": "unknown"
    },
    "t4": {
      "hydration_events": [
        {
          "metric": "cart_hydration_time_ms",
          "value": 62
        }
      ],
      "cart_math_match": true,
      "css_hidden_blocks": [
        {
          "selector": "summary-row savings",
          "gated_copy": "Promo\n                                        () Remove-$0.00",
          "rendered": false
        }
      ],
      "raw_url": "http://127.0.0.1:8080/cart.html"
    }
  },
  "budget": {
    "bytes_used": 1221,
    "hard_cap": 51200,
    "tiers_dropped": []
  },
  "privacy_metadata": {
    "pii_scrubbing_version": "0.2.0",
    "local_scrubbing_applied": true,
    "inputs_scrubbed": true,
    "scripts_removed": true,
    "styles_removed": true,
    "persistent_storage_used": false
  }
}

--- [2026-08-08T14:19:38.542Z] PAYLOAD: interaction_events ---
{
  "envelope_type": "interaction_events",
  "client_id": "shopora-prod",
  "session_token": "a2e41514-bc32-4bb6-b74e-879dc8ba1c9c",
  "flush_id": "bc46a0a0-359d-40e0-b1e5-bfc8be6f6693",
  "flush_reason": "time",
  "events": [
    {
      "event_id": "b14d40ce-442e-4361-b72f-635e28b8268f",
      "event_type": "quantity_changed",
      "timestamp": "2026-08-08T14:19:29.382Z",
      "page_type": "cart",
      "page_url_path": "/cart.html",
      "sku": "el-8",
      "quantity_before": 1,
      "quantity_after": 2,
      "line_total_before": "$34.99",
      "line_total_after": "$69.98"
    }
  ]
}

--- [2026-08-08T14:19:53.538Z] PAYLOAD: interaction_events ---
{
  "envelope_type": "interaction_events",
  "client_id": "shopora-prod",
  "session_token": "a2e41514-bc32-4bb6-b74e-879dc8ba1c9c",
  "flush_id": "41be4462-2bc2-492a-bb5e-d44c5c0d371b",
  "flush_reason": "time",
  "events": [
    {
      "event_id": "5745c780-75bb-48b3-8610-d34827eb4513",
      "event_type": "quantity_changed",
      "timestamp": "2026-08-08T14:19:44.838Z",
      "page_type": "cart",
      "page_url_path": "/cart.html",
      "sku": "el-10",
      "quantity_before": 1,
      "quantity_after": 0,
      "line_total_before": "$219.99",
      "line_total_after": null
    }
  ]
}

--- [2026-08-08T14:20:08.539Z] PAYLOAD: interaction_events ---
{
  "envelope_type": "interaction_events",
  "client_id": "shopora-prod",
  "session_token": "a2e41514-bc32-4bb6-b74e-879dc8ba1c9c",
  "flush_id": "12f3612e-2e05-4b06-8d36-607c21d1d6b3",
  "flush_reason": "time",
  "events": [
    {
      "event_id": "73874ae2-2522-4b3e-980a-0ab0fe58f724",
      "event_type": "quantity_changed",
      "timestamp": "2026-08-08T14:19:57.484Z",
      "page_type": "cart",
      "page_url_path": "/cart.html",
      "sku": "el-9",
      "quantity_before": 3,
      "quantity_after": 2,
      "line_total_before": "$89.97",
      "line_total_after": "$59.98"
    }
  ]
}

--- [2026-08-12T12:00:34.658Z] PAYLOAD: tier0-9 ---
{
  "schema_version": "0.2.0",
  "beacon_id": "e0ff5e72-3edd-40c4-9b6e-cb6cd420ef97",
  "client_id": "shopora-prod",
  "session_token": "fda2b267-44aa-431f-9675-583dbe299df5",
  "tag_version": "0.2.0",
  "timestamp": "2026-08-12T12:00:34.604Z",
  "sampled": true,
  "page_type": "category",
  "page_url_path": "/category.html",
  "sequence_no": 1,
  "page_heading": "All products",
  "breadcrumb": [],
  "viewport": {
    "width": 1790,
    "height": 950
  },
  "surface_id": "1d5d61b0-d748-4bb3-bf83-bbc2a144c6f0",
  "region": "en",
  "identity_summary": {
    "state": "unknown"
  },
  "visible_query": null,
  "program_match": null,
  "page": {
    "page_type": "category",
    "page_url": "http://127.0.0.1:8080/category.html"
  },
  "signals": {
    "t1": [
      {
        "position": 1,
        "surface": "catalog-grid",
        "name": "NeoCharge 20W Fast Charger",
        "brand": "NeoCharge",
        "price": 19.99,
        "currency": "USD",
        "old_price": 29.99,
        "has_markdown": true,
        "badge": "33% OFF",
        "discount_pct": 33,
        "availability": "in-stock",
        "sponsored": false,
        "delivery_promise": "FREE delivery Tomorrow",
        "discount_amount": "Save $10.00"
      },
      {
        "position": 2,
        "surface": "catalog-grid",
        "name": "PowerCore 10,000mAh Bank",
        "brand": "PowerCore",
        "price": 27.99,
        "currency": "USD",
        "old_price": 34.99,
        "has_markdown": true,
        "badge": "20% OFF",
        "discount_pct": 20,
        "availability": "in-stock",
        "sponsored": false,
        "delivery_promise": "FREE delivery Tomorrow",
        "discount_amount": "Save $7.00"
      },
      {
        "position": 3,
        "surface": "catalog-grid",
        "name": "SoftNest Throw Blanket",
        "brand": "SoftNest",
        "price": 27.99,
        "currency": "USD",
        "old_price": 35.99,
        "has_markdown": true,
        "badge": "22% OFF",
        "discount_pct": 22,
        "availability": "in-stock",
        "sponsored": false,
        "delivery_promise": "FREE delivery Tomorrow",
        "discount_amount": "Save $8.00"
      },
      {
        "position": 4,
        "surface": "catalog-grid",
        "name": "PebbleBath Towel Set",
        "brand": "PebbleBath",
        "price": 31.99,
        "currency": "USD",
        "old_price": 41.99,
        "has_markdown": true,
        "badge": "24% OFF",
        "discount_pct": 24,
        "availability": "in-stock",
        "sponsored": false,
        "delivery_promise": "FREE delivery Tomorrow",
        "discount_amount": "Save $10.00"
      },
      {
        "position": 5,
        "surface": "catalog-grid",
        "name": "ApexView 55\" 4K HDR Smart TV",
        "brand": "ApexView",
        "price": 499.99,
        "currency": "USD",
        "old_price": 599.99,
        "has_markdown": true,
        "badge": "17% OFF",
        "discount_pct": 17,
        "availability": "in-stock",
        "sponsored": false,
        "delivery_promise": "FREE delivery Tomorrow",
        "discount_amount": "Save $100.00"
      },
      {
        "position": 6,
        "surface": "catalog-grid",
        "name": "MetroStride Running Shoes",
        "brand": "MetroStride",
        "price": 74.99,
        "currency": "USD",
        "old_price": 94.99,
        "has_markdown": true,
        "badge": "21% OFF",
        "discount_pct": 21,
        "availability": "in-stock",
        "sponsored": false,
        "delivery_promise": "FREE delivery Tomorrow",
        "discount_amount": "Save $20.00"
      },
      {
        "position": 7,
        "surface": "catalog-grid",
        "name": "The Last Library",
        "brand": "The",
        "price": 14.99,
        "currency": "USD",
        "old_price": 19.99,
        "has_markdown": true,
        "badge": "25% OFF",
        "discount_pct": 25,
        "availability": "in-stock",
        "sponsored": false,
        "delivery_promise": "FREE delivery Tomorrow",
        "discount_amount": "Save $5.00"
      },
      {
        "position": 8,
        "surface": "catalog-grid",
        "name": "Mastering Home Cooking",
        "brand": "Mastering",
        "price": 24.99,
        "currency": "USD",
        "old_price": 29.99,
        "has_markdown": true,
        "badge": "17% OFF",
        "discount_pct": 17,
        "availability": "in-stock",
        "sponsored": false,
        "delivery_promise": "FREE delivery Tomorrow",
        "discount_amount": "Save $5.00"
      },
      {
        "position": 9,
        "surface": "catalog-grid",
        "name": "Coding for Everyone",
        "brand": "Coding",
        "price": 21.99,
        "currency": "USD",
        "old_price": 26.99,
        "has_markdown": true,
        "badge": "19% OFF",
        "discount_pct": 19,
        "availability": "in-stock",
        "sponsored": false,
        "delivery_promise": "FREE delivery Tomorrow",
        "discount_amount": "Save $5.00"
      },
      {
        "position": 10,
        "surface": "catalog-grid",
        "name": "PulseTune Wireless Headphones",
        "brand": "PulseTune",
        "price": 89.99,
        "currency": "USD",
        "old_price": 119.99,
        "has_markdown": true,
        "badge": "25% OFF",
        "discount_pct": 25,
        "availability": "in-stock",
        "sponsored": false,
        "delivery_promise": "FREE delivery Tomorrow",
        "discount_amount": "Save $30.00"
      },
      {
        "position": 11,
        "surface": "catalog-grid",
        "name": "UrbanWeave Denim Jacket",
        "brand": "UrbanWeave",
        "price": 54.99,
        "currency": "USD",
        "old_price": 69.99,
        "has_markdown": true,
        "badge": "21% OFF",
        "discount_pct": 21,
        "availability": "in-stock",
        "sponsored": false,
        "delivery_promise": "FREE delivery Tomorrow",
        "discount_amount": "Save $15.00"
      },
      {
        "position": 12,
        "surface": "catalog-grid",
        "name": "SilkLine Summer Dress",
        "brand": "SilkLine",
        "price": 48.99,
        "currency": "USD",
        "old_price": 59.99,
        "has_markdown": true,
        "badge": "18% OFF",
        "discount_pct": 18,
        "availability": "in-stock",
        "sponsored": false,
        "delivery_promise": "FREE delivery Tomorrow",
        "discount_amount": "Save $11.00"
      },
      {
        "position": 13,
        "surface": "catalog-grid",
        "name": "Halo Knit Sweater",
        "brand": "Halo",
        "price": 44.99,
        "currency": "USD",
        "old_price": 58.99,
        "has_markdown": true,
        "badge": "24% OFF",
        "discount_pct": 24,
        "availability": "in-stock",
        "sponsored": false,
        "delivery_promise": "FREE delivery Tomorrow",
        "discount_amount": "Save $14.00"
      },
      {
        "position": 14,
        "surface": "catalog-grid",
        "name": "OakLine Coffee Table",
        "brand": "OakLine",
        "price": 129.99,
        "currency": "USD",
        "old_price": 159.99,
        "has_markdown": true,
        "badge": "19% OFF",
        "discount_pct": 19,
        "availability": "in-stock",
        "sponsored": false,
        "delivery_promise": "FREE delivery Tomorrow",
        "discount_amount": "Save $30.00"
      },
      {
        "position": 15,
        "surface": "catalog-grid",
        "name": "SnapCam 4K Action Camera",
        "brand": "SnapCam",
        "price": 159.99,
        "currency": "USD",
        "old_price": 199.99,
        "has_markdown": true,
        "badge": "20% OFF",
        "discount_pct": 20,
        "availability": "in-stock",
        "sponsored": false,
        "delivery_promise": "FREE delivery Tomorrow",
        "discount_amount": "Save $40.00"
      },
      {
        "position": 16,
        "surface": "catalog-grid",
        "name": "Frontier Leather Belt",
        "brand": "Frontier",
        "price": 24.99,
        "currency": "USD",
        "old_price": 31.99,
        "has_markdown": true,
        "badge": "22% OFF",
        "discount_pct": 22,
        "availability": "in-stock",
        "sponsored": false,
        "delivery_promise": "FREE delivery Tomorrow",
        "discount_amount": "Save $7.00"
      },
      {
        "position": 17,
        "surface": "catalog-grid",
        "name": "SparkStone Candle Set",
        "brand": "SparkStone",
        "price": 22.99,
        "currency": "USD",
        "old_price": 28.99,
        "has_markdown": true,
        "badge": "21% OFF",
        "discount_pct": 21,
        "availability": "in-stock",
        "sponsored": false,
        "delivery_promise": "FREE delivery Tomorrow",
        "discount_amount": "Save $6.00"
      },
      {
        "position": 18,
        "surface": "catalog-grid",
        "name": "A Year of Sketches",
        "brand": "A",
        "price": 20.99,
        "currency": "USD",
        "old_price": 25.99,
        "has_markdown": true,
        "badge": "19% OFF",
        "discount_pct": 19,
        "availability": "in-stock",
        "sponsored": false,
        "delivery_promise": "FREE delivery Tomorrow",
        "discount_amount": "Save $5.00"
      },
      {
        "position": 19,
        "surface": "catalog-grid",
        "name": "SwiftPad Tablet 10.5\"",
        "brand": "SwiftPad",
        "price": 219.99,
        "currency": "USD",
        "old_price": 259.99,
        "has_markdown": true,
        "badge": "15% OFF",
        "discount_pct": 15,
        "availability": "in-stock",
        "sponsored": false,
        "delivery_promise": "FREE delivery Tomorrow",
        "discount_amount": "Save $40.00"
      },
      {
        "position": 20,
        "surface": "catalog-grid",
        "name": "Northline Hoodie",
        "brand": "Northline",
        "price": 42.99,
        "currency": "USD",
        "old_price": 54.99,
        "has_markdown": true,
        "badge": "22% OFF",
        "discount_pct": 22,
        "availability": "in-stock",
        "sponsored": false,
        "delivery_promise": "FREE delivery Tomorrow",
        "discount_amount": "Save $12.00"
      },
      {
        "position": 21,
        "surface": "catalog-grid",
        "name": "World Atlas for Kids",
        "brand": "World",
        "price": 18.99,
        "currency": "USD",
        "old_price": 22.99,
        "has_markdown": true,
        "badge": "17% OFF",
        "discount_pct": 17,
        "availability": "in-stock",
        "sponsored": false,
        "delivery_promise": "FREE delivery Tomorrow",
        "discount_amount": "Save $4.00"
      },
      {
        "position": 22,
        "surface": "catalog-grid",
        "name": "History in 100 Objects",
        "brand": "History",
        "price": 23.99,
        "currency": "USD",
        "old_price": 29.99,
        "has_markdown": true,
        "badge": "20% OFF",
        "discount_pct": 20,
        "availability": "in-stock",
        "sponsored": false,
        "delivery_promise": "FREE delivery Tomorrow",
        "discount_amount": "Save $6.00"
      },
      {
        "position": 23,
        "surface": "catalog-grid",
        "name": "Orbit Pro Gaming Mouse",
        "brand": "Orbit",
        "price": 29.99,
        "currency": "USD",
        "old_price": 39.99,
        "has_markdown": true,
        "badge": "25% OFF",
        "discount_pct": 25,
        "availability": "in-stock",
        "sponsored": false,
        "delivery_promise": "FREE delivery Tomorrow",
        "discount_amount": "Save $10.00"
      },
      {
        "position": 24,
        "surface": "catalog-grid",
        "name": "AeroTrack Joggers",
        "brand": "AeroTrack",
        "price": 33.99,
        "currency": "USD",
        "old_price": 43.99,
        "has_markdown": true,
        "badge": "23% OFF",
        "discount_pct": 23,
        "availability": "in-stock",
        "sponsored": false,
        "delivery_promise": "FREE delivery Tomorrow",
        "discount_amount": "Save $10.00"
      },
      {
        "position": 25,
        "surface": "catalog-grid",
        "name": "LuxeGlow Table Lamp",
        "brand": "LuxeGlow",
        "price": 39.99,
        "currency": "USD",
        "old_price": 49.99,
        "has_markdown": true,
        "badge": "20% OFF",
        "discount_pct": 20,
        "availability": "in-stock",
        "sponsored": false,
        "delivery_promise": "FREE delivery Tomorrow",
        "discount_amount": "Save $10.00"
      }
    ],
    "t3": {
      "total_products": 25,
      "sponsored_count": 0,
      "organic_count": 25,
      "discounted_count": 25,
      "full_price_count": 0,
      "out_of_stock_count": 0,
      "low_stock_count": 0,
      "discount_pct_min": 15,
      "discount_pct_max": 33,
      "discount_pct_median": 21,
      "price_min": 14.99,
      "price_max": 499.99,
      "price_currency": "USD"
    },
    "t4": {
      "hydration_events": [
        {
          "metric": "cart_hydration_time_ms",
          "value": 0
        }
      ],
      "result_count_stated": 60,
      "result_count_rendered": 25,
      "result_count_match": false,
      "css_hidden_blocks": [
        {
          "selector": "empty-results",
          "gated_copy": "⌕\n                                        No products found\n                                        ",
          "rendered": false
        }
      ],
      "metadata": {
        "meta_description": "Browse and filter all SHOPORA products."
      },
      "raw_url": "http://127.0.0.1:8080/category.html"
    }
  },
  "budget": {
    "bytes_used": 9083,
    "hard_cap": 51200,
    "tiers_dropped": []
  },
  "privacy_metadata": {
    "pii_scrubbing_version": "0.2.0",
    "local_scrubbing_applied": true,
    "inputs_scrubbed": true,
    "scripts_removed": true,
    "styles_removed": true,
    "persistent_storage_used": false
  }
}

--- [2026-08-12T12:03:48.341Z] PAYLOAD: tier0-9 ---
{
  "schema_version": "0.2.0",
  "beacon_id": "23455778-df3a-4d9f-a2b5-c74e7d7f8877",
  "client_id": "shopora-prod",
  "session_token": "bd14546b-b548-4d98-93c0-0c9b2824c6f4",
  "tag_version": "0.2.0",
  "timestamp": "2026-08-12T12:03:48.060Z",
  "sampled": true,
  "page_type": "category",
  "page_url_path": "/category.html",
  "sequence_no": 1,
  "page_heading": "All products",
  "breadcrumb": [],
  "viewport": {
    "width": 1790,
    "height": 950
  },
  "surface_id": "5debd8de-3f3c-4825-bb17-bcd914fc6453",
  "region": "en",
  "identity_summary": {
    "state": "unknown"
  },
  "visible_query": null,
  "program_match": null,
  "page": {
    "page_type": "category",
    "page_url": "http://127.0.0.1:8080/category.html"
  },
  "signals": {
    "t1": [
      {
        "position": 1,
        "surface": "catalog-grid",
        "name": "NeoCharge 20W Fast Charger",
        "brand": "NeoCharge",
        "price": 19.99,
        "currency": "USD",
        "old_price": 29.99,
        "has_markdown": true,
        "badge": "33% OFF",
        "discount_pct": 33,
        "availability": "in-stock",
        "sponsored": false,
        "delivery_promise": "FREE delivery Tomorrow",
        "discount_amount": "Save $10.00"
      },
      {
        "position": 2,
        "surface": "catalog-grid",
        "name": "PowerCore 10,000mAh Bank",
        "brand": "PowerCore",
        "price": 27.99,
        "currency": "USD",
        "old_price": 34.99,
        "has_markdown": true,
        "badge": "20% OFF",
        "discount_pct": 20,
        "availability": "in-stock",
        "sponsored": false,
        "delivery_promise": "FREE delivery Tomorrow",
        "discount_amount": "Save $7.00"
      },
      {
        "position": 3,
        "surface": "catalog-grid",
        "name": "SoftNest Throw Blanket",
        "brand": "SoftNest",
        "price": 27.99,
        "currency": "USD",
        "old_price": 35.99,
        "has_markdown": true,
        "badge": "22% OFF",
        "discount_pct": 22,
        "availability": "in-stock",
        "sponsored": false,
        "delivery_promise": "FREE delivery Tomorrow",
        "discount_amount": "Save $8.00"
      },
      {
        "position": 4,
        "surface": "catalog-grid",
        "name": "PebbleBath Towel Set",
        "brand": "PebbleBath",
        "price": 31.99,
        "currency": "USD",
        "old_price": 41.99,
        "has_markdown": true,
        "badge": "24% OFF",
        "discount_pct": 24,
        "availability": "in-stock",
        "sponsored": false,
        "delivery_promise": "FREE delivery Tomorrow",
        "discount_amount": "Save $10.00"
      },
      {
        "position": 5,
        "surface": "catalog-grid",
        "name": "ApexView 55\" 4K HDR Smart TV",
        "brand": "ApexView",
        "price": 499.99,
        "currency": "USD",
        "old_price": 599.99,
        "has_markdown": true,
        "badge": "17% OFF",
        "discount_pct": 17,
        "availability": "in-stock",
        "sponsored": false,
        "delivery_promise": "FREE delivery Tomorrow",
        "discount_amount": "Save $100.00"
      },
      {
        "position": 6,
        "surface": "catalog-grid",
        "name": "MetroStride Running Shoes",
        "brand": "MetroStride",
        "price": 74.99,
        "currency": "USD",
        "old_price": 94.99,
        "has_markdown": true,
        "badge": "21% OFF",
        "discount_pct": 21,
        "availability": "in-stock",
        "sponsored": false,
        "delivery_promise": "FREE delivery Tomorrow",
        "discount_amount": "Save $20.00"
      },
      {
        "position": 7,
        "surface": "catalog-grid",
        "name": "The Last Library",
        "brand": "The",
        "price": 14.99,
        "currency": "USD",
        "old_price": 19.99,
        "has_markdown": true,
        "badge": "25% OFF",
        "discount_pct": 25,
        "availability": "in-stock",
        "sponsored": false,
        "delivery_promise": "FREE delivery Tomorrow",
        "discount_amount": "Save $5.00"
      },
      {
        "position": 8,
        "surface": "catalog-grid",
        "name": "Mastering Home Cooking",
        "brand": "Mastering",
        "price": 24.99,
        "currency": "USD",
        "old_price": 29.99,
        "has_markdown": true,
        "badge": "17% OFF",
        "discount_pct": 17,
        "availability": "in-stock",
        "sponsored": false,
        "delivery_promise": "FREE delivery Tomorrow",
        "discount_amount": "Save $5.00"
      },
      {
        "position": 9,
        "surface": "catalog-grid",
        "name": "Coding for Everyone",
        "brand": "Coding",
        "price": 21.99,
        "currency": "USD",
        "old_price": 26.99,
        "has_markdown": true,
        "badge": "19% OFF",
        "discount_pct": 19,
        "availability": "in-stock",
        "sponsored": false,
        "delivery_promise": "FREE delivery Tomorrow",
        "discount_amount": "Save $5.00"
      },
      {
        "position": 10,
        "surface": "catalog-grid",
        "name": "PulseTune Wireless Headphones",
        "brand": "PulseTune",
        "price": 89.99,
        "currency": "USD",
        "old_price": 119.99,
        "has_markdown": true,
        "badge": "25% OFF",
        "discount_pct": 25,
        "availability": "in-stock",
        "sponsored": false,
        "delivery_promise": "FREE delivery Tomorrow",
        "discount_amount": "Save $30.00"
      },
      {
        "position": 11,
        "surface": "catalog-grid",
        "name": "UrbanWeave Denim Jacket",
        "brand": "UrbanWeave",
        "price": 54.99,
        "currency": "USD",
        "old_price": 69.99,
        "has_markdown": true,
        "badge": "21% OFF",
        "discount_pct": 21,
        "availability": "in-stock",
        "sponsored": false,
        "delivery_promise": "FREE delivery Tomorrow",
        "discount_amount": "Save $15.00"
      },
      {
        "position": 12,
        "surface": "catalog-grid",
        "name": "SilkLine Summer Dress",
        "brand": "SilkLine",
        "price": 48.99,
        "currency": "USD",
        "old_price": 59.99,
        "has_markdown": true,
        "badge": "18% OFF",
        "discount_pct": 18,
        "availability": "in-stock",
        "sponsored": false,
        "delivery_promise": "FREE delivery Tomorrow",
        "discount_amount": "Save $11.00"
      },
      {
        "position": 13,
        "surface": "catalog-grid",
        "name": "Halo Knit Sweater",
        "brand": "Halo",
        "price": 44.99,
        "currency": "USD",
        "old_price": 58.99,
        "has_markdown": true,
        "badge": "24% OFF",
        "discount_pct": 24,
        "availability": "in-stock",
        "sponsored": false,
        "delivery_promise": "FREE delivery Tomorrow",
        "discount_amount": "Save $14.00"
      },
      {
        "position": 14,
        "surface": "catalog-grid",
        "name": "OakLine Coffee Table",
        "brand": "OakLine",
        "price": 129.99,
        "currency": "USD",
        "old_price": 159.99,
        "has_markdown": true,
        "badge": "19% OFF",
        "discount_pct": 19,
        "availability": "in-stock",
        "sponsored": false,
        "delivery_promise": "FREE delivery Tomorrow",
        "discount_amount": "Save $30.00"
      },
      {
        "position": 15,
        "surface": "catalog-grid",
        "name": "SnapCam 4K Action Camera",
        "brand": "SnapCam",
        "price": 159.99,
        "currency": "USD",
        "old_price": 199.99,
        "has_markdown": true,
        "badge": "20% OFF",
        "discount_pct": 20,
        "availability": "in-stock",
        "sponsored": false,
        "delivery_promise": "FREE delivery Tomorrow",
        "discount_amount": "Save $40.00"
      },
      {
        "position": 16,
        "surface": "catalog-grid",
        "name": "Frontier Leather Belt",
        "brand": "Frontier",
        "price": 24.99,
        "currency": "USD",
        "old_price": 31.99,
        "has_markdown": true,
        "badge": "22% OFF",
        "discount_pct": 22,
        "availability": "in-stock",
        "sponsored": false,
        "delivery_promise": "FREE delivery Tomorrow",
        "discount_amount": "Save $7.00"
      },
      {
        "position": 17,
        "surface": "catalog-grid",
        "name": "SparkStone Candle Set",
        "brand": "SparkStone",
        "price": 22.99,
        "currency": "USD",
        "old_price": 28.99,
        "has_markdown": true,
        "badge": "21% OFF",
        "discount_pct": 21,
        "availability": "in-stock",
        "sponsored": false,
        "delivery_promise": "FREE delivery Tomorrow",
        "discount_amount": "Save $6.00"
      },
      {
        "position": 18,
        "surface": "catalog-grid",
        "name": "A Year of Sketches",
        "brand": "A",
        "price": 20.99,
        "currency": "USD",
        "old_price": 25.99,
        "has_markdown": true,
        "badge": "19% OFF",
        "discount_pct": 19,
        "availability": "in-stock",
        "sponsored": false,
        "delivery_promise": "FREE delivery Tomorrow",
        "discount_amount": "Save $5.00"
      },
      {
        "position": 19,
        "surface": "catalog-grid",
        "name": "SwiftPad Tablet 10.5\"",
        "brand": "SwiftPad",
        "price": 219.99,
        "currency": "USD",
        "old_price": 259.99,
        "has_markdown": true,
        "badge": "15% OFF",
        "discount_pct": 15,
        "availability": "in-stock",
        "sponsored": false,
        "delivery_promise": "FREE delivery Tomorrow",
        "discount_amount": "Save $40.00"
      },
      {
        "position": 20,
        "surface": "catalog-grid",
        "name": "Northline Hoodie",
        "brand": "Northline",
        "price": 42.99,
        "currency": "USD",
        "old_price": 54.99,
        "has_markdown": true,
        "badge": "22% OFF",
        "discount_pct": 22,
        "availability": "in-stock",
        "sponsored": false,
        "delivery_promise": "FREE delivery Tomorrow",
        "discount_amount": "Save $12.00"
      },
      {
        "position": 21,
        "surface": "catalog-grid",
        "name": "World Atlas for Kids",
        "brand": "World",
        "price": 18.99,
        "currency": "USD",
        "old_price": 22.99,
        "has_markdown": true,
        "badge": "17% OFF",
        "discount_pct": 17,
        "availability": "in-stock",
        "sponsored": false,
        "delivery_promise": "FREE delivery Tomorrow",
        "discount_amount": "Save $4.00"
      },
      {
        "position": 22,
        "surface": "catalog-grid",
        "name": "History in 100 Objects",
        "brand": "History",
        "price": 23.99,
        "currency": "USD",
        "old_price": 29.99,
        "has_markdown": true,
        "badge": "20% OFF",
        "discount_pct": 20,
        "availability": "in-stock",
        "sponsored": false,
        "delivery_promise": "FREE delivery Tomorrow",
        "discount_amount": "Save $6.00"
      },
      {
        "position": 23,
        "surface": "catalog-grid",
        "name": "Orbit Pro Gaming Mouse",
        "brand": "Orbit",
        "price": 29.99,
        "currency": "USD",
        "old_price": 39.99,
        "has_markdown": true,
        "badge": "25% OFF",
        "discount_pct": 25,
        "availability": "in-stock",
        "sponsored": false,
        "delivery_promise": "FREE delivery Tomorrow",
        "discount_amount": "Save $10.00"
      },
      {
        "position": 24,
        "surface": "catalog-grid",
        "name": "AeroTrack Joggers",
        "brand": "AeroTrack",
        "price": 33.99,
        "currency": "USD",
        "old_price": 43.99,
        "has_markdown": true,
        "badge": "23% OFF",
        "discount_pct": 23,
        "availability": "in-stock",
        "sponsored": false,
        "delivery_promise": "FREE delivery Tomorrow",
        "discount_amount": "Save $10.00"
      },
      {
        "position": 25,
        "surface": "catalog-grid",
        "name": "LuxeGlow Table Lamp",
        "brand": "LuxeGlow",
        "price": 39.99,
        "currency": "USD",
        "old_price": 49.99,
        "has_markdown": true,
        "badge": "20% OFF",
        "discount_pct": 20,
        "availability": "in-stock",
        "sponsored": false,
        "delivery_promise": "FREE delivery Tomorrow",
        "discount_amount": "Save $10.00"
      }
    ],
    "t3": {
      "total_products": 25,
      "sponsored_count": 0,
      "organic_count": 25,
      "discounted_count": 25,
      "full_price_count": 0,
      "out_of_stock_count": 0,
      "low_stock_count": 0,
      "discount_pct_min": 15,
      "discount_pct_max": 33,
      "discount_pct_median": 21,
      "price_min": 14.99,
      "price_max": 499.99,
      "price_currency": "USD"
    },
    "t4": {
      "hydration_events": [
        {
          "metric": "cart_hydration_time_ms",
          "value": 0
        }
      ],
      "result_count_stated": 60,
      "result_count_rendered": 25,
      "result_count_match": false,
      "css_hidden_blocks": [
        {
          "selector": "empty-results",
          "gated_copy": "⌕\n                                        No products found\n                                        ",
          "rendered": false
        }
      ],
      "metadata": {
        "meta_description": "Browse and filter all SHOPORA products."
      },
      "raw_url": "http://127.0.0.1:8080/category.html"
    }
  },
  "budget": {
    "bytes_used": 9083,
    "hard_cap": 51200,
    "tiers_dropped": []
  },
  "privacy_metadata": {
    "pii_scrubbing_version": "0.2.0",
    "local_scrubbing_applied": true,
    "inputs_scrubbed": true,
    "scripts_removed": true,
    "styles_removed": true,
    "persistent_storage_used": false
  }
}

--- [2026-08-12T12:05:45.974Z] PAYLOAD: tier0-9 ---
{
  "schema_version": "0.2.0",
  "beacon_id": "2b663dba-9e78-4588-8935-67608031adb2",
  "client_id": "shopora-prod",
  "session_token": "646cbf75-ba27-46ab-a320-df53b9fcecbd",
  "tag_version": "0.2.0",
  "timestamp": "2026-08-12T12:05:45.940Z",
  "sampled": true,
  "page_type": "category",
  "page_url_path": "/category.html",
  "sequence_no": 1,
  "page_heading": "All products",
  "breadcrumb": [],
  "viewport": {
    "width": 1790,
    "height": 950
  },
  "surface_id": "d6e9b303-66ee-4b1a-b1ec-f5f251a0605e",
  "region": "en",
  "identity_summary": {
    "state": "unknown"
  },
  "visible_query": null,
  "program_match": null,
  "page": {
    "page_type": "category",
    "page_url": "http://127.0.0.1:8080/category.html"
  },
  "signals": {
    "t1": [
      {
        "position": 1,
        "surface": "catalog-grid",
        "name": "NeoCharge 20W Fast Charger",
        "brand": "NeoCharge",
        "price": 19.99,
        "currency": "USD",
        "old_price": 29.99,
        "has_markdown": true,
        "badge": "33% OFF",
        "discount_pct": 33,
        "availability": "in-stock",
        "sponsored": false,
        "delivery_promise": "FREE delivery Tomorrow",
        "discount_amount": "Save $10.00"
      },
      {
        "position": 2,
        "surface": "catalog-grid",
        "name": "PowerCore 10,000mAh Bank",
        "brand": "PowerCore",
        "price": 27.99,
        "currency": "USD",
        "old_price": 34.99,
        "has_markdown": true,
        "badge": "20% OFF",
        "discount_pct": 20,
        "availability": "in-stock",
        "sponsored": false,
        "delivery_promise": "FREE delivery Tomorrow",
        "discount_amount": "Save $7.00"
      },
      {
        "position": 3,
        "surface": "catalog-grid",
        "name": "SoftNest Throw Blanket",
        "brand": "SoftNest",
        "price": 27.99,
        "currency": "USD",
        "old_price": 35.99,
        "has_markdown": true,
        "badge": "22% OFF",
        "discount_pct": 22,
        "availability": "in-stock",
        "sponsored": false,
        "delivery_promise": "FREE delivery Tomorrow",
        "discount_amount": "Save $8.00"
      },
      {
        "position": 4,
        "surface": "catalog-grid",
        "name": "PebbleBath Towel Set",
        "brand": "PebbleBath",
        "price": 31.99,
        "currency": "USD",
        "old_price": 41.99,
        "has_markdown": true,
        "badge": "24% OFF",
        "discount_pct": 24,
        "availability": "in-stock",
        "sponsored": false,
        "delivery_promise": "FREE delivery Tomorrow",
        "discount_amount": "Save $10.00"
      },
      {
        "position": 5,
        "surface": "catalog-grid",
        "name": "ApexView 55\" 4K HDR Smart TV",
        "brand": "ApexView",
        "price": 499.99,
        "currency": "USD",
        "old_price": 599.99,
        "has_markdown": true,
        "badge": "17% OFF",
        "discount_pct": 17,
        "availability": "in-stock",
        "sponsored": false,
        "delivery_promise": "FREE delivery Tomorrow",
        "discount_amount": "Save $100.00"
      },
      {
        "position": 6,
        "surface": "catalog-grid",
        "name": "MetroStride Running Shoes",
        "brand": "MetroStride",
        "price": 74.99,
        "currency": "USD",
        "old_price": 94.99,
        "has_markdown": true,
        "badge": "21% OFF",
        "discount_pct": 21,
        "availability": "in-stock",
        "sponsored": false,
        "delivery_promise": "FREE delivery Tomorrow",
        "discount_amount": "Save $20.00"
      },
      {
        "position": 7,
        "surface": "catalog-grid",
        "name": "The Last Library",
        "brand": "The",
        "price": 14.99,
        "currency": "USD",
        "old_price": 19.99,
        "has_markdown": true,
        "badge": "25% OFF",
        "discount_pct": 25,
        "availability": "in-stock",
        "sponsored": false,
        "delivery_promise": "FREE delivery Tomorrow",
        "discount_amount": "Save $5.00"
      },
      {
        "position": 8,
        "surface": "catalog-grid",
        "name": "Mastering Home Cooking",
        "brand": "Mastering",
        "price": 24.99,
        "currency": "USD",
        "old_price": 29.99,
        "has_markdown": true,
        "badge": "17% OFF",
        "discount_pct": 17,
        "availability": "in-stock",
        "sponsored": false,
        "delivery_promise": "FREE delivery Tomorrow",
        "discount_amount": "Save $5.00"
      },
      {
        "position": 9,
        "surface": "catalog-grid",
        "name": "Coding for Everyone",
        "brand": "Coding",
        "price": 21.99,
        "currency": "USD",
        "old_price": 26.99,
        "has_markdown": true,
        "badge": "19% OFF",
        "discount_pct": 19,
        "availability": "in-stock",
        "sponsored": false,
        "delivery_promise": "FREE delivery Tomorrow",
        "discount_amount": "Save $5.00"
      },
      {
        "position": 10,
        "surface": "catalog-grid",
        "name": "PulseTune Wireless Headphones",
        "brand": "PulseTune",
        "price": 89.99,
        "currency": "USD",
        "old_price": 119.99,
        "has_markdown": true,
        "badge": "25% OFF",
        "discount_pct": 25,
        "availability": "in-stock",
        "sponsored": false,
        "delivery_promise": "FREE delivery Tomorrow",
        "discount_amount": "Save $30.00"
      },
      {
        "position": 11,
        "surface": "catalog-grid",
        "name": "UrbanWeave Denim Jacket",
        "brand": "UrbanWeave",
        "price": 54.99,
        "currency": "USD",
        "old_price": 69.99,
        "has_markdown": true,
        "badge": "21% OFF",
        "discount_pct": 21,
        "availability": "in-stock",
        "sponsored": false,
        "delivery_promise": "FREE delivery Tomorrow",
        "discount_amount": "Save $15.00"
      },
      {
        "position": 12,
        "surface": "catalog-grid",
        "name": "SilkLine Summer Dress",
        "brand": "SilkLine",
        "price": 48.99,
        "currency": "USD",
        "old_price": 59.99,
        "has_markdown": true,
        "badge": "18% OFF",
        "discount_pct": 18,
        "availability": "in-stock",
        "sponsored": false,
        "delivery_promise": "FREE delivery Tomorrow",
        "discount_amount": "Save $11.00"
      },
      {
        "position": 13,
        "surface": "catalog-grid",
        "name": "Halo Knit Sweater",
        "brand": "Halo",
        "price": 44.99,
        "currency": "USD",
        "old_price": 58.99,
        "has_markdown": true,
        "badge": "24% OFF",
        "discount_pct": 24,
        "availability": "in-stock",
        "sponsored": false,
        "delivery_promise": "FREE delivery Tomorrow",
        "discount_amount": "Save $14.00"
      },
      {
        "position": 14,
        "surface": "catalog-grid",
        "name": "OakLine Coffee Table",
        "brand": "OakLine",
        "price": 129.99,
        "currency": "USD",
        "old_price": 159.99,
        "has_markdown": true,
        "badge": "19% OFF",
        "discount_pct": 19,
        "availability": "in-stock",
        "sponsored": false,
        "delivery_promise": "FREE delivery Tomorrow",
        "discount_amount": "Save $30.00"
      },
      {
        "position": 15,
        "surface": "catalog-grid",
        "name": "SnapCam 4K Action Camera",
        "brand": "SnapCam",
        "price": 159.99,
        "currency": "USD",
        "old_price": 199.99,
        "has_markdown": true,
        "badge": "20% OFF",
        "discount_pct": 20,
        "availability": "in-stock",
        "sponsored": false,
        "delivery_promise": "FREE delivery Tomorrow",
        "discount_amount": "Save $40.00"
      },
      {
        "position": 16,
        "surface": "catalog-grid",
        "name": "Frontier Leather Belt",
        "brand": "Frontier",
        "price": 24.99,
        "currency": "USD",
        "old_price": 31.99,
        "has_markdown": true,
        "badge": "22% OFF",
        "discount_pct": 22,
        "availability": "in-stock",
        "sponsored": false,
        "delivery_promise": "FREE delivery Tomorrow",
        "discount_amount": "Save $7.00"
      },
      {
        "position": 17,
        "surface": "catalog-grid",
        "name": "SparkStone Candle Set",
        "brand": "SparkStone",
        "price": 22.99,
        "currency": "USD",
        "old_price": 28.99,
        "has_markdown": true,
        "badge": "21% OFF",
        "discount_pct": 21,
        "availability": "in-stock",
        "sponsored": false,
        "delivery_promise": "FREE delivery Tomorrow",
        "discount_amount": "Save $6.00"
      },
      {
        "position": 18,
        "surface": "catalog-grid",
        "name": "A Year of Sketches",
        "brand": "A",
        "price": 20.99,
        "currency": "USD",
        "old_price": 25.99,
        "has_markdown": true,
        "badge": "19% OFF",
        "discount_pct": 19,
        "availability": "in-stock",
        "sponsored": false,
        "delivery_promise": "FREE delivery Tomorrow",
        "discount_amount": "Save $5.00"
      },
      {
        "position": 19,
        "surface": "catalog-grid",
        "name": "SwiftPad Tablet 10.5\"",
        "brand": "SwiftPad",
        "price": 219.99,
        "currency": "USD",
        "old_price": 259.99,
        "has_markdown": true,
        "badge": "15% OFF",
        "discount_pct": 15,
        "availability": "in-stock",
        "sponsored": false,
        "delivery_promise": "FREE delivery Tomorrow",
        "discount_amount": "Save $40.00"
      },
      {
        "position": 20,
        "surface": "catalog-grid",
        "name": "Northline Hoodie",
        "brand": "Northline",
        "price": 42.99,
        "currency": "USD",
        "old_price": 54.99,
        "has_markdown": true,
        "badge": "22% OFF",
        "discount_pct": 22,
        "availability": "in-stock",
        "sponsored": false,
        "delivery_promise": "FREE delivery Tomorrow",
        "discount_amount": "Save $12.00"
      },
      {
        "position": 21,
        "surface": "catalog-grid",
        "name": "World Atlas for Kids",
        "brand": "World",
        "price": 18.99,
        "currency": "USD",
        "old_price": 22.99,
        "has_markdown": true,
        "badge": "17% OFF",
        "discount_pct": 17,
        "availability": "in-stock",
        "sponsored": false,
        "delivery_promise": "FREE delivery Tomorrow",
        "discount_amount": "Save $4.00"
      },
      {
        "position": 22,
        "surface": "catalog-grid",
        "name": "History in 100 Objects",
        "brand": "History",
        "price": 23.99,
        "currency": "USD",
        "old_price": 29.99,
        "has_markdown": true,
        "badge": "20% OFF",
        "discount_pct": 20,
        "availability": "in-stock",
        "sponsored": false,
        "delivery_promise": "FREE delivery Tomorrow",
        "discount_amount": "Save $6.00"
      },
      {
        "position": 23,
        "surface": "catalog-grid",
        "name": "Orbit Pro Gaming Mouse",
        "brand": "Orbit",
        "price": 29.99,
        "currency": "USD",
        "old_price": 39.99,
        "has_markdown": true,
        "badge": "25% OFF",
        "discount_pct": 25,
        "availability": "in-stock",
        "sponsored": false,
        "delivery_promise": "FREE delivery Tomorrow",
        "discount_amount": "Save $10.00"
      },
      {
        "position": 24,
        "surface": "catalog-grid",
        "name": "AeroTrack Joggers",
        "brand": "AeroTrack",
        "price": 33.99,
        "currency": "USD",
        "old_price": 43.99,
        "has_markdown": true,
        "badge": "23% OFF",
        "discount_pct": 23,
        "availability": "in-stock",
        "sponsored": false,
        "delivery_promise": "FREE delivery Tomorrow",
        "discount_amount": "Save $10.00"
      },
      {
        "position": 25,
        "surface": "catalog-grid",
        "name": "LuxeGlow Table Lamp",
        "brand": "LuxeGlow",
        "price": 39.99,
        "currency": "USD",
        "old_price": 49.99,
        "has_markdown": true,
        "badge": "20% OFF",
        "discount_pct": 20,
        "availability": "in-stock",
        "sponsored": false,
        "delivery_promise": "FREE delivery Tomorrow",
        "discount_amount": "Save $10.00"
      }
    ],
    "t3": {
      "total_products": 25,
      "sponsored_count": 0,
      "organic_count": 25,
      "discounted_count": 25,
      "full_price_count": 0,
      "out_of_stock_count": 0,
      "low_stock_count": 0,
      "discount_pct_min": 15,
      "discount_pct_max": 33,
      "discount_pct_median": 21,
      "price_min": 14.99,
      "price_max": 499.99,
      "price_currency": "USD"
    },
    "t4": {
      "hydration_events": [
        {
          "metric": "cart_hydration_time_ms",
          "value": 0
        }
      ],
      "result_count_stated": 60,
      "result_count_rendered": 25,
      "result_count_match": false,
      "css_hidden_blocks": [
        {
          "selector": "empty-results",
          "gated_copy": "⌕\n                                        No products found\n                                        ",
          "rendered": false
        }
      ],
      "metadata": {
        "meta_description": "Browse and filter all SHOPORA products."
      },
      "raw_url": "http://127.0.0.1:8080/category.html"
    }
  },
  "budget": {
    "bytes_used": 9083,
    "hard_cap": 51200,
    "tiers_dropped": []
  },
  "privacy_metadata": {
    "pii_scrubbing_version": "0.2.0",
    "local_scrubbing_applied": true,
    "inputs_scrubbed": true,
    "scripts_removed": true,
    "styles_removed": true,
    "persistent_storage_used": false
  }
}
//new------------------------------------------------------------------ 

--- [2026-08-13T12:53:16.709Z] PAYLOAD: tier0-9 ---
{
  "schema_version": "0.2.0",
  "beacon_id": "2d5646dc-1c0f-4895-89ae-49792e22c36f",
  "client_id": "shopora-prod",
  "session_token": "3ababd89-3a2c-447c-af1b-84960094c07c",
  "tag_version": "0.2.0",
  "timestamp": "2026-08-13T12:53:16.679Z",
  "sampled": true,
  "page_type": "homepage",
  "page_url_path": "/",
  "sequence_no": 1,
  "page_heading": "Upgrade your everyday for less.",
  "breadcrumb": [],
  "viewport": {
    "width": 1790,
    "height": 950
  },
  "surface_id": "6046506e-b715-4590-8e82-ab4559072a3f",
  "region": "en",
  "identity_summary": {
    "state": "unknown"
  },
  "visible_query": null,
  "program_match": null,
  "page": {
    "page_type": "homepage",
    "page_url": "http://127.0.0.1:8080/"
  },
  "signals": {
    "t1": [
      {
        "position": 1,
        "surface": "featured",
        "name": "VoltMax 15.6\" Laptop",
        "brand": "VoltMax",
        "price": 729.99,
        "currency": "USD",
        "old_price": 849.99,
        "has_markdown": true,
        "badge": "14% OFF",
        "discount_pct": 14,
        "availability": "in-stock",
        "sponsored": false,
        "delivery_promise": "FREE delivery Tomorrow",
        "discount_amount": "Save $120.00"
      },
      {
        "position": 2,
        "surface": "featured",
        "name": "PulseTune Wireless Headphones",
        "brand": "PulseTune",
        "price": 89.99,
        "currency": "USD",
        "old_price": 119.99,
        "has_markdown": true,
        "badge": "25% OFF",
        "discount_pct": 25,
        "availability": "in-stock",
        "sponsored": false,
        "delivery_promise": "FREE delivery Tomorrow",
        "discount_amount": "Save $30.00"
      },
      {
        "position": 3,
        "surface": "featured",
        "name": "Luna Cotton Graphic Tee",
        "brand": "Luna",
        "price": 18.99,
        "currency": "USD",
        "old_price": 24.99,
        "has_markdown": true,
        "badge": "24% OFF",
        "discount_pct": 24,
        "availability": "in-stock",
        "sponsored": false,
        "delivery_promise": "FREE delivery Tomorrow",
        "discount_amount": "Save $6.00"
      },
      {
        "position": 4,
        "surface": "featured",
        "name": "MetroStride Running Shoes",
        "brand": "MetroStride",
        "price": 74.99,
        "currency": "USD",
        "old_price": 94.99,
        "has_markdown": true,
        "badge": "21% OFF",
        "discount_pct": 21,
        "availability": "in-stock",
        "sponsored": false,
        "delivery_promise": "FREE delivery Tomorrow",
        "discount_amount": "Save $20.00"
      },
      {
        "position": 5,
        "surface": "featured",
        "name": "OakLine Coffee Table",
        "brand": "OakLine",
        "price": 129.99,
        "currency": "USD",
        "old_price": 159.99,
        "has_markdown": true,
        "badge": "19% OFF",
        "discount_pct": 19,
        "availability": "in-stock",
        "sponsored": false,
        "delivery_promise": "FREE delivery Tomorrow",
        "discount_amount": "Save $30.00"
      },
      {
        "position": 6,
        "surface": "featured",
        "name": "SoftNest Throw Blanket",
        "brand": "SoftNest",
        "price": 27.99,
        "currency": "USD",
        "old_price": 35.99,
        "has_markdown": true,
        "badge": "22% OFF",
        "discount_pct": 22,
        "availability": "in-stock",
        "sponsored": false,
        "delivery_promise": "FREE delivery Tomorrow",
        "discount_amount": "Save $8.00"
      },
      {
        "position": 7,
        "surface": "featured",
        "name": "The Last Library",
        "brand": "The",
        "price": 14.99,
        "currency": "USD",
        "old_price": 19.99,
        "has_markdown": true,
        "badge": "25% OFF",
        "discount_pct": 25,
        "availability": "in-stock",
        "sponsored": false,
        "delivery_promise": "FREE delivery Tomorrow",
        "discount_amount": "Save $5.00"
      },
      {
        "position": 8,
        "surface": "featured",
        "name": "Coding for Everyone",
        "brand": "Coding",
        "price": 21.99,
        "currency": "USD",
        "old_price": 26.99,
        "has_markdown": true,
        "badge": "19% OFF",
        "discount_pct": 19,
        "availability": "in-stock",
        "sponsored": false,
        "delivery_promise": "FREE delivery Tomorrow",
        "discount_amount": "Save $5.00"
      }
    ],
    "t3": {
      "total_products": 8,
      "sponsored_count": 0,
      "organic_count": 8,
      "discounted_count": 8,
      "full_price_count": 0,
      "out_of_stock_count": 0,
      "low_stock_count": 0,
      "discount_pct_min": 14,
      "discount_pct_max": 25,
      "discount_pct_median": 22,
      "price_min": 14.99,
      "price_max": 729.99,
      "price_currency": "USD"
    },
    "t4": {
      "hydration_events": [
        {
          "metric": "cart_hydration_time_ms",
          "value": 0
        }
      ],
      "css_hidden_blocks": [
        {
          "selector": "sr-only",
          "gated_copy": "Email address",
          "rendered": false
        }
      ],
      "metadata": {
        "meta_description": "Shop electronics, fashion, home essentials and books at SHOPORA with fast delivery and secure checkout."
      },
      "raw_url": "http://127.0.0.1:8080/"
    }
  },
  "budget": {
    "bytes_used": 3562,
    "hard_cap": 51200,
    "tiers_dropped": []
  },
  "privacy_metadata": {
    "pii_scrubbing_version": "0.2.0",
    "local_scrubbing_applied": true,
    "inputs_scrubbed": true,
    "scripts_removed": true,
    "styles_removed": true,
    "persistent_storage_used": false
  }
}

--- [2026-08-13T12:54:15.484Z] PAYLOAD: interaction_events ---
{
  "envelope_type": "interaction_events",
  "schema_version": "0.2.0",
  "tag_version": "0.2.0",
  "client_id": "shopora-prod",
  "session_token": "3ababd89-3a2c-447c-af1b-84960094c07c",
  "flush_id": "5c484fb3-b6d4-4427-88af-ee74952564b3",
  "flush_reason": "unload",
  "events": [
    {
      "event_id": "ca681969-b868-4ed3-8dc7-86e523dfe5ae",
      "event_type": "add_to_cart",
      "timestamp": "2026-08-13T12:54:03.682Z",
      "page_type": "homepage",
      "page_url_path": "/",
      "sku": null,
      "surface": "catalog-grid",
      "position": 1,
      "displayed_price": null,
      "displayed_currency": null
    },
    {
      "event_id": "27d5d850-9959-4406-bab5-8b23d7bd859c",
      "event_type": "add_to_cart",
      "timestamp": "2026-08-13T12:54:06.555Z",
      "page_type": "homepage",
      "page_url_path": "/",
      "sku": null,
      "surface": "catalog-grid",
      "position": 4,
      "displayed_price": "$159.99",
      "displayed_currency": "$"
    },
    {
      "event_id": "d6222964-46a4-479d-b6e0-9cd0a08c27cc",
      "event_type": "add_to_cart",
      "timestamp": "2026-08-13T12:54:08.227Z",
      "page_type": "homepage",
      "page_url_path": "/",
      "sku": null,
      "surface": "catalog-grid",
      "position": 6,
      "displayed_price": "$27.99",
      "displayed_currency": "$"
    },
    {
      "event_id": "3554de4c-c829-4aa5-81d3-57ac8ffd1fb9",
      "event_type": "add_to_cart",
      "timestamp": "2026-08-13T12:54:12.327Z",
      "page_type": "homepage",
      "page_url_path": "/",
      "sku": null,
      "surface": "catalog-grid",
      "position": 7,
      "displayed_price": "$14.99",
      "displayed_currency": "$"
    }
  ]
}

--- [2026-08-13T12:54:31.427Z] PAYLOAD: tier0-9 ---
{
  "schema_version": "0.2.0",
  "beacon_id": "0b8cdd94-8e73-4906-b8dd-2bdf19522b5c",
  "client_id": "shopora-prod",
  "session_token": "9d3bfe93-0a8b-42de-8275-1e852c041e90",
  "tag_version": "0.2.0",
  "timestamp": "2026-08-13T12:54:31.411Z",
  "sampled": true,
  "page_type": "cart",
  "page_url_path": "/cart.html",
  "sequence_no": 1,
  "page_heading": "Shopping cart",
  "breadcrumb": [],
  "viewport": {
    "width": 1790,
    "height": 950
  },
  "surface_id": "0f35f2db-d608-4cee-8ec5-a3903d7ccd03",
  "region": "en",
  "identity_summary": {
    "state": "unknown"
  },
  "visible_query": null,
  "program_match": null,
  "page": {
    "page_type": "cart",
    "page_url": "http://127.0.0.1:8080/cart.html"
  },
  "signals": {
    "t1": [],
    "t2": {
      "page_context": "cart",
      "line_items": [
        {
          "name": "ApexView 55\" 4K HDR Smart TV",
          "quantity": 1,
          "line_total": "$499.99",
          "price": "$499.99",
          "old_price": "$599.99",
          "discount": "17% off"
        },
        {
          "name": "SnapCam 4K Action Camera",
          "quantity": 1,
          "line_total": "$159.99",
          "price": "$159.99",
          "old_price": "$199.99",
          "discount": "20% off"
        },
        {
          "name": "PowerCore 10,000mAh Bank",
          "quantity": 1,
          "line_total": "$27.99",
          "price": "$27.99",
          "old_price": "$34.99",
          "discount": "20% off"
        },
        {
          "name": "The Last Library",
          "quantity": 1,
          "line_total": "$14.99",
          "price": "$14.99",
          "old_price": "$19.99",
          "discount": "25% off"
        }
      ],
      "subtotal": "$702.96",
      "total": "$702.96",
      "savings_shown": "$152.00",
      "delivery_cost": "FREE",
      "subtotal_numeric": 702.96,
      "total_numeric": 702.96,
      "savings_numeric": 152,
      "item_count": 4,
      "promo_field_state": "hidden",
      "promo_field_present": true,
      "checkout_reachable": true,
      "shipping_bar_shown": true,
      "loyalty_balance_rendered": false,
      "promotions": [
        {
          "name": "",
          "amount": "-$0.00"
        }
      ],
      "shipping_threshold_message": "✓ You unlocked FREE delivery!",
      "free_shipping_eligibility": "unknown"
    },
    "t4": {
      "hydration_events": [
        {
          "metric": "cart_hydration_time_ms",
          "value": 53
        }
      ],
      "cart_math_match": true,
      "css_hidden_blocks": [
        {
          "selector": "summary-row savings",
          "gated_copy": "Promo\n                                        () Remove-$0.00",
          "rendered": false
        }
      ],
      "raw_url": "http://127.0.0.1:8080/cart.html"
    }
  },
  "budget": {
    "bytes_used": 1766,
    "hard_cap": 51200,
    "tiers_dropped": []
  },
  "privacy_metadata": {
    "pii_scrubbing_version": "0.2.0",
    "local_scrubbing_applied": true,
    "inputs_scrubbed": true,
    "scripts_removed": true,
    "styles_removed": true,
    "persistent_storage_used": false
  }
}

--- [2026-08-13T12:54:45.986Z] PAYLOAD: interaction_events ---
{
  "envelope_type": "interaction_events",
  "schema_version": "0.2.0",
  "tag_version": "0.2.0",
  "client_id": "shopora-prod",
  "session_token": "9d3bfe93-0a8b-42de-8275-1e852c041e90",
  "flush_id": "2bd399ea-17d2-488c-8d9f-2e928ce9fe9d",
  "flush_reason": "time",
  "events": [
    {
      "event_id": "bf6115ce-7851-4de6-a976-5f4f63e959ed",
      "event_type": "quantity_changed",
      "timestamp": "2026-08-13T12:54:34.741Z",
      "page_type": "cart",
      "page_url_path": "/cart.html",
      "sku": "el-1",
      "quantity_before": 1,
      "quantity_after": 2,
      "line_total_before": "$499.99",
      "line_total_after": "$999.98"
    },
    {
      "event_id": "7ea48e89-33c5-40e6-85f2-84f8056150e6",
      "event_type": "quantity_changed",
      "timestamp": "2026-08-13T12:54:36.370Z",
      "page_type": "cart",
      "page_url_path": "/cart.html",
      "sku": "el-1",
      "quantity_before": 2,
      "quantity_after": 3,
      "line_total_before": "$999.98",
      "line_total_after": "$1,499.97"
    },
    {
      "event_id": "247a9e8e-a972-420a-844c-31958df753bd",
      "event_type": "quantity_changed",
      "timestamp": "2026-08-13T12:54:40.395Z",
      "page_type": "cart",
      "page_url_path": "/cart.html",
      "sku": "el-12",
      "quantity_before": 1,
      "quantity_after": 0,
      "line_total_before": "$27.99",
      "line_total_after": null
    },
    {
      "event_id": "e1822fd6-5588-4135-8fd4-e493b0429db9",
      "event_type": "wishlist_added",
      "timestamp": "2026-08-13T12:54:44.137Z",
      "page_type": "cart",
      "page_url_path": "/cart.html",
      "sku": "bo-1",
      "surface": "cart",
      "position": 3,
      "displayed_price": "$14.99"
    }
  ]
}

--- [2026-08-13T12:55:00.988Z] PAYLOAD: interaction_events ---
{
  "envelope_type": "interaction_events",
  "schema_version": "0.2.0",
  "tag_version": "0.2.0",
  "client_id": "shopora-prod",
  "session_token": "9d3bfe93-0a8b-42de-8275-1e852c041e90",
  "flush_id": "a4da82d5-0f88-47dc-8f07-ed0de716e810",
  "flush_reason": "time",
  "events": [
    {
      "event_id": "b30db87a-596e-49ba-8eb1-1d52819ca39a",
      "event_type": "remove_from_cart",
      "timestamp": "2026-08-13T12:54:47.539Z",
      "page_type": "cart",
      "page_url_path": "/cart.html",
      "sku": null,
      "quantity_before_remove": 1,
      "displayed_line_total": "$159.99"
    },
    {
      "event_id": "807ca63e-2619-4b7b-9271-2fca3115197a",
      "event_type": "add_to_cart",
      "timestamp": "2026-08-13T12:54:50.097Z",
      "page_type": "cart",
      "page_url_path": "/cart.html",
      "sku": null,
      "surface": "catalog-grid",
      "position": 2,
      "displayed_price": "$29.99",
      "displayed_currency": "$"
    },
    {
      "event_id": "d8abb42b-193a-4806-a942-e11038ea8d36",
      "event_type": "add_to_cart",
      "timestamp": "2026-08-13T12:54:52.362Z",
      "page_type": "cart",
      "page_url_path": "/cart.html",
      "sku": null,
      "surface": "catalog-grid",
      "position": 3,
      "displayed_price": "$219.99",
      "displayed_currency": "$"
    },
    {
      "event_id": "554e327e-9a06-4f41-be3f-7dbdfb5aaf51",
      "event_type": "add_to_cart",
      "timestamp": "2026-08-13T12:54:54.702Z",
      "page_type": "cart",
      "page_url_path": "/cart.html",
      "sku": null,
      "surface": "catalog-grid",
      "position": 4,
      "displayed_price": "$54.99",
      "displayed_currency": "$"
    }
  ]
}

--- [2026-08-13T12:55:16.002Z] PAYLOAD: interaction_events ---
{
  "envelope_type": "interaction_events",
  "schema_version": "0.2.0",
  "tag_version": "0.2.0",
  "client_id": "shopora-prod",
  "session_token": "9d3bfe93-0a8b-42de-8275-1e852c041e90",
  "flush_id": "a423fece-b9ca-41c6-8115-c61fde4dead9",
  "flush_reason": "time",
  "events": [
    {
      "event_id": "b2599a17-31c7-4d6b-98cd-bcb9a3d02430",
      "event_type": "promo_code_applied",
      "timestamp": "2026-08-13T12:55:10.258Z",
      "page_type": "cart",
      "page_url_path": "/cart.html",
      "code": "wELCOME10",
      "result": "accepted",
      "discount_amount_shown": "-$180.49"
    },
    {
      "event_id": "8c32dc56-bf3b-47e9-a8ce-79ff10dbb01d",
      "event_type": "promo_removed",
      "timestamp": "2026-08-13T12:55:13.148Z",
      "page_type": "cart",
      "page_url_path": "/cart.html",
      "code": "WELCOME10"
    }
  ]
}

--- [2026-08-13T12:55:16.639Z] PAYLOAD: interaction_events ---
{
  "envelope_type": "interaction_events",
  "schema_version": "0.2.0",
  "tag_version": "0.2.0",
  "client_id": "shopora-prod",
  "session_token": "9d3bfe93-0a8b-42de-8275-1e852c041e90",
  "flush_id": "690cc436-a5e6-494b-8a85-ad53fabd1515",
  "flush_reason": "immediate_navigation",
  "events": [
    {
      "event_id": "11d2e448-e3cc-4ac8-a5a4-142acf0f9128",
      "event_type": "checkout_initiated",
      "timestamp": "2026-08-13T12:55:16.628Z",
      "page_type": "cart",
      "page_url_path": "/cart.html",
      "cart_line_count": 4,
      "cart_displayed_total": "$1,804.94",
      "cart_displayed_currency": "$"
    }
  ]
}

--- [2026-08-13T12:55:17.465Z] PAYLOAD: tier0-9 ---
{
  "schema_version": "0.2.0",
  "beacon_id": "02c3b778-8f35-4304-94c9-672cc1eaa436",
  "client_id": "shopora-prod",
  "session_token": "dba74f6c-8086-43d0-947f-ca934a7b6223",
  "tag_version": "0.2.0",
  "timestamp": "2026-08-13T12:55:17.449Z",
  "sampled": true,
  "page_type": "checkout",
  "page_url_path": "/checkout.html",
  "sequence_no": 1,
  "page_heading": "Checkout",
  "breadcrumb": [],
  "viewport": {
    "width": 1790,
    "height": 950
  },
  "surface_id": "aaeef478-1582-4918-af14-f9dd3f9cd23f",
  "region": "en",
  "identity_summary": {
    "state": "unknown"
  },
  "visible_query": null,
  "program_match": null,
  "page": {
    "page_type": "checkout",
    "page_url": "http://127.0.0.1:8080/checkout.html"
  },
  "signals": {
    "t1": [],
    "t2": {
      "page_context": "checkout",
      "line_items": [
        {
          "name": "ApexView 55\" 4K HDR Smart TV",
          "price": "$1,499.97",
          "quantity": "Qty 3"
        },
        {
          "name": "Orbit Pro Gaming Mouse",
          "price": "$29.99",
          "quantity": "Qty 1"
        },
        {
          "name": "SwiftPad Tablet 10.5\"",
          "price": "$219.99",
          "quantity": "Qty 1"
        },
        {
          "name": "SecureView Indoor Camera",
          "price": "$54.99",
          "quantity": "Qty 1"
        }
      ],
      "subtotal": "$1,804.94",
      "subtotal_numeric": 1804.94,
      "total": "$1,804.94",
      "total_numeric": 1804.94,
      "delivery_cost": "FREE",
      "order_button_shown": true
    },
    "t4": {
      "hydration_events": [
        {
          "metric": "cart_hydration_time_ms",
          "value": 0
        }
      ],
      "cart_math_match": true,
      "css_hidden_blocks": [
        {
          "selector": "summary-row savings",
          "gated_copy": "Promo () Remove-$0.00",
          "rendered": false
        }
      ],
      "raw_url": "http://127.0.0.1:8080/checkout.html"
    }
  },
  "budget": {
    "bytes_used": 1189,
    "hard_cap": 51200,
    "tiers_dropped": []
  },
  "privacy_metadata": {
    "pii_scrubbing_version": "0.2.0",
    "local_scrubbing_applied": true,
    "inputs_scrubbed": true,
    "scripts_removed": true,
    "styles_removed": true,
    "persistent_storage_used": false
  }
}

--- [2026-08-13T12:55:26.391Z] PAYLOAD: interaction_events ---
{
  "envelope_type": "interaction_events",
  "schema_version": "0.2.0",
  "tag_version": "0.2.0",
  "client_id": "shopora-prod",
  "session_token": "dba74f6c-8086-43d0-947f-ca934a7b6223",
  "flush_id": "d2a55863-f388-4f18-bece-61c2d8ce388b",
  "flush_reason": "immediate_navigation",
  "events": [
    {
      "event_id": "5349c1b7-6e6f-4884-9a00-1b6ca7533cb4",
      "event_type": "purchase_completed",
      "timestamp": "2026-08-13T12:55:26.164Z",
      "page_type": "checkout",
      "page_url_path": "/checkout.html",
      "order_confirmed": true,
      "order_total_displayed": "$1,804.94",
      "order_currency": "$",
      "line_item_count": 4
    }
  ]
}

--- [2026-08-13T12:55:31.254Z] PAYLOAD: tier0-9 ---
{
  "schema_version": "0.2.0",
  "beacon_id": "8ab39f35-8b4e-4a1f-bd38-becdab70ab70",
  "client_id": "shopora-prod",
  "session_token": "1c5a6486-764f-4525-a7c7-86e0aff346c7",
  "tag_version": "0.2.0",
  "timestamp": "2026-08-13T12:55:31.231Z",
  "sampled": true,
  "page_type": "homepage",
  "page_url_path": "/index.html",
  "sequence_no": 1,
  "page_heading": "Upgrade your everyday for less.",
  "breadcrumb": [],
  "viewport": {
    "width": 1790,
    "height": 950
  },
  "surface_id": "a980e605-52ac-433d-847d-79517d17042c",
  "region": "en",
  "identity_summary": {
    "state": "unknown"
  },
  "visible_query": null,
  "program_match": null,
  "page": {
    "page_type": "homepage",
    "page_url": "http://127.0.0.1:8080/index.html"
  },
  "signals": {
    "t1": [
      {
        "position": 1,
        "surface": "featured",
        "name": "VoltMax 15.6\" Laptop",
        "brand": "VoltMax",
        "price": 729.99,
        "currency": "USD",
        "old_price": 849.99,
        "has_markdown": true,
        "badge": "14% OFF",
        "discount_pct": 14,
        "availability": "in-stock",
        "sponsored": false,
        "delivery_promise": "FREE delivery Tomorrow",
        "discount_amount": "Save $120.00"
      },
      {
        "position": 2,
        "surface": "featured",
        "name": "PulseTune Wireless Headphones",
        "brand": "PulseTune",
        "price": 89.99,
        "currency": "USD",
        "old_price": 119.99,
        "has_markdown": true,
        "badge": "25% OFF",
        "discount_pct": 25,
        "availability": "in-stock",
        "sponsored": false,
        "delivery_promise": "FREE delivery Tomorrow",
        "discount_amount": "Save $30.00"
      },
      {
        "position": 3,
        "surface": "featured",
        "name": "Luna Cotton Graphic Tee",
        "brand": "Luna",
        "price": 18.99,
        "currency": "USD",
        "old_price": 24.99,
        "has_markdown": true,
        "badge": "24% OFF",
        "discount_pct": 24,
        "availability": "in-stock",
        "sponsored": false,
        "delivery_promise": "FREE delivery Tomorrow",
        "discount_amount": "Save $6.00"
      },
      {
        "position": 4,
        "surface": "featured",
        "name": "MetroStride Running Shoes",
        "brand": "MetroStride",
        "price": 74.99,
        "currency": "USD",
        "old_price": 94.99,
        "has_markdown": true,
        "badge": "21% OFF",
        "discount_pct": 21,
        "availability": "in-stock",
        "sponsored": false,
        "delivery_promise": "FREE delivery Tomorrow",
        "discount_amount": "Save $20.00"
      },
      {
        "position": 5,
        "surface": "featured",
        "name": "OakLine Coffee Table",
        "brand": "OakLine",
        "price": 129.99,
        "currency": "USD",
        "old_price": 159.99,
        "has_markdown": true,
        "badge": "19% OFF",
        "discount_pct": 19,
        "availability": "in-stock",
        "sponsored": false,
        "delivery_promise": "FREE delivery Tomorrow",
        "discount_amount": "Save $30.00"
      },
      {
        "position": 6,
        "surface": "featured",
        "name": "SoftNest Throw Blanket",
        "brand": "SoftNest",
        "price": 27.99,
        "currency": "USD",
        "old_price": 35.99,
        "has_markdown": true,
        "badge": "22% OFF",
        "discount_pct": 22,
        "availability": "in-stock",
        "sponsored": false,
        "delivery_promise": "FREE delivery Tomorrow",
        "discount_amount": "Save $8.00"
      },
      {
        "position": 7,
        "surface": "featured",
        "name": "The Last Library",
        "brand": "The",
        "price": 14.99,
        "currency": "USD",
        "old_price": 19.99,
        "has_markdown": true,
        "badge": "25% OFF",
        "discount_pct": 25,
        "availability": "in-stock",
        "sponsored": false,
        "delivery_promise": "FREE delivery Tomorrow",
        "discount_amount": "Save $5.00"
      },
      {
        "position": 8,
        "surface": "featured",
        "name": "Coding for Everyone",
        "brand": "Coding",
        "price": 21.99,
        "currency": "USD",
        "old_price": 26.99,
        "has_markdown": true,
        "badge": "19% OFF",
        "discount_pct": 19,
        "availability": "in-stock",
        "sponsored": false,
        "delivery_promise": "FREE delivery Tomorrow",
        "discount_amount": "Save $5.00"
      }
    ],
    "t3": {
      "total_products": 8,
      "sponsored_count": 0,
      "organic_count": 8,
      "discounted_count": 8,
      "full_price_count": 0,
      "out_of_stock_count": 0,
      "low_stock_count": 0,
      "discount_pct_min": 14,
      "discount_pct_max": 25,
      "discount_pct_median": 22,
      "price_min": 14.99,
      "price_max": 729.99,
      "price_currency": "USD"
    },
    "t4": {
      "hydration_events": [
        {
          "metric": "cart_hydration_time_ms",
          "value": 0
        }
      ],
      "css_hidden_blocks": [
        {
          "selector": "sr-only",
          "gated_copy": "Email address",
          "rendered": false
        }
      ],
      "metadata": {
        "meta_description": "Shop electronics, fashion, home essentials and books at SHOPORA with fast delivery and secure checkout."
      },
      "raw_url": "http://127.0.0.1:8080/index.html"
    }
  },
  "budget": {
    "bytes_used": 3582,
    "hard_cap": 51200,
    "tiers_dropped": []
  },
  "privacy_metadata": {
    "pii_scrubbing_version": "0.2.0",
    "local_scrubbing_applied": true,
    "inputs_scrubbed": true,
    "scripts_removed": true,
    "styles_removed": true,
    "persistent_storage_used": false
  }
}

--- [2026-08-13T12:55:37.022Z] PAYLOAD: interaction_events ---
{
  "envelope_type": "interaction_events",
  "schema_version": "0.2.0",
  "tag_version": "0.2.0",
  "client_id": "shopora-prod",
  "session_token": "1c5a6486-764f-4525-a7c7-86e0aff346c7",
  "flush_id": "ac47c3f7-abdc-41e0-8a49-f0e81e2a18b0",
  "flush_reason": "immediate_navigation",
  "events": [
    {
      "event_id": "3f4aff83-7d98-4f15-b855-34c65597f158",
      "event_type": "product_card_clicked",
      "timestamp": "2026-08-13T12:55:37.016Z",
      "page_type": "homepage",
      "page_url_path": "/index.html",
      "sku": "el-4",
      "surface": "catalog-grid",
      "position": 3,
      "displayed_price": "$19.99",
      "displayed_currency": "$"
    }
  ]
}

--- [2026-08-13T12:55:37.828Z] PAYLOAD: tier0-9 ---
{
  "schema_version": "0.2.0",
  "beacon_id": "2836e750-47d3-4ccb-9d4f-4544d886f8c6",
  "client_id": "shopora-prod",
  "session_token": "46f643ef-7c5c-487a-ad6d-ae644aff7e4f",
  "tag_version": "0.2.0",
  "timestamp": "2026-08-13T12:55:37.814Z",
  "sampled": true,
  "page_type": "pdp",
  "page_url_path": "/pdp.html?id=el-4",
  "sequence_no": 1,
  "page_heading": "NeoCharge 20W Fast Charger",
  "breadcrumb": [
    "HOME /",
    "ELECTRONICS /",
    "NEOCHARGE"
  ],
  "viewport": {
    "width": 1790,
    "height": 950
  },
  "surface_id": "e9286d42-d233-4540-83c8-a90531cef34e",
  "region": "en",
  "identity_summary": {
    "state": "unknown"
  },
  "visible_query": null,
  "program_match": null,
  "page": {
    "page_type": "pdp",
    "page_url": "http://127.0.0.1:8080/pdp.html?id=el-4"
  },
  "signals": {
    "t1": [
      {
        "position": 1,
        "surface": "hero",
        "name": "Product Specifications",
        "brand": "NeoCharge Official",
        "price": 19.99,
        "currency": "USD",
        "old_price": 29.99,
        "has_markdown": true,
        "badge": "SAVE 33%",
        "discount_pct": 33,
        "availability": "in-stock",
        "sponsored": false,
        "delivery_promise": "Order within 5 hrs",
        "visible_category_words": [
          "electronics"
        ],
        "badges": [
          "• High Demand"
        ]
      }
    ],
    "t4": {
      "hydration_events": [
        {
          "metric": "cart_hydration_time_ms",
          "value": 0
        }
      ],
      "css_hidden_blocks": [
        {
          "selector": "pdp-accordion-content",
          "gated_copy": "Standard Delivery: 3-5 business days. Free for orders over $50.\n                \n                \n  ",
          "rendered": false
        }
      ],
      "raw_url": "http://127.0.0.1:8080/pdp.html?id=el-4"
    }
  },
  "budget": {
    "bytes_used": 1177,
    "hard_cap": 51200,
    "tiers_dropped": []
  },
  "privacy_metadata": {
    "pii_scrubbing_version": "0.2.0",
    "local_scrubbing_applied": true,
    "inputs_scrubbed": true,
    "scripts_removed": true,
    "styles_removed": true,
    "persistent_storage_used": false
  }
}

--- [2026-08-13T12:55:50.948Z] PAYLOAD: interaction_events ---
{
  "envelope_type": "interaction_events",
  "schema_version": "0.2.0",
  "tag_version": "0.2.0",
  "client_id": "shopora-prod",
  "session_token": "46f643ef-7c5c-487a-ad6d-ae644aff7e4f",
  "flush_id": "c003db70-203b-42f3-a290-cb58291cd358",
  "flush_reason": "unload",
  "events": [
    {
      "event_id": "4e962197-ebc5-4cb5-9453-d08636560650",
      "event_type": "add_to_cart",
      "timestamp": "2026-08-13T12:55:46.487Z",
      "page_type": "pdp",
      "page_url_path": "/pdp.html",
      "sku": null,
      "surface": "catalog-grid",
      "position": 1,
      "displayed_price": null,
      "displayed_currency": null
    }
  ]
}

--- [2026-08-13T12:56:02.682Z] PAYLOAD: tier0-9 ---
{
  "schema_version": "0.2.0",
  "beacon_id": "a3e382a9-b4e9-4544-ad29-a48dd1152e06",
  "client_id": "shopora-prod",
  "session_token": "a60d562f-e65a-49d7-9171-0f8ed2b648a9",
  "tag_version": "0.2.0",
  "timestamp": "2026-08-13T12:56:02.662Z",
  "sampled": true,
  "page_type": "homepage",
  "page_url_path": "/index.html",
  "sequence_no": 1,
  "page_heading": "Upgrade your everyday for less.",
  "breadcrumb": [],
  "viewport": {
    "width": 1790,
    "height": 950
  },
  "surface_id": "26b97b32-41f3-4716-ad4f-7227a2c77b6d",
  "region": "en",
  "identity_summary": {
    "state": "unknown"
  },
  "visible_query": null,
  "program_match": null,
  "page": {
    "page_type": "homepage",
    "page_url": "http://127.0.0.1:8080/index.html"
  },
  "signals": {
    "t1": [
      {
        "position": 1,
        "surface": "featured",
        "name": "VoltMax 15.6\" Laptop",
        "brand": "VoltMax",
        "price": 729.99,
        "currency": "USD",
        "old_price": 849.99,
        "has_markdown": true,
        "badge": "14% OFF",
        "discount_pct": 14,
        "availability": "in-stock",
        "sponsored": false,
        "delivery_promise": "FREE delivery Tomorrow",
        "discount_amount": "Save $120.00"
      },
      {
        "position": 2,
        "surface": "featured",
        "name": "PulseTune Wireless Headphones",
        "brand": "PulseTune",
        "price": 89.99,
        "currency": "USD",
        "old_price": 119.99,
        "has_markdown": true,
        "badge": "25% OFF",
        "discount_pct": 25,
        "availability": "in-stock",
        "sponsored": false,
        "delivery_promise": "FREE delivery Tomorrow",
        "discount_amount": "Save $30.00"
      },
      {
        "position": 3,
        "surface": "featured",
        "name": "Luna Cotton Graphic Tee",
        "brand": "Luna",
        "price": 18.99,
        "currency": "USD",
        "old_price": 24.99,
        "has_markdown": true,
        "badge": "24% OFF",
        "discount_pct": 24,
        "availability": "in-stock",
        "sponsored": false,
        "delivery_promise": "FREE delivery Tomorrow",
        "discount_amount": "Save $6.00"
      },
      {
        "position": 4,
        "surface": "featured",
        "name": "MetroStride Running Shoes",
        "brand": "MetroStride",
        "price": 74.99,
        "currency": "USD",
        "old_price": 94.99,
        "has_markdown": true,
        "badge": "21% OFF",
        "discount_pct": 21,
        "availability": "in-stock",
        "sponsored": false,
        "delivery_promise": "FREE delivery Tomorrow",
        "discount_amount": "Save $20.00"
      },
      {
        "position": 5,
        "surface": "featured",
        "name": "OakLine Coffee Table",
        "brand": "OakLine",
        "price": 129.99,
        "currency": "USD",
        "old_price": 159.99,
        "has_markdown": true,
        "badge": "19% OFF",
        "discount_pct": 19,
        "availability": "in-stock",
        "sponsored": false,
        "delivery_promise": "FREE delivery Tomorrow",
        "discount_amount": "Save $30.00"
      },
      {
        "position": 6,
        "surface": "featured",
        "name": "SoftNest Throw Blanket",
        "brand": "SoftNest",
        "price": 27.99,
        "currency": "USD",
        "old_price": 35.99,
        "has_markdown": true,
        "badge": "22% OFF",
        "discount_pct": 22,
        "availability": "in-stock",
        "sponsored": false,
        "delivery_promise": "FREE delivery Tomorrow",
        "discount_amount": "Save $8.00"
      },
      {
        "position": 7,
        "surface": "featured",
        "name": "The Last Library",
        "brand": "The",
        "price": 14.99,
        "currency": "USD",
        "old_price": 19.99,
        "has_markdown": true,
        "badge": "25% OFF",
        "discount_pct": 25,
        "availability": "in-stock",
        "sponsored": false,
        "delivery_promise": "FREE delivery Tomorrow",
        "discount_amount": "Save $5.00"
      },
      {
        "position": 8,
        "surface": "featured",
        "name": "Coding for Everyone",
        "brand": "Coding",
        "price": 21.99,
        "currency": "USD",
        "old_price": 26.99,
        "has_markdown": true,
        "badge": "19% OFF",
        "discount_pct": 19,
        "availability": "in-stock",
        "sponsored": false,
        "delivery_promise": "FREE delivery Tomorrow",
        "discount_amount": "Save $5.00"
      }
    ],
    "t3": {
      "total_products": 8,
      "sponsored_count": 0,
      "organic_count": 8,
      "discounted_count": 8,
      "full_price_count": 0,
      "out_of_stock_count": 0,
      "low_stock_count": 0,
      "discount_pct_min": 14,
      "discount_pct_max": 25,
      "discount_pct_median": 22,
      "price_min": 14.99,
      "price_max": 729.99,
      "price_currency": "USD"
    },
    "t4": {
      "hydration_events": [
        {
          "metric": "cart_hydration_time_ms",
          "value": 0
        }
      ],
      "css_hidden_blocks": [
        {
          "selector": "sr-only",
          "gated_copy": "Email address",
          "rendered": false
        }
      ],
      "metadata": {
        "meta_description": "Shop electronics, fashion, home essentials and books at SHOPORA with fast delivery and secure checkout."
      },
      "raw_url": "http://127.0.0.1:8080/index.html"
    }
  },
  "budget": {
    "bytes_used": 3582,
    "hard_cap": 51200,
    "tiers_dropped": []
  },
  "privacy_metadata": {
    "pii_scrubbing_version": "0.2.0",
    "local_scrubbing_applied": true,
    "inputs_scrubbed": true,
    "scripts_removed": true,
    "styles_removed": true,
    "persistent_storage_used": false
  }
}

--- [2026-08-13T12:56:08.660Z] PAYLOAD: interaction_events ---
{
  "envelope_type": "interaction_events",
  "schema_version": "0.2.0",
  "tag_version": "0.2.0",
  "client_id": "shopora-prod",
  "session_token": "a60d562f-e65a-49d7-9171-0f8ed2b648a9",
  "flush_id": "80b710b3-984c-4c23-a877-ec8002c62f51",
  "flush_reason": "immediate_navigation",
  "events": [
    {
      "event_id": "e81d8147-9acb-4fd6-93db-5c6169f9d303",
      "event_type": "search_submitted",
      "timestamp": "2026-08-13T12:56:08.609Z",
      "page_type": "homepage",
      "page_url_path": "/index.html",
      "query": "table",
      "category_scope": "All",
      "submission_surface": "header-search"
    }
  ]
}

--- [2026-08-13T12:56:09.249Z] PAYLOAD: tier0-9 ---
{
  "schema_version": "0.2.0",
  "beacon_id": "851891da-1f7b-4099-9aa8-2a841103d582",
  "client_id": "shopora-prod",
  "session_token": "c4f1a4e9-8b5d-4034-906c-67aa6ee9d18a",
  "tag_version": "0.2.0",
  "timestamp": "2026-08-13T12:56:09.236Z",
  "sampled": true,
  "page_type": "category",
  "page_url_path": "/category.html?q=table",
  "sequence_no": 1,
  "page_heading": "Search results for \"table\"",
  "breadcrumb": [],
  "viewport": {
    "width": 1790,
    "height": 950
  },
  "surface_id": "c973b6e9-1df9-44a7-9583-bdd79e1c0f7e",
  "region": "en",
  "identity_summary": {
    "state": "unknown"
  },
  "visible_query": "table",
  "program_match": null,
  "page": {
    "page_type": "category",
    "page_url": "http://127.0.0.1:8080/category.html?q=table"
  },
  "signals": {
    "t1": [
      {
        "position": 1,
        "surface": "catalog-grid",
        "name": "OakLine Coffee Table",
        "brand": "OakLine",
        "price": 129.99,
        "currency": "USD",
        "old_price": 159.99,
        "has_markdown": true,
        "badge": "19% OFF",
        "discount_pct": 19,
        "availability": "in-stock",
        "sponsored": false,
        "delivery_promise": "FREE delivery Tomorrow",
        "discount_amount": "Save $30.00"
      },
      {
        "position": 2,
        "surface": "catalog-grid",
        "name": "LuxeGlow Table Lamp",
        "brand": "LuxeGlow",
        "price": 39.99,
        "currency": "USD",
        "old_price": 49.99,
        "has_markdown": true,
        "badge": "20% OFF",
        "discount_pct": 20,
        "availability": "in-stock",
        "sponsored": false,
        "delivery_promise": "FREE delivery Tomorrow",
        "discount_amount": "Save $10.00"
      },
      {
        "position": 3,
        "surface": "catalog-grid",
        "name": "MarbleTone Side Table",
        "brand": "MarbleTone",
        "price": 74.99,
        "currency": "USD",
        "old_price": 94.99,
        "has_markdown": true,
        "badge": "21% OFF",
        "discount_pct": 21,
        "availability": "in-stock",
        "sponsored": false,
        "delivery_promise": "FREE delivery Tomorrow",
        "discount_amount": "Save $20.00"
      }
    ],
    "t3": {
      "total_products": 3,
      "sponsored_count": 0,
      "organic_count": 3,
      "discounted_count": 3,
      "full_price_count": 0,
      "out_of_stock_count": 0,
      "low_stock_count": 0,
      "discount_pct_min": 19,
      "discount_pct_max": 21,
      "discount_pct_median": 20,
      "price_min": 39.99,
      "price_max": 129.99,
      "price_currency": "USD"
    },
    "t4": {
      "hydration_events": [
        {
          "metric": "cart_hydration_time_ms",
          "value": 0
        }
      ],
      "result_count_stated": 3,
      "result_count_rendered": 3,
      "result_count_match": true,
      "css_hidden_blocks": [
        {
          "selector": "empty-results",
          "gated_copy": "⌕\n                                        No products found\n                                        ",
          "rendered": false
        }
      ],
      "metadata": {
        "meta_description": "Browse and filter all SHOPORA products."
      },
      "raw_url": "http://127.0.0.1:8080/category.html?q=table"
    }
  },
  "budget": {
    "bytes_used": 2168,
    "hard_cap": 51200,
    "tiers_dropped": []
  },
  "privacy_metadata": {
    "pii_scrubbing_version": "0.2.0",
    "local_scrubbing_applied": true,
    "inputs_scrubbed": true,
    "scripts_removed": true,
    "styles_removed": true,
    "persistent_storage_used": false
  }
}

--- [2026-08-13T12:56:39.263Z] PAYLOAD: interaction_events ---
{
  "envelope_type": "interaction_events",
  "schema_version": "0.2.0",
  "tag_version": "0.2.0",
  "client_id": "shopora-prod",
  "session_token": "c4f1a4e9-8b5d-4034-906c-67aa6ee9d18a",
  "flush_id": "d4593704-83bb-48a9-b0eb-6173ae9ce3d8",
  "flush_reason": "time",
  "events": [
    {
      "event_id": "f06881bc-375e-4c8f-9ac1-a414e776c45d",
      "event_type": "wishlist_added",
      "timestamp": "2026-08-13T12:56:36.078Z",
      "page_type": "category",
      "page_url_path": "/category.html",
      "sku": "el-7",
      "surface": "catalog-grid",
      "position": 1,
      "displayed_price": "$159.99"
    },
    {
      "event_id": "415ae7c0-bbc9-40a7-8dc2-ec9897978ad6",
      "event_type": "filter_applied",
      "timestamp": "2026-08-13T12:56:38.571Z",
      "page_type": "category",
      "page_url_path": "/category.html",
      "filter_type": "categoryFilters",
      "filter_value": "home",
      "active_filter_count_after": 1
    }
  ]
}

--- [2026-08-13T12:56:54.047Z] PAYLOAD: interaction_events ---
{
  "envelope_type": "interaction_events",
  "schema_version": "0.2.0",
  "tag_version": "0.2.0",
  "client_id": "shopora-prod",
  "session_token": "c4f1a4e9-8b5d-4034-906c-67aa6ee9d18a",
  "flush_id": "e5546f83-a8e6-4d28-a79b-86d1da5f3fae",
  "flush_reason": "pagehide",
  "events": [
    {
      "event_id": "a3689928-0701-4515-9c32-ff2efe542c16",
      "event_type": "filter_applied",
      "timestamp": "2026-08-13T12:56:40.208Z",
      "page_type": "category",
      "page_url_path": "/category.html",
      "filter_type": "categoryFilters",
      "filter_value": "fashion",
      "active_filter_count_after": 1
    },
    {
      "event_id": "418c444e-6cc2-473d-8649-bfec704a6acb",
      "event_type": "filter_applied",
      "timestamp": "2026-08-13T12:56:41.838Z",
      "page_type": "category",
      "page_url_path": "/category.html",
      "filter_type": "categoryFilters",
      "filter_value": "electronics",
      "active_filter_count_after": 1
    },
    {
      "event_id": "8ed5eb6c-57db-4c7e-9069-05dea0a7160a",
      "event_type": "filter_applied",
      "timestamp": "2026-08-13T12:56:46.978Z",
      "page_type": "category",
      "page_url_path": "/category.html",
      "filter_type": "categoryFilters",
      "filter_value": "all",
      "active_filter_count_after": 1
    },
    {
      "event_id": "70bde533-3219-4887-a867-2095394f7984",
      "event_type": "quick_view_opened",
      "timestamp": "2026-08-13T12:56:50.055Z",
      "page_type": "category",
      "page_url_path": "/category.html",
      "sku": "el-7",
      "surface": "catalog-grid",
      "position": 1
    }
  ]
}

--- [2026-08-13T12:56:54.585Z] PAYLOAD: tier0-9 ---
{
  "schema_version": "0.2.0",
  "beacon_id": "3b676812-dd39-4deb-b76c-0dfff33c9ffc",
  "client_id": "shopora-prod",
  "session_token": "4e5ea0d1-3970-4e40-b495-a8e46d57cd6a",
  "tag_version": "0.2.0",
  "timestamp": "2026-08-13T12:56:54.577Z",
  "sampled": true,
  "page_type": "homepage",
  "page_url_path": "/index.html",
  "sequence_no": 1,
  "page_heading": "Upgrade your everyday for less.",
  "breadcrumb": [],
  "viewport": {
    "width": 1790,
    "height": 950
  },
  "surface_id": "9206826e-a3bd-4c98-b153-9e646de21109",
  "region": "en",
  "identity_summary": {
    "state": "unknown"
  },
  "visible_query": null,
  "program_match": null,
  "page": {
    "page_type": "homepage",
    "page_url": "http://127.0.0.1:8080/index.html"
  },
  "signals": {
    "t1": [
      {
        "position": 1,
        "surface": "featured",
        "name": "VoltMax 15.6\" Laptop",
        "brand": "VoltMax",
        "price": 729.99,
        "currency": "USD",
        "old_price": 849.99,
        "has_markdown": true,
        "badge": "14% OFF",
        "discount_pct": 14,
        "availability": "in-stock",
        "sponsored": false,
        "delivery_promise": "FREE delivery Tomorrow",
        "discount_amount": "Save $120.00"
      },
      {
        "position": 2,
        "surface": "featured",
        "name": "PulseTune Wireless Headphones",
        "brand": "PulseTune",
        "price": 89.99,
        "currency": "USD",
        "old_price": 119.99,
        "has_markdown": true,
        "badge": "25% OFF",
        "discount_pct": 25,
        "availability": "in-stock",
        "sponsored": false,
        "delivery_promise": "FREE delivery Tomorrow",
        "discount_amount": "Save $30.00"
      },
      {
        "position": 3,
        "surface": "featured",
        "name": "Luna Cotton Graphic Tee",
        "brand": "Luna",
        "price": 18.99,
        "currency": "USD",
        "old_price": 24.99,
        "has_markdown": true,
        "badge": "24% OFF",
        "discount_pct": 24,
        "availability": "in-stock",
        "sponsored": false,
        "delivery_promise": "FREE delivery Tomorrow",
        "discount_amount": "Save $6.00"
      },
      {
        "position": 4,
        "surface": "featured",
        "name": "MetroStride Running Shoes",
        "brand": "MetroStride",
        "price": 74.99,
        "currency": "USD",
        "old_price": 94.99,
        "has_markdown": true,
        "badge": "21% OFF",
        "discount_pct": 21,
        "availability": "in-stock",
        "sponsored": false,
        "delivery_promise": "FREE delivery Tomorrow",
        "discount_amount": "Save $20.00"
      },
      {
        "position": 5,
        "surface": "featured",
        "name": "OakLine Coffee Table",
        "brand": "OakLine",
        "price": 129.99,
        "currency": "USD",
        "old_price": 159.99,
        "has_markdown": true,
        "badge": "19% OFF",
        "discount_pct": 19,
        "availability": "in-stock",
        "sponsored": false,
        "delivery_promise": "FREE delivery Tomorrow",
        "discount_amount": "Save $30.00"
      },
      {
        "position": 6,
        "surface": "featured",
        "name": "SoftNest Throw Blanket",
        "brand": "SoftNest",
        "price": 27.99,
        "currency": "USD",
        "old_price": 35.99,
        "has_markdown": true,
        "badge": "22% OFF",
        "discount_pct": 22,
        "availability": "in-stock",
        "sponsored": false,
        "delivery_promise": "FREE delivery Tomorrow",
        "discount_amount": "Save $8.00"
      },
      {
        "position": 7,
        "surface": "featured",
        "name": "The Last Library",
        "brand": "The",
        "price": 14.99,
        "currency": "USD",
        "old_price": 19.99,
        "has_markdown": true,
        "badge": "25% OFF",
        "discount_pct": 25,
        "availability": "in-stock",
        "sponsored": false,
        "delivery_promise": "FREE delivery Tomorrow",
        "discount_amount": "Save $5.00"
      },
      {
        "position": 8,
        "surface": "featured",
        "name": "Coding for Everyone",
        "brand": "Coding",
        "price": 21.99,
        "currency": "USD",
        "old_price": 26.99,
        "has_markdown": true,
        "badge": "19% OFF",
        "discount_pct": 19,
        "availability": "in-stock",
        "sponsored": false,
        "delivery_promise": "FREE delivery Tomorrow",
        "discount_amount": "Save $5.00"
      }
    ],
    "t3": {
      "total_products": 8,
      "sponsored_count": 0,
      "organic_count": 8,
      "discounted_count": 8,
      "full_price_count": 0,
      "out_of_stock_count": 0,
      "low_stock_count": 0,
      "discount_pct_min": 14,
      "discount_pct_max": 25,
      "discount_pct_median": 22,
      "price_min": 14.99,
      "price_max": 729.99,
      "price_currency": "USD"
    },
    "t4": {
      "hydration_events": [
        {
          "metric": "cart_hydration_time_ms",
          "value": 0
        }
      ],
      "css_hidden_blocks": [
        {
          "selector": "sr-only",
          "gated_copy": "Email address",
          "rendered": false
        }
      ],
      "metadata": {
        "meta_description": "Shop electronics, fashion, home essentials and books at SHOPORA with fast delivery and secure checkout."
      },
      "raw_url": "http://127.0.0.1:8080/index.html"
    }
  },
  "budget": {
    "bytes_used": 3582,
    "hard_cap": 51200,
    "tiers_dropped": []
  },
  "privacy_metadata": {
    "pii_scrubbing_version": "0.2.0",
    "local_scrubbing_applied": true,
    "inputs_scrubbed": true,
    "scripts_removed": true,
    "styles_removed": true,
    "persistent_storage_used": false
  }
}

--- [2026-08-13T12:57:06.511Z] PAYLOAD: interaction_events ---
{
  "envelope_type": "interaction_events",
  "schema_version": "0.2.0",
  "tag_version": "0.2.0",
  "client_id": "shopora-prod",
  "session_token": "4e5ea0d1-3970-4e40-b495-a8e46d57cd6a",
  "flush_id": "cb165b8d-8d2f-4bcd-979d-6af82724d012",
  "flush_reason": "pagehide",
  "events": [
    {
      "event_id": "c2160883-5c95-4c5f-9000-999ab2572223",
      "event_type": "quick_view_opened",
      "timestamp": "2026-08-13T12:56:57.164Z",
      "page_type": "homepage",
      "page_url_path": "/index.html",
      "sku": "ho-4",
      "surface": "catalog-grid",
      "position": 6
    },
    {
      "event_id": "9e083a5d-296b-4fc6-a669-f3bd6adb978a",
      "event_type": "quick_view_opened",
      "timestamp": "2026-08-13T12:57:00.800Z",
      "page_type": "homepage",
      "page_url_path": "/index.html",
      "sku": "bo-10",
      "surface": "catalog-grid",
      "position": 8
    }
  ]
}

--- [2026-08-13T12:57:07.056Z] PAYLOAD: tier0-9 ---
{
  "schema_version": "0.2.0",
  "beacon_id": "e2f65d56-d6d9-4e91-b0f4-6c2441537dcf",
  "client_id": "shopora-prod",
  "session_token": "3fc2a7b9-7584-456f-870d-62f6b5084210",
  "tag_version": "0.2.0",
  "timestamp": "2026-08-13T12:57:07.033Z",
  "sampled": true,
  "page_type": "category",
  "page_url_path": "/category.html?category=home",
  "sequence_no": 1,
  "page_heading": "Home Decor",
  "breadcrumb": [],
  "viewport": {
    "width": 1790,
    "height": 950
  },
  "surface_id": "1d407e74-7409-48db-afe5-911e86866e98",
  "region": "en",
  "identity_summary": {
    "state": "unknown"
  },
  "visible_query": null,
  "program_match": null,
  "page": {
    "page_type": "category",
    "page_url": "http://127.0.0.1:8080/category.html?category=home"
  },
  "signals": {
    "t1": [
      {
        "position": 1,
        "surface": "catalog-grid",
        "name": "SoftNest Throw Blanket",
        "brand": "SoftNest",
        "price": 27.99,
        "currency": "USD",
        "old_price": 35.99,
        "has_markdown": true,
        "badge": "22% OFF",
        "discount_pct": 22,
        "availability": "in-stock",
        "sponsored": false,
        "delivery_promise": "FREE delivery Tomorrow",
        "discount_amount": "Save $8.00"
      },
      {
        "position": 2,
        "surface": "catalog-grid",
        "name": "PebbleBath Towel Set",
        "brand": "PebbleBath",
        "price": 31.99,
        "currency": "USD",
        "old_price": 41.99,
        "has_markdown": true,
        "badge": "24% OFF",
        "discount_pct": 24,
        "availability": "in-stock",
        "sponsored": false,
        "delivery_promise": "FREE delivery Tomorrow",
        "discount_amount": "Save $10.00"
      },
      {
        "position": 3,
        "surface": "catalog-grid",
        "name": "OakLine Coffee Table",
        "brand": "OakLine",
        "price": 129.99,
        "currency": "USD",
        "old_price": 159.99,
        "has_markdown": true,
        "badge": "19% OFF",
        "discount_pct": 19,
        "availability": "in-stock",
        "sponsored": false,
        "delivery_promise": "FREE delivery Tomorrow",
        "discount_amount": "Save $30.00"
      },
      {
        "position": 4,
        "surface": "catalog-grid",
        "name": "SparkStone Candle Set",
        "brand": "SparkStone",
        "price": 22.99,
        "currency": "USD",
        "old_price": 28.99,
        "has_markdown": true,
        "badge": "21% OFF",
        "discount_pct": 21,
        "availability": "in-stock",
        "sponsored": false,
        "delivery_promise": "FREE delivery Tomorrow",
        "discount_amount": "Save $6.00"
      },
      {
        "position": 5,
        "surface": "catalog-grid",
        "name": "LuxeGlow Table Lamp",
        "brand": "LuxeGlow",
        "price": 39.99,
        "currency": "USD",
        "old_price": 49.99,
        "has_markdown": true,
        "badge": "20% OFF",
        "discount_pct": 20,
        "availability": "in-stock",
        "sponsored": false,
        "delivery_promise": "FREE delivery Tomorrow",
        "discount_amount": "Save $10.00"
      },
      {
        "position": 6,
        "surface": "catalog-grid",
        "name": "MarbleTone Side Table",
        "brand": "MarbleTone",
        "price": 74.99,
        "currency": "USD",
        "old_price": 94.99,
        "has_markdown": true,
        "badge": "21% OFF",
        "discount_pct": 21,
        "availability": "in-stock",
        "sponsored": false,
        "delivery_promise": "FREE delivery Tomorrow",
        "discount_amount": "Save $20.00"
      },
      {
        "position": 7,
        "surface": "catalog-grid",
        "name": "NestGrid Storage Basket",
        "brand": "NestGrid",
        "price": 19.99,
        "currency": "USD",
        "old_price": 25.99,
        "has_markdown": true,
        "badge": "23% OFF",
        "discount_pct": 23,
        "availability": "in-stock",
        "sponsored": false,
        "delivery_promise": "FREE delivery Tomorrow",
        "discount_amount": "Save $6.00"
      },
      {
        "position": 8,
        "surface": "catalog-grid",
        "name": "AuraMirror Wall Mirror",
        "brand": "AuraMirror",
        "price": 59.99,
        "currency": "USD",
        "old_price": 74.99,
        "has_markdown": true,
        "badge": "20% OFF",
        "discount_pct": 20,
        "availability": "in-stock",
        "sponsored": false,
        "delivery_promise": "FREE delivery Tomorrow",
        "discount_amount": "Save $15.00"
      },
      {
        "position": 9,
        "surface": "catalog-grid",
        "name": "FrameLine Wall Art Set",
        "brand": "FrameLine",
        "price": 44.99,
        "currency": "USD",
        "old_price": 56.99,
        "has_markdown": true,
        "badge": "21% OFF",
        "discount_pct": 21,
        "availability": "in-stock",
        "sponsored": false,
        "delivery_promise": "FREE delivery Tomorrow",
        "discount_amount": "Save $12.00"
      },
      {
        "position": 10,
        "surface": "catalog-grid",
        "name": "SlateLine Shelf Organizer",
        "brand": "SlateLine",
        "price": 26.99,
        "currency": "USD",
        "old_price": 34.99,
        "has_markdown": true,
        "badge": "23% OFF",
        "discount_pct": 23,
        "availability": "in-stock",
        "sponsored": false,
        "delivery_promise": "FREE delivery Tomorrow",
        "discount_amount": "Save $8.00"
      },
      {
        "position": 11,
        "surface": "catalog-grid",
        "name": "Cinder Ceramic Vase",
        "brand": "Cinder",
        "price": 24.99,
        "currency": "USD",
        "old_price": 31.99,
        "has_markdown": true,
        "badge": "22% OFF",
        "discount_pct": 22,
        "availability": "in-stock",
        "sponsored": false,
        "delivery_promise": "FREE delivery Tomorrow",
        "discount_amount": "Save $7.00"
      },
      {
        "position": 12,
        "surface": "catalog-grid",
        "name": "PureDrop Humidifier",
        "brand": "PureDrop",
        "price": 49.99,
        "currency": "USD",
        "old_price": 64.99,
        "has_markdown": true,
        "badge": "23% OFF",
        "discount_pct": 23,
        "availability": "in-stock",
        "sponsored": false,
        "delivery_promise": "FREE delivery Tomorrow",
        "discount_amount": "Save $15.00"
      },
      {
        "position": 13,
        "surface": "catalog-grid",
        "name": "CloudSeat Cushion Set",
        "brand": "CloudSeat",
        "price": 29.99,
        "currency": "USD",
        "old_price": 38.99,
        "has_markdown": true,
        "badge": "23% OFF",
        "discount_pct": 23,
        "availability": "in-stock",
        "sponsored": false,
        "delivery_promise": "FREE delivery Tomorrow",
        "discount_amount": "Save $9.00"
      },
      {
        "position": 14,
        "surface": "catalog-grid",
        "name": "BreezeCurtain Panel Pair",
        "brand": "BreezeCurtain",
        "price": 34.99,
        "currency": "USD",
        "old_price": 44.99,
        "has_markdown": true,
        "badge": "22% OFF",
        "discount_pct": 22,
        "availability": "in-stock",
        "sponsored": false,
        "delivery_promise": "FREE delivery Tomorrow",
        "discount_amount": "Save $10.00"
      },
      {
        "position": 15,
        "surface": "catalog-grid",
        "name": "KitchenBloom Herb Planter",
        "brand": "KitchenBloom",
        "price": 18.99,
        "currency": "USD",
        "old_price": 24.99,
        "has_markdown": true,
        "badge": "24% OFF",
        "discount_pct": 24,
        "availability": "in-stock",
        "sponsored": false,
        "delivery_promise": "FREE delivery Tomorrow",
        "discount_amount": "Save $6.00"
      }
    ],
    "t3": {
      "total_products": 15,
      "sponsored_count": 0,
      "organic_count": 15,
      "discounted_count": 15,
      "full_price_count": 0,
      "out_of_stock_count": 0,
      "low_stock_count": 0,
      "discount_pct_min": 19,
      "discount_pct_max": 24,
      "discount_pct_median": 22,
      "price_min": 18.99,
      "price_max": 129.99,
      "price_currency": "USD"
    },
    "t4": {
      "hydration_events": [
        {
          "metric": "cart_hydration_time_ms",
          "value": 0
        }
      ],
      "result_count_stated": 15,
      "result_count_rendered": 15,
      "result_count_match": true,
      "css_hidden_blocks": [
        {
          "selector": "empty-results",
          "gated_copy": "⌕\n                                        No products found\n                                        ",
          "rendered": false
        }
      ],
      "metadata": {
        "meta_description": "Browse and filter all SHOPORA products."
      },
      "raw_url": "http://127.0.0.1:8080/category.html?category=home"
    }
  },
  "budget": {
    "bytes_used": 5970,
    "hard_cap": 51200,
    "tiers_dropped": []
  },
  "privacy_metadata": {
    "pii_scrubbing_version": "0.2.0",
    "local_scrubbing_applied": true,
    "inputs_scrubbed": true,
    "scripts_removed": true,
    "styles_removed": true,
    "persistent_storage_used": false
  }
}

--- [2026-08-13T12:57:16.380Z] PAYLOAD: interaction_events ---
{
  "envelope_type": "interaction_events",
  "schema_version": "0.2.0",
  "tag_version": "0.2.0",
  "client_id": "shopora-prod",
  "session_token": "3fc2a7b9-7584-456f-870d-62f6b5084210",
  "flush_id": "20ec4fc1-3d55-4aac-bb14-5f369e7b556c",
  "flush_reason": "unload",
  "events": [
    {
      "event_id": "7744e967-cbb9-4156-b93d-86f18392acbe",
      "event_type": "sort_changed",
      "timestamp": "2026-08-13T12:57:10.063Z",
      "page_type": "category",
      "page_url_path": "/category.html",
      "sort_value": "Price: high to low"
    },
    {
      "event_id": "f44f53ee-a6b3-4d5b-9cca-9ccf2228fe64",
      "event_type": "sort_changed",
      "timestamp": "2026-08-13T12:57:12.572Z",
      "page_type": "category",
      "page_url_path": "/category.html",
      "sort_value": "Customer rating"
    }
  ]
}

--- [2026-08-29T07:59:02.590Z] PAYLOAD: tier0-9 ---
{
  "schema_version": "0.2.0",
  "beacon_id": "2f8b7a62-d73f-4299-a742-80ca12c10b83",
  "client_id": "shopora-prod",
  "session_token": "0f5175c9-0a37-4e04-a673-0b545847706b",
  "tag_version": "0.2.0",
  "timestamp": "2026-08-29T07:59:02.543Z",
  "sampled": true,
  "page_type": "homepage",
  "page_url_path": "/",
  "sequence_no": 1,
  "page_heading": "Upgrade your everyday for less.",
  "breadcrumb": [],
  "viewport": {
    "width": 1790,
    "height": 950
  },
  "surface_id": "14e126e3-1f4e-44be-8af1-f84aa1f63ba3",
  "region": "en",
  "identity_summary": {
    "state": "unknown"
  },
  "visible_query": null,
  "program_match": null,
  "page": {
    "page_type": "homepage",
    "page_url": "http://127.0.0.1:8080/"
  },
  "signals": {
    "t1": [
      {
        "position": 1,
        "surface": "featured",
        "name": "VoltMax 15.6\" Laptop",
        "brand": "VoltMax",
        "price": 729.99,
        "currency": "USD",
        "old_price": 849.99,
        "has_markdown": true,
        "badge": "14% OFF",
        "discount_pct": 14,
        "availability": "in-stock",
        "sponsored": false,
        "delivery_promise": "FREE delivery Tomorrow",
        "discount_amount": "Save $120.00"
      },
      {
        "position": 2,
        "surface": "featured",
        "name": "PulseTune Wireless Headphones",
        "brand": "PulseTune",
        "price": 89.99,
        "currency": "USD",
        "old_price": 119.99,
        "has_markdown": true,
        "badge": "25% OFF",
        "discount_pct": 25,
        "availability": "in-stock",
        "sponsored": false,
        "delivery_promise": "FREE delivery Tomorrow",
        "discount_amount": "Save $30.00"
      },
      {
        "position": 3,
        "surface": "featured",
        "name": "Luna Cotton Graphic Tee",
        "brand": "Luna",
        "price": 18.99,
        "currency": "USD",
        "old_price": 24.99,
        "has_markdown": true,
        "badge": "24% OFF",
        "discount_pct": 24,
        "availability": "in-stock",
        "sponsored": false,
        "delivery_promise": "FREE delivery Tomorrow",
        "discount_amount": "Save $6.00"
      },
      {
        "position": 4,
        "surface": "featured",
        "name": "MetroStride Running Shoes",
        "brand": "MetroStride",
        "price": 74.99,
        "currency": "USD",
        "old_price": 94.99,
        "has_markdown": true,
        "badge": "21% OFF",
        "discount_pct": 21,
        "availability": "in-stock",
        "sponsored": false,
        "delivery_promise": "FREE delivery Tomorrow",
        "discount_amount": "Save $20.00"
      },
      {
        "position": 5,
        "surface": "featured",
        "name": "OakLine Coffee Table",
        "brand": "OakLine",
        "price": 129.99,
        "currency": "USD",
        "old_price": 159.99,
        "has_markdown": true,
        "badge": "19% OFF",
        "discount_pct": 19,
        "availability": "in-stock",
        "sponsored": false,
        "delivery_promise": "FREE delivery Tomorrow",
        "discount_amount": "Save $30.00"
      },
      {
        "position": 6,
        "surface": "featured",
        "name": "SoftNest Throw Blanket",
        "brand": "SoftNest",
        "price": 27.99,
        "currency": "USD",
        "old_price": 35.99,
        "has_markdown": true,
        "badge": "22% OFF",
        "discount_pct": 22,
        "availability": "in-stock",
        "sponsored": false,
        "delivery_promise": "FREE delivery Tomorrow",
        "discount_amount": "Save $8.00"
      },
      {
        "position": 7,
        "surface": "featured",
        "name": "The Last Library",
        "brand": "The",
        "price": 14.99,
        "currency": "USD",
        "old_price": 19.99,
        "has_markdown": true,
        "badge": "25% OFF",
        "discount_pct": 25,
        "availability": "in-stock",
        "sponsored": false,
        "delivery_promise": "FREE delivery Tomorrow",
        "discount_amount": "Save $5.00"
      },
      {
        "position": 8,
        "surface": "featured",
        "name": "Coding for Everyone",
        "brand": "Coding",
        "price": 21.99,
        "currency": "USD",
        "old_price": 26.99,
        "has_markdown": true,
        "badge": "19% OFF",
        "discount_pct": 19,
        "availability": "in-stock",
        "sponsored": false,
        "delivery_promise": "FREE delivery Tomorrow",
        "discount_amount": "Save $5.00"
      }
    ],
    "t3": {
      "total_products": 8,
      "sponsored_count": 0,
      "organic_count": 8,
      "discounted_count": 8,
      "full_price_count": 0,
      "out_of_stock_count": 0,
      "low_stock_count": 0,
      "discount_pct_min": 14,
      "discount_pct_max": 25,
      "discount_pct_median": 22,
      "price_min": 14.99,
      "price_max": 729.99,
      "price_currency": "USD"
    },
    "t4": {
      "hydration_events": [
        {
          "metric": "cart_hydration_time_ms",
          "value": 1
        }
      ],
      "css_hidden_blocks": [
        {
          "selector": "sr-only",
          "gated_copy": "Email address",
          "rendered": false
        }
      ],
      "metadata": {
        "meta_description": "Shop electronics, fashion, home essentials and books at SHOPORA with fast delivery and secure checkout."
      },
      "raw_url": "http://127.0.0.1:8080/"
    }
  },
  "budget": {
    "bytes_used": 3562,
    "hard_cap": 51200,
    "tiers_dropped": []
  },
  "privacy_metadata": {
    "pii_scrubbing_version": "0.2.0",
    "local_scrubbing_applied": true,
    "inputs_scrubbed": true,
    "scripts_removed": true,
    "styles_removed": true,
    "persistent_storage_used": false
  }
}

--- [2026-08-29T07:59:17.787Z] PAYLOAD: interaction_events ---
{
  "envelope_type": "interaction_events",
  "schema_version": "0.2.0",
  "tag_version": "0.2.0",
  "client_id": "shopora-prod",
  "session_token": "0f5175c9-0a37-4e04-a673-0b545847706b",
  "flush_id": "cdeabc71-e73e-42f1-9c7b-bdb4ff7ea781",
  "flush_reason": "immediate_navigation",
  "events": [
    {
      "event_id": "df6887f3-74c8-47f3-b450-66bf1d76755e",
      "event_type": "product_card_clicked",
      "timestamp": "2026-08-29T07:59:17.761Z",
      "page_type": "homepage",
      "page_url_path": "/",
      "sku": "el-4",
      "surface": "catalog-grid",
      "position": 3,
      "displayed_price": "$19.99",
      "displayed_currency": "$"
    }
  ]
}

--- [2026-08-29T07:59:19.020Z] PAYLOAD: tier0-9 ---
{
  "schema_version": "0.2.0",
  "beacon_id": "a46f9799-43f6-4830-a6a9-a105b59965a4",
  "client_id": "shopora-prod",
  "session_token": "1dbef63a-cdef-4ff4-a7b5-b35b1b69b0b0",
  "tag_version": "0.2.0",
  "timestamp": "2026-08-29T07:59:18.878Z",
  "sampled": true,
  "page_type": "pdp",
  "page_url_path": "/pdp.html?id=el-4",
  "sequence_no": 1,
  "page_heading": "NeoCharge 20W Fast Charger",
  "breadcrumb": [
    "HOME /",
    "ELECTRONICS /",
    "NEOCHARGE"
  ],
  "viewport": {
    "width": 1790,
    "height": 950
  },
  "surface_id": "1e14457f-f0bb-4bab-b1cb-10d1ee60f4cf",
  "region": "en",
  "identity_summary": {
    "state": "unknown"
  },
  "visible_query": null,
  "program_match": null,
  "page": {
    "page_type": "pdp",
    "page_url": "http://127.0.0.1:8080/pdp.html?id=el-4"
  },
  "signals": {
    "t1": [
      {
        "position": 1,
        "surface": "hero",
        "name": "Product Specifications",
        "brand": "NeoCharge Official",
        "price": 19.99,
        "currency": "USD",
        "old_price": 29.99,
        "has_markdown": true,
        "badge": "SAVE 33%",
        "discount_pct": 33,
        "availability": "in-stock",
        "sponsored": false,
        "delivery_promise": "Order within 5 hrs",
        "visible_category_words": [
          "electronics"
        ],
        "badges": [
          "• High Demand"
        ]
      }
    ],
    "t4": {
      "hydration_events": [
        {
          "metric": "cart_hydration_time_ms",
          "value": 0
        }
      ],
      "css_hidden_blocks": [
        {
          "selector": "pdp-accordion-content",
          "gated_copy": "Standard Delivery: 3-5 business days. Free for orders over $50.\n                \n                \n  ",
          "rendered": false
        }
      ],
      "raw_url": "http://127.0.0.1:8080/pdp.html?id=el-4"
    }
  },
  "budget": {
    "bytes_used": 1177,
    "hard_cap": 51200,
    "tiers_dropped": []
  },
  "privacy_metadata": {
    "pii_scrubbing_version": "0.2.0",
    "local_scrubbing_applied": true,
    "inputs_scrubbed": true,
    "scripts_removed": true,
    "styles_removed": true,
    "persistent_storage_used": false
  }
}

--- [2026-08-29T07:59:44.141Z] PAYLOAD: interaction_events ---
{
  "envelope_type": "interaction_events",
  "schema_version": "0.2.0",
  "tag_version": "0.2.0",
  "client_id": "shopora-prod",
  "session_token": "1dbef63a-cdef-4ff4-a7b5-b35b1b69b0b0",
  "flush_id": "a54caf4a-e9ff-4bc8-b78a-6b5a142182ac",
  "flush_reason": "unload",
  "events": [
    {
      "event_id": "45a69393-de37-4528-9113-d6f0bb948ee4",
      "event_type": "add_to_cart",
      "timestamp": "2026-08-29T07:59:42.623Z",
      "page_type": "pdp",
      "page_url_path": "/pdp.html",
      "sku": null,
      "surface": "catalog-grid",
      "position": 1,
      "displayed_price": null,
      "displayed_currency": null
    }
  ]
}

--- [2026-08-29T08:18:36.146Z] PAYLOAD: tier0-9 ---
{
  "schema_version": "0.2.0",
  "beacon_id": "d80ff03e-813e-4b36-893c-6b3dfd2ef0c5",
  "client_id": "shopora-prod",
  "session_token": "3816b240-e158-4752-98e0-9e46b94ccd4a",
  "tag_version": "0.2.0",
  "timestamp": "2026-08-29T08:18:36.131Z",
  "sampled": true,
  "page_type": "homepage",
  "page_url_path": "/index.html",
  "sequence_no": 1,
  "page_heading": "Upgrade your everyday for less.",
  "breadcrumb": [],
  "viewport": {
    "width": 1790,
    "height": 950
  },
  "surface_id": "d362eefd-1ad1-4406-b594-08f18c870e99",
  "region": "en",
  "identity_summary": {
    "state": "unknown"
  },
  "visible_query": null,
  "program_match": null,
  "page": {
    "page_type": "homepage",
    "page_url": "http://127.0.0.1:8080/index.html"
  },
  "signals": {
    "t1": [
      {
        "position": 1,
        "surface": "featured",
        "name": "VoltMax 15.6\" Laptop",
        "brand": "VoltMax",
        "price": 729.99,
        "currency": "USD",
        "old_price": 849.99,
        "has_markdown": true,
        "badge": "14% OFF",
        "discount_pct": 14,
        "availability": "in-stock",
        "sponsored": false,
        "delivery_promise": "FREE delivery Tomorrow",
        "discount_amount": "Save $120.00"
      },
      {
        "position": 2,
        "surface": "featured",
        "name": "PulseTune Wireless Headphones",
        "brand": "PulseTune",
        "price": 89.99,
        "currency": "USD",
        "old_price": 119.99,
        "has_markdown": true,
        "badge": "25% OFF",
        "discount_pct": 25,
        "availability": "in-stock",
        "sponsored": false,
        "delivery_promise": "FREE delivery Tomorrow",
        "discount_amount": "Save $30.00"
      },
      {
        "position": 3,
        "surface": "featured",
        "name": "Luna Cotton Graphic Tee",
        "brand": "Luna",
        "price": 18.99,
        "currency": "USD",
        "old_price": 24.99,
        "has_markdown": true,
        "badge": "24% OFF",
        "discount_pct": 24,
        "availability": "in-stock",
        "sponsored": false,
        "delivery_promise": "FREE delivery Tomorrow",
        "discount_amount": "Save $6.00"
      },
      {
        "position": 4,
        "surface": "featured",
        "name": "MetroStride Running Shoes",
        "brand": "MetroStride",
        "price": 74.99,
        "currency": "USD",
        "old_price": 94.99,
        "has_markdown": true,
        "badge": "21% OFF",
        "discount_pct": 21,
        "availability": "in-stock",
        "sponsored": false,
        "delivery_promise": "FREE delivery Tomorrow",
        "discount_amount": "Save $20.00"
      },
      {
        "position": 5,
        "surface": "featured",
        "name": "OakLine Coffee Table",
        "brand": "OakLine",
        "price": 129.99,
        "currency": "USD",
        "old_price": 159.99,
        "has_markdown": true,
        "badge": "19% OFF",
        "discount_pct": 19,
        "availability": "in-stock",
        "sponsored": false,
        "delivery_promise": "FREE delivery Tomorrow",
        "discount_amount": "Save $30.00"
      },
      {
        "position": 6,
        "surface": "featured",
        "name": "SoftNest Throw Blanket",
        "brand": "SoftNest",
        "price": 27.99,
        "currency": "USD",
        "old_price": 35.99,
        "has_markdown": true,
        "badge": "22% OFF",
        "discount_pct": 22,
        "availability": "in-stock",
        "sponsored": false,
        "delivery_promise": "FREE delivery Tomorrow",
        "discount_amount": "Save $8.00"
      },
      {
        "position": 7,
        "surface": "featured",
        "name": "The Last Library",
        "brand": "The",
        "price": 14.99,
        "currency": "USD",
        "old_price": 19.99,
        "has_markdown": true,
        "badge": "25% OFF",
        "discount_pct": 25,
        "availability": "in-stock",
        "sponsored": false,
        "delivery_promise": "FREE delivery Tomorrow",
        "discount_amount": "Save $5.00"
      },
      {
        "position": 8,
        "surface": "featured",
        "name": "Coding for Everyone",
        "brand": "Coding",
        "price": 21.99,
        "currency": "USD",
        "old_price": 26.99,
        "has_markdown": true,
        "badge": "19% OFF",
        "discount_pct": 19,
        "availability": "in-stock",
        "sponsored": false,
        "delivery_promise": "FREE delivery Tomorrow",
        "discount_amount": "Save $5.00"
      }
    ],
    "t3": {
      "total_products": 8,
      "sponsored_count": 0,
      "organic_count": 8,
      "discounted_count": 8,
      "full_price_count": 0,
      "out_of_stock_count": 0,
      "low_stock_count": 0,
      "discount_pct_min": 14,
      "discount_pct_max": 25,
      "discount_pct_median": 22,
      "price_min": 14.99,
      "price_max": 729.99,
      "price_currency": "USD"
    },
    "t4": {
      "hydration_events": [
        {
          "metric": "cart_hydration_time_ms",
          "value": 0
        }
      ],
      "css_hidden_blocks": [
        {
          "selector": "sr-only",
          "gated_copy": "Email address",
          "rendered": false
        }
      ],
      "metadata": {
        "meta_description": "Shop electronics, fashion, home essentials and books at SHOPORA with fast delivery and secure checkout."
      },
      "raw_url": "http://127.0.0.1:8080/index.html"
    }
  },
  "budget": {
    "bytes_used": 3582,
    "hard_cap": 51200,
    "tiers_dropped": []
  },
  "privacy_metadata": {
    "pii_scrubbing_version": "0.2.0",
    "local_scrubbing_applied": true,
    "inputs_scrubbed": true,
    "scripts_removed": true,
    "styles_removed": true,
    "persistent_storage_used": false
  }
}

--- [2026-08-29T08:19:13.692Z] PAYLOAD: tier0-9 ---
{
  "schema_version": "0.2.0",
  "beacon_id": "b60251b6-d1f4-45c9-9de3-1cea8fbf653c",
  "client_id": "shopora-prod",
  "session_token": "772a2c83-3566-4cfc-a2eb-daff81ba8bcf",
  "tag_version": "0.2.0",
  "timestamp": "2026-08-29T08:19:13.633Z",
  "sampled": true,
  "page_type": "category",
  "page_url_path": "/category.html?category=electronics",
  "sequence_no": 1,
  "page_heading": "Electronics",
  "breadcrumb": [],
  "viewport": {
    "width": 887,
    "height": 949
  },
  "surface_id": "60e4056e-dfa1-4f36-96ce-d6f6afe0b52a",
  "region": "en",
  "identity_summary": {
    "state": "unknown"
  },
  "visible_query": null,
  "program_match": null,
  "page": {
    "page_type": "category",
    "page_url": "http://127.0.0.1:8080/category.html?category=electronics"
  },
  "signals": {
    "t1": [
      {
        "position": 1,
        "surface": "catalog-grid",
        "name": "NeoCharge 20W Fast Charger",
        "brand": "NeoCharge",
        "price": 19.99,
        "currency": "USD",
        "old_price": 29.99,
        "has_markdown": true,
        "badge": "33% OFF",
        "discount_pct": 33,
        "availability": "in-stock",
        "sponsored": false,
        "delivery_promise": "FREE delivery Tomorrow",
        "discount_amount": "Save $10.00"
      },
      {
        "position": 2,
        "surface": "catalog-grid",
        "name": "PowerCore 10,000mAh Bank",
        "brand": "PowerCore",
        "price": 27.99,
        "currency": "USD",
        "old_price": 34.99,
        "has_markdown": true,
        "badge": "20% OFF",
        "discount_pct": 20,
        "availability": "in-stock",
        "sponsored": false,
        "delivery_promise": "FREE delivery Tomorrow",
        "discount_amount": "Save $7.00"
      },
      {
        "position": 3,
        "surface": "catalog-grid",
        "name": "ApexView 55\" 4K HDR Smart TV",
        "brand": "ApexView",
        "price": 499.99,
        "currency": "USD",
        "old_price": 599.99,
        "has_markdown": true,
        "badge": "17% OFF",
        "discount_pct": 17,
        "availability": "in-stock",
        "sponsored": false,
        "delivery_promise": "FREE delivery Tomorrow",
        "discount_amount": "Save $100.00"
      },
      {
        "position": 4,
        "surface": "catalog-grid",
        "name": "PulseTune Wireless Headphones",
        "brand": "PulseTune",
        "price": 89.99,
        "currency": "USD",
        "old_price": 119.99,
        "has_markdown": true,
        "badge": "25% OFF",
        "discount_pct": 25,
        "availability": "in-stock",
        "sponsored": false,
        "delivery_promise": "FREE delivery Tomorrow",
        "discount_amount": "Save $30.00"
      },
      {
        "position": 5,
        "surface": "catalog-grid",
        "name": "SnapCam 4K Action Camera",
        "brand": "SnapCam",
        "price": 159.99,
        "currency": "USD",
        "old_price": 199.99,
        "has_markdown": true,
        "badge": "20% OFF",
        "discount_pct": 20,
        "availability": "in-stock",
        "sponsored": false,
        "delivery_promise": "FREE delivery Tomorrow",
        "discount_amount": "Save $40.00"
      },
      {
        "position": 6,
        "surface": "catalog-grid",
        "name": "SwiftPad Tablet 10.5\"",
        "brand": "SwiftPad",
        "price": 219.99,
        "currency": "USD",
        "old_price": 259.99,
        "has_markdown": true,
        "badge": "15% OFF",
        "discount_pct": 15,
        "availability": "in-stock",
        "sponsored": false,
        "delivery_promise": "FREE delivery Tomorrow",
        "discount_amount": "Save $40.00"
      },
      {
        "position": 7,
        "surface": "catalog-grid",
        "name": "Orbit Pro Gaming Mouse",
        "brand": "Orbit",
        "price": 29.99,
        "currency": "USD",
        "old_price": 39.99,
        "has_markdown": true,
        "badge": "25% OFF",
        "discount_pct": 25,
        "availability": "in-stock",
        "sponsored": false,
        "delivery_promise": "FREE delivery Tomorrow",
        "discount_amount": "Save $10.00"
      },
      {
        "position": 8,
        "surface": "catalog-grid",
        "name": "SecureView Indoor Camera",
        "brand": "SecureView",
        "price": 54.99,
        "currency": "USD",
        "old_price": 69.99,
        "has_markdown": true,
        "badge": "21% OFF",
        "discount_pct": 21,
        "availability": "in-stock",
        "sponsored": false,
        "delivery_promise": "FREE delivery Tomorrow",
        "discount_amount": "Save $15.00"
      },
      {
        "position": 9,
        "surface": "catalog-grid",
        "name": "VoltMax 15.6\" Laptop",
        "brand": "VoltMax",
        "price": 729.99,
        "currency": "USD",
        "old_price": 849.99,
        "has_markdown": true,
        "badge": "14% OFF",
        "discount_pct": 14,
        "availability": "in-stock",
        "sponsored": false,
        "delivery_promise": "FREE delivery Tomorrow",
        "discount_amount": "Save $120.00"
      },
      {
        "position": 10,
        "surface": "catalog-grid",
        "name": "TunePod True Wireless Earbuds",
        "brand": "TunePod",
        "price": 59.99,
        "currency": "USD",
        "old_price": 79.99,
        "has_markdown": true,
        "badge": "25% OFF",
        "discount_pct": 25,
        "availability": "in-stock",
        "sponsored": false,
        "delivery_promise": "FREE delivery Tomorrow",
        "discount_amount": "Save $20.00"
      },
      {
        "position": 11,
        "surface": "catalog-grid",
        "name": "VisionPro 24\" Monitor",
        "brand": "VisionPro",
        "price": 149.99,
        "currency": "USD",
        "old_price": 179.99,
        "has_markdown": true,
        "badge": "17% OFF",
        "discount_pct": 17,
        "availability": "in-stock",
        "sponsored": false,
        "delivery_promise": "FREE delivery Tomorrow",
        "discount_amount": "Save $30.00"
      },
      {
        "position": 12,
        "surface": "catalog-grid",
        "name": "StudioLight LED Desk Lamp",
        "brand": "StudioLight",
        "price": 24.99,
        "currency": "USD",
        "old_price": 31.99,
        "has_markdown": true,
        "badge": "22% OFF",
        "discount_pct": 22,
        "availability": "in-stock",
        "sponsored": false,
        "delivery_promise": "FREE delivery Tomorrow",
        "discount_amount": "Save $7.00"
      },
      {
        "position": 13,
        "surface": "catalog-grid",
        "name": "AeroSound Bluetooth Speaker",
        "brand": "AeroSound",
        "price": 39.99,
        "currency": "USD",
        "old_price": 49.99,
        "has_markdown": true,
        "badge": "20% OFF",
        "discount_pct": 20,
        "availability": "in-stock",
        "sponsored": false,
        "delivery_promise": "FREE delivery Tomorrow",
        "discount_amount": "Save $10.00"
      },
      {
        "position": 14,
        "surface": "catalog-grid",
        "name": "HomeHub Wi-Fi Router",
        "brand": "HomeHub",
        "price": 79.99,
        "currency": "USD",
        "old_price": 99.99,
        "has_markdown": true,
        "badge": "20% OFF",
        "discount_pct": 20,
        "availability": "in-stock",
        "sponsored": false,
        "delivery_promise": "FREE delivery Tomorrow",
        "discount_amount": "Save $20.00"
      },
      {
        "position": 15,
        "surface": "catalog-grid",
        "name": "EcoSync Smart Plug Kit",
        "brand": "EcoSync",
        "price": 34.99,
        "currency": "USD",
        "old_price": 44.99,
        "has_markdown": true,
        "badge": "22% OFF",
        "discount_pct": 22,
        "availability": "in-stock",
        "sponsored": false,
        "delivery_promise": "FREE delivery Tomorrow",
        "discount_amount": "Save $10.00"
      }
    ],
    "t3": {
      "total_products": 15,
      "sponsored_count": 0,
      "organic_count": 15,
      "discounted_count": 15,
      "full_price_count": 0,
      "out_of_stock_count": 0,
      "low_stock_count": 0,
      "discount_pct_min": 14,
      "discount_pct_max": 33,
      "discount_pct_median": 20,
      "price_min": 19.99,
      "price_max": 729.99,
      "price_currency": "USD"
    },
    "t4": {
      "hydration_events": [
        {
          "metric": "cart_hydration_time_ms",
          "value": 100
        }
      ],
      "result_count_stated": 15,
      "result_count_rendered": 15,
      "result_count_match": true,
      "css_hidden_blocks": [
        {
          "selector": "empty-results",
          "gated_copy": "⌕\n                                        No products found\n                                        ",
          "rendered": false
        }
      ],
      "metadata": {
        "meta_description": "Browse and filter all SHOPORA products."
      },
      "raw_url": "http://127.0.0.1:8080/category.html?category=electronics"
    }
  },
  "budget": {
    "bytes_used": 6030,
    "hard_cap": 51200,
    "tiers_dropped": []
  },
  "privacy_metadata": {
    "pii_scrubbing_version": "0.2.0",
    "local_scrubbing_applied": true,
    "inputs_scrubbed": true,
    "scripts_removed": true,
    "styles_removed": true,
    "persistent_storage_used": false
  }
}

--- [2026-08-29T08:19:28.574Z] PAYLOAD: interaction_events ---
{
  "envelope_type": "interaction_events",
  "schema_version": "0.2.0",
  "tag_version": "0.2.0",
  "client_id": "shopora-prod",
  "session_token": "772a2c83-3566-4cfc-a2eb-daff81ba8bcf",
  "flush_id": "f206748e-dc11-4bde-83fb-f3b24fd3fb93",
  "flush_reason": "time",
  "events": [
    {
      "event_id": "98124d0e-500a-428f-a2c1-4bc1e4990362",
      "event_type": "filter_applied",
      "timestamp": "2026-08-29T08:19:26.385Z",
      "page_type": "category",
      "page_url_path": "/category.html",
      "filter_type": "categoryFilters",
      "filter_value": "fashion",
      "active_filter_count_after": 1
    },
    {
      "event_id": "1497e70b-22a0-459c-9da2-8817beedbf3e",
      "event_type": "filter_applied",
      "timestamp": "2026-08-29T08:19:26.627Z",
      "page_type": "category",
      "page_url_path": "/category.html",
      "filter_type": "categoryFilters",
      "filter_value": "electronics",
      "active_filter_count_after": 1
    },
    {
      "event_id": "c2f828dd-b04f-4391-8e66-25bbc71b807a",
      "event_type": "filter_applied",
      "timestamp": "2026-08-29T08:19:26.869Z",
      "page_type": "category",
      "page_url_path": "/category.html",
      "filter_type": "categoryFilters",
      "filter_value": "fashion",
      "active_filter_count_after": 1
    },
    {
      "event_id": "c0a0f467-bb1b-455d-a8ee-c5742f330c6c",
      "event_type": "filter_applied",
      "timestamp": "2026-08-29T08:19:27.114Z",
      "page_type": "category",
      "page_url_path": "/category.html",
      "filter_type": "categoryFilters",
      "filter_value": "electronics",
      "active_filter_count_after": 1
    },
    {
      "event_id": "c0d3aeb3-6e1b-4fcb-b6ce-1d17744ce658",
      "event_type": "filter_applied",
      "timestamp": "2026-08-29T08:19:27.347Z",
      "page_type": "category",
      "page_url_path": "/category.html",
      "filter_type": "categoryFilters",
      "filter_value": "electronics",
      "active_filter_count_after": 1
    },
    {
      "event_id": "76802bc6-0f90-4296-9bb5-ae769f33a260",
      "event_type": "filter_applied",
      "timestamp": "2026-08-29T08:19:27.557Z",
      "page_type": "category",
      "page_url_path": "/category.html",
      "filter_type": "categoryFilters",
      "filter_value": "electronics",
      "active_filter_count_after": 1
    },
    {
      "event_id": "89ff2dc6-36a2-43cc-9ecf-c27982f735f1",
      "event_type": "filter_applied",
      "timestamp": "2026-08-29T08:19:27.746Z",
      "page_type": "category",
      "page_url_path": "/category.html",
      "filter_type": "categoryFilters",
      "filter_value": "electronics",
      "active_filter_count_after": 1
    },
    {
      "event_id": "8a9465bd-5db1-4717-b0ee-c51bd4a265fc",
      "event_type": "filter_applied",
      "timestamp": "2026-08-29T08:19:27.939Z",
      "page_type": "category",
      "page_url_path": "/category.html",
      "filter_type": "categoryFilters",
      "filter_value": "electronics",
      "active_filter_count_after": 1
    },
    {
      "event_id": "2c469233-afa2-47bc-a981-aca852d87413",
      "event_type": "filter_applied",
      "timestamp": "2026-08-29T08:19:28.120Z",
      "page_type": "category",
      "page_url_path": "/category.html",
      "filter_type": "categoryFilters",
      "filter_value": "electronics",
      "active_filter_count_after": 1
    },
    {
      "event_id": "602c318e-dfae-4826-9093-0bfb3bf69c87",
      "event_type": "filter_applied",
      "timestamp": "2026-08-29T08:19:28.335Z",
      "page_type": "category",
      "page_url_path": "/category.html",
      "filter_type": "categoryFilters",
      "filter_value": "all",
      "active_filter_count_after": 1
    },
    {
      "event_id": "ac6afdcb-97d0-4dec-ac92-3656dceafa5e",
      "event_type": "filter_applied",
      "timestamp": "2026-08-29T08:19:28.544Z",
      "page_type": "category",
      "page_url_path": "/category.html",
      "filter_type": "categoryFilters",
      "filter_value": "fashion",
      "active_filter_count_after": 1
    }
  ]
}

--- [2026-08-29T08:19:43.579Z] PAYLOAD: interaction_events ---
{
  "envelope_type": "interaction_events",
  "schema_version": "0.2.0",
  "tag_version": "0.2.0",
  "client_id": "shopora-prod",
  "session_token": "772a2c83-3566-4cfc-a2eb-daff81ba8bcf",
  "flush_id": "3a01a657-2fee-4885-9148-d5f0dc15c86e",
  "flush_reason": "time",
  "events": [
    {
      "event_id": "783664e5-95d8-43ee-b8de-c9997fc90c24",
      "event_type": "filter_applied",
      "timestamp": "2026-08-29T08:19:28.788Z",
      "page_type": "category",
      "page_url_path": "/category.html",
      "filter_type": "categoryFilters",
      "filter_value": "electronics",
      "active_filter_count_after": 1
    },
    {
      "event_id": "f5a189fd-c25a-444c-b2e9-a1ad20487c0b",
      "event_type": "filter_applied",
      "timestamp": "2026-08-29T08:19:29.006Z",
      "page_type": "category",
      "page_url_path": "/category.html",
      "filter_type": "categoryFilters",
      "filter_value": "fashion",
      "active_filter_count_after": 1
    },
    {
      "event_id": "feab4666-7a69-43f2-a7a2-8dbf6075c359",
      "event_type": "filter_applied",
      "timestamp": "2026-08-29T08:19:29.203Z",
      "page_type": "category",
      "page_url_path": "/category.html",
      "filter_type": "categoryFilters",
      "filter_value": "all",
      "active_filter_count_after": 1
    }
  ]
}

--- [2026-08-29T08:19:51.416Z] PAYLOAD: interaction_events ---
{
  "envelope_type": "interaction_events",
  "schema_version": "0.2.0",
  "tag_version": "0.2.0",
  "client_id": "shopora-prod",
  "session_token": "772a2c83-3566-4cfc-a2eb-daff81ba8bcf",
  "flush_id": "c83ab24a-09e1-46a3-a2bb-4440103daa7b",
  "flush_reason": "size",
  "events": [
    {
      "event_id": "c1311a97-6ac4-4715-bf6f-e126962fd252",
      "event_type": "filter_applied",
      "timestamp": "2026-08-29T08:19:49.077Z",
      "page_type": "category",
      "page_url_path": "/category.html",
      "filter_type": "categoryFilters",
      "filter_value": "electronics",
      "active_filter_count_after": 1
    },
    {
      "event_id": "aca8734a-6782-4bd6-bff2-8e2a05d7caed",
      "event_type": "filter_applied",
      "timestamp": "2026-08-29T08:19:49.244Z",
      "page_type": "category",
      "page_url_path": "/category.html",
      "filter_type": "categoryFilters",
      "filter_value": "electronics",
      "active_filter_count_after": 1
    },
    {
      "event_id": "3384d4a4-27e7-4f91-bb9f-8de1ea9d6748",
      "event_type": "filter_applied",
      "timestamp": "2026-08-29T08:19:49.383Z",
      "page_type": "category",
      "page_url_path": "/category.html",
      "filter_type": "categoryFilters",
      "filter_value": "electronics",
      "active_filter_count_after": 1
    },
    {
      "event_id": "2c2d90b1-705e-479f-a63d-cd930add89f9",
      "event_type": "filter_applied",
      "timestamp": "2026-08-29T08:19:49.553Z",
      "page_type": "category",
      "page_url_path": "/category.html",
      "filter_type": "categoryFilters",
      "filter_value": "electronics",
      "active_filter_count_after": 1
    },
    {
      "event_id": "08d17b92-607f-4a55-9828-0a61239bce57",
      "event_type": "filter_applied",
      "timestamp": "2026-08-29T08:19:49.687Z",
      "page_type": "category",
      "page_url_path": "/category.html",
      "filter_type": "categoryFilters",
      "filter_value": "electronics",
      "active_filter_count_after": 1
    },
    {
      "event_id": "2a099cb4-8f87-4a0d-8d6c-41e5194b14be",
      "event_type": "filter_applied",
      "timestamp": "2026-08-29T08:19:49.835Z",
      "page_type": "category",
      "page_url_path": "/category.html",
      "filter_type": "categoryFilters",
      "filter_value": "electronics",
      "active_filter_count_after": 1
    },
    {
      "event_id": "701edf8d-de19-4a06-9725-02ebb4b634f4",
      "event_type": "filter_applied",
      "timestamp": "2026-08-29T08:19:49.974Z",
      "page_type": "category",
      "page_url_path": "/category.html",
      "filter_type": "categoryFilters",
      "filter_value": "electronics",
      "active_filter_count_after": 1
    },
    {
      "event_id": "9865d149-1f70-4242-a179-058662a17039",
      "event_type": "filter_applied",
      "timestamp": "2026-08-29T08:19:50.136Z",
      "page_type": "category",
      "page_url_path": "/category.html",
      "filter_type": "categoryFilters",
      "filter_value": "electronics",
      "active_filter_count_after": 1
    },
    {
      "event_id": "ee6a8ce2-a82b-4fe2-b9e3-352f8445b7e3",
      "event_type": "filter_applied",
      "timestamp": "2026-08-29T08:19:50.281Z",
      "page_type": "category",
      "page_url_path": "/category.html",
      "filter_type": "categoryFilters",
      "filter_value": "electronics",
      "active_filter_count_after": 1
    },
    {
      "event_id": "3792b3af-e749-44aa-8935-b9d844f014a0",
      "event_type": "filter_applied",
      "timestamp": "2026-08-29T08:19:50.442Z",
      "page_type": "category",
      "page_url_path": "/category.html",
      "filter_type": "categoryFilters",
      "filter_value": "all",
      "active_filter_count_after": 1
    },
    {
      "event_id": "9fbe12af-bb39-45cb-9966-093ecd9c8350",
      "event_type": "filter_applied",
      "timestamp": "2026-08-29T08:19:50.600Z",
      "page_type": "category",
      "page_url_path": "/category.html",
      "filter_type": "categoryFilters",
      "filter_value": "electronics",
      "active_filter_count_after": 1
    },
    {
      "event_id": "579d8570-d02f-4438-a96f-fd1e9ab80fd2",
      "event_type": "filter_applied",
      "timestamp": "2026-08-29T08:19:50.768Z",
      "page_type": "category",
      "page_url_path": "/category.html",
      "filter_type": "categoryFilters",
      "filter_value": "all",
      "active_filter_count_after": 1
    },
    {
      "event_id": "2c780962-ce32-42d9-b7b6-8f7c15d079db",
      "event_type": "filter_applied",
      "timestamp": "2026-08-29T08:19:51.055Z",
      "page_type": "category",
      "page_url_path": "/category.html",
      "filter_type": "categoryFilters",
      "filter_value": "all",
      "active_filter_count_after": 1
    },
    {
      "event_id": "6ba62ae9-835d-4164-80e3-b5746f03a356",
      "event_type": "filter_applied",
      "timestamp": "2026-08-29T08:19:51.249Z",
      "page_type": "category",
      "page_url_path": "/category.html",
      "filter_type": "categoryFilters",
      "filter_value": "electronics",
      "active_filter_count_after": 1
    },
    {
      "event_id": "cd20005e-d433-4ec2-8761-313ba8cf954e",
      "event_type": "filter_applied",
      "timestamp": "2026-08-29T08:19:51.407Z",
      "page_type": "category",
      "page_url_path": "/category.html",
      "filter_type": "categoryFilters",
      "filter_value": "all",
      "active_filter_count_after": 1
    }
  ]
}

--- [2026-08-29T08:19:58.579Z] PAYLOAD: interaction_events ---
{
  "envelope_type": "interaction_events",
  "schema_version": "0.2.0",
  "tag_version": "0.2.0",
  "client_id": "shopora-prod",
  "session_token": "772a2c83-3566-4cfc-a2eb-daff81ba8bcf",
  "flush_id": "41370381-4eec-45e4-bc47-5b7cd8b15b8f",
  "flush_reason": "time",
  "events": [
    {
      "event_id": "aba839be-06d2-4bb3-85a8-687b39a22359",
      "event_type": "filter_applied",
      "timestamp": "2026-08-29T08:19:51.564Z",
      "page_type": "category",
      "page_url_path": "/category.html",
      "filter_type": "categoryFilters",
      "filter_value": "all",
      "active_filter_count_after": 1
    },
    {
      "event_id": "c081adbc-0643-4087-8666-d1b99e39524c",
      "event_type": "filter_applied",
      "timestamp": "2026-08-29T08:19:51.723Z",
      "page_type": "category",
      "page_url_path": "/category.html",
      "filter_type": "categoryFilters",
      "filter_value": "all",
      "active_filter_count_after": 1
    },
    {
      "event_id": "3e31c29c-0d18-4c3c-b428-1fa609c99ad8",
      "event_type": "filter_applied",
      "timestamp": "2026-08-29T08:19:51.882Z",
      "page_type": "category",
      "page_url_path": "/category.html",
      "filter_type": "categoryFilters",
      "filter_value": "all",
      "active_filter_count_after": 1
    },
    {
      "event_id": "38c8c170-e9a6-4c13-95e6-f52dc7a6c5e4",
      "event_type": "filter_applied",
      "timestamp": "2026-08-29T08:19:52.061Z",
      "page_type": "category",
      "page_url_path": "/category.html",
      "filter_type": "categoryFilters",
      "filter_value": "all",
      "active_filter_count_after": 1
    }
  ]
}

--- [2026-08-29T08:20:22.117Z] PAYLOAD: tier0-9 ---
{
  "schema_version": "0.2.0",
  "beacon_id": "f1377704-a3af-45bf-bd56-b59620545feb",
  "client_id": "shopora-prod",
  "session_token": "300aef79-8ba0-4350-a8c7-6ed6cc260dae",
  "tag_version": "0.2.0",
  "timestamp": "2026-08-29T08:20:21.981Z",
  "sampled": true,
  "page_type": "category",
  "page_url_path": "/category.html?category=electronics",
  "sequence_no": 1,
  "page_heading": "Electronics",
  "breadcrumb": [],
  "viewport": {
    "width": 887,
    "height": 949
  },
  "surface_id": "2c05a7fc-4467-4714-9346-70c6bfb12c16",
  "region": "en",
  "identity_summary": {
    "state": "unknown"
  },
  "visible_query": null,
  "program_match": null,
  "page": {
    "page_type": "category",
    "page_url": "http://127.0.0.1:8080/category.html?category=electronics"
  },
  "signals": {
    "t1": [
      {
        "position": 1,
        "surface": "catalog-grid",
        "name": "NeoCharge 20W Fast Charger",
        "brand": "NeoCharge",
        "price": 19.99,
        "currency": "USD",
        "old_price": 29.99,
        "has_markdown": true,
        "badge": "33% OFF",
        "discount_pct": 33,
        "availability": "in-stock",
        "sponsored": false,
        "delivery_promise": "FREE delivery Tomorrow",
        "discount_amount": "Save $10.00"
      },
      {
        "position": 2,
        "surface": "catalog-grid",
        "name": "PowerCore 10,000mAh Bank",
        "brand": "PowerCore",
        "price": 27.99,
        "currency": "USD",
        "old_price": 34.99,
        "has_markdown": true,
        "badge": "20% OFF",
        "discount_pct": 20,
        "availability": "in-stock",
        "sponsored": false,
        "delivery_promise": "FREE delivery Tomorrow",
        "discount_amount": "Save $7.00"
      },
      {
        "position": 3,
        "surface": "catalog-grid",
        "name": "ApexView 55\" 4K HDR Smart TV",
        "brand": "ApexView",
        "price": 499.99,
        "currency": "USD",
        "old_price": 599.99,
        "has_markdown": true,
        "badge": "17% OFF",
        "discount_pct": 17,
        "availability": "in-stock",
        "sponsored": false,
        "delivery_promise": "FREE delivery Tomorrow",
        "discount_amount": "Save $100.00"
      },
      {
        "position": 4,
        "surface": "catalog-grid",
        "name": "PulseTune Wireless Headphones",
        "brand": "PulseTune",
        "price": 89.99,
        "currency": "USD",
        "old_price": 119.99,
        "has_markdown": true,
        "badge": "25% OFF",
        "discount_pct": 25,
        "availability": "in-stock",
        "sponsored": false,
        "delivery_promise": "FREE delivery Tomorrow",
        "discount_amount": "Save $30.00"
      },
      {
        "position": 5,
        "surface": "catalog-grid",
        "name": "SnapCam 4K Action Camera",
        "brand": "SnapCam",
        "price": 159.99,
        "currency": "USD",
        "old_price": 199.99,
        "has_markdown": true,
        "badge": "20% OFF",
        "discount_pct": 20,
        "availability": "in-stock",
        "sponsored": false,
        "delivery_promise": "FREE delivery Tomorrow",
        "discount_amount": "Save $40.00"
      },
      {
        "position": 6,
        "surface": "catalog-grid",
        "name": "SwiftPad Tablet 10.5\"",
        "brand": "SwiftPad",
        "price": 219.99,
        "currency": "USD",
        "old_price": 259.99,
        "has_markdown": true,
        "badge": "15% OFF",
        "discount_pct": 15,
        "availability": "in-stock",
        "sponsored": false,
        "delivery_promise": "FREE delivery Tomorrow",
        "discount_amount": "Save $40.00"
      },
      {
        "position": 7,
        "surface": "catalog-grid",
        "name": "Orbit Pro Gaming Mouse",
        "brand": "Orbit",
        "price": 29.99,
        "currency": "USD",
        "old_price": 39.99,
        "has_markdown": true,
        "badge": "25% OFF",
        "discount_pct": 25,
        "availability": "in-stock",
        "sponsored": false,
        "delivery_promise": "FREE delivery Tomorrow",
        "discount_amount": "Save $10.00"
      },
      {
        "position": 8,
        "surface": "catalog-grid",
        "name": "SecureView Indoor Camera",
        "brand": "SecureView",
        "price": 54.99,
        "currency": "USD",
        "old_price": 69.99,
        "has_markdown": true,
        "badge": "21% OFF",
        "discount_pct": 21,
        "availability": "in-stock",
        "sponsored": false,
        "delivery_promise": "FREE delivery Tomorrow",
        "discount_amount": "Save $15.00"
      },
      {
        "position": 9,
        "surface": "catalog-grid",
        "name": "VoltMax 15.6\" Laptop",
        "brand": "VoltMax",
        "price": 729.99,
        "currency": "USD",
        "old_price": 849.99,
        "has_markdown": true,
        "badge": "14% OFF",
        "discount_pct": 14,
        "availability": "in-stock",
        "sponsored": false,
        "delivery_promise": "FREE delivery Tomorrow",
        "discount_amount": "Save $120.00"
      },
      {
        "position": 10,
        "surface": "catalog-grid",
        "name": "TunePod True Wireless Earbuds",
        "brand": "TunePod",
        "price": 59.99,
        "currency": "USD",
        "old_price": 79.99,
        "has_markdown": true,
        "badge": "25% OFF",
        "discount_pct": 25,
        "availability": "in-stock",
        "sponsored": false,
        "delivery_promise": "FREE delivery Tomorrow",
        "discount_amount": "Save $20.00"
      },
      {
        "position": 11,
        "surface": "catalog-grid",
        "name": "VisionPro 24\" Monitor",
        "brand": "VisionPro",
        "price": 149.99,
        "currency": "USD",
        "old_price": 179.99,
        "has_markdown": true,
        "badge": "17% OFF",
        "discount_pct": 17,
        "availability": "in-stock",
        "sponsored": false,
        "delivery_promise": "FREE delivery Tomorrow",
        "discount_amount": "Save $30.00"
      },
      {
        "position": 12,
        "surface": "catalog-grid",
        "name": "StudioLight LED Desk Lamp",
        "brand": "StudioLight",
        "price": 24.99,
        "currency": "USD",
        "old_price": 31.99,
        "has_markdown": true,
        "badge": "22% OFF",
        "discount_pct": 22,
        "availability": "in-stock",
        "sponsored": false,
        "delivery_promise": "FREE delivery Tomorrow",
        "discount_amount": "Save $7.00"
      },
      {
        "position": 13,
        "surface": "catalog-grid",
        "name": "AeroSound Bluetooth Speaker",
        "brand": "AeroSound",
        "price": 39.99,
        "currency": "USD",
        "old_price": 49.99,
        "has_markdown": true,
        "badge": "20% OFF",
        "discount_pct": 20,
        "availability": "in-stock",
        "sponsored": false,
        "delivery_promise": "FREE delivery Tomorrow",
        "discount_amount": "Save $10.00"
      },
      {
        "position": 14,
        "surface": "catalog-grid",
        "name": "HomeHub Wi-Fi Router",
        "brand": "HomeHub",
        "price": 79.99,
        "currency": "USD",
        "old_price": 99.99,
        "has_markdown": true,
        "badge": "20% OFF",
        "discount_pct": 20,
        "availability": "in-stock",
        "sponsored": false,
        "delivery_promise": "FREE delivery Tomorrow",
        "discount_amount": "Save $20.00"
      },
      {
        "position": 15,
        "surface": "catalog-grid",
        "name": "EcoSync Smart Plug Kit",
        "brand": "EcoSync",
        "price": 34.99,
        "currency": "USD",
        "old_price": 44.99,
        "has_markdown": true,
        "badge": "22% OFF",
        "discount_pct": 22,
        "availability": "in-stock",
        "sponsored": false,
        "delivery_promise": "FREE delivery Tomorrow",
        "discount_amount": "Save $10.00"
      }
    ],
    "t3": {
      "total_products": 15,
      "sponsored_count": 0,
      "organic_count": 15,
      "discounted_count": 15,
      "full_price_count": 0,
      "out_of_stock_count": 0,
      "low_stock_count": 0,
      "discount_pct_min": 14,
      "discount_pct_max": 33,
      "discount_pct_median": 20,
      "price_min": 19.99,
      "price_max": 729.99,
      "price_currency": "USD"
    },
    "t4": {
      "hydration_events": [
        {
          "metric": "cart_hydration_time_ms",
          "value": 51
        }
      ],
      "result_count_stated": 15,
      "result_count_rendered": 15,
      "result_count_match": true,
      "css_hidden_blocks": [
        {
          "selector": "empty-results",
          "gated_copy": "⌕\n                                        No products found\n                                        ",
          "rendered": false
        }
      ],
      "metadata": {
        "meta_description": "Browse and filter all SHOPORA products."
      },
      "raw_url": "http://127.0.0.1:8080/category.html?category=electronics"
    }
  },
  "budget": {
    "bytes_used": 6029,
    "hard_cap": 51200,
    "tiers_dropped": []
  },
  "privacy_metadata": {
    "pii_scrubbing_version": "0.2.0",
    "local_scrubbing_applied": true,
    "inputs_scrubbed": true,
    "scripts_removed": true,
    "styles_removed": true,
    "persistent_storage_used": false
  }
}

--- [2026-08-29T08:20:36.878Z] PAYLOAD: interaction_events ---
{
  "envelope_type": "interaction_events",
  "schema_version": "0.2.0",
  "tag_version": "0.2.0",
  "client_id": "shopora-prod",
  "session_token": "300aef79-8ba0-4350-a8c7-6ed6cc260dae",
  "flush_id": "05822bde-ce90-4b90-b8e1-87a2adaaeb0b",
  "flush_reason": "time",
  "events": [
    {
      "event_id": "9ff8161c-9c45-4bcc-90d6-9fcc3bd85135",
      "event_type": "filter_applied",
      "timestamp": "2026-08-29T08:20:25.160Z",
      "page_type": "category",
      "page_url_path": "/category.html",
      "filter_type": "categoryFilters",
      "filter_value": "fashion",
      "active_filter_count_after": 1
    }
  ]
}

--- [2026-08-29T08:21:08.215Z] PAYLOAD: tier0-9 ---
{
  "schema_version": "0.2.0",
  "beacon_id": "1623b42a-cf9e-41db-840c-3792cbb3bce9",
  "client_id": "shopora-prod",
  "session_token": "3dbad3e0-2b91-4765-a2eb-9d03a6cbdb65",
  "tag_version": "0.2.0",
  "timestamp": "2026-08-29T08:21:08.129Z",
  "sampled": true,
  "page_type": "category",
  "page_url_path": "/category.html?category=electronics",
  "sequence_no": 1,
  "page_heading": "Electronics",
  "breadcrumb": [],
  "viewport": {
    "width": 887,
    "height": 949
  },
  "surface_id": "e15d6006-d98c-4764-9500-102c909900b4",
  "region": "en",
  "identity_summary": {
    "state": "unknown"
  },
  "visible_query": null,
  "program_match": null,
  "page": {
    "page_type": "category",
    "page_url": "http://127.0.0.1:8080/category.html?category=electronics"
  },
  "signals": {
    "t1": [
      {
        "position": 1,
        "surface": "catalog-grid",
        "name": "NeoCharge 20W Fast Charger",
        "brand": "NeoCharge",
        "price": 19.99,
        "currency": "USD",
        "old_price": 29.99,
        "has_markdown": true,
        "badge": "33% OFF",
        "discount_pct": 33,
        "availability": "in-stock",
        "sponsored": false,
        "delivery_promise": "FREE delivery Tomorrow",
        "discount_amount": "Save $10.00"
      },
      {
        "position": 2,
        "surface": "catalog-grid",
        "name": "PowerCore 10,000mAh Bank",
        "brand": "PowerCore",
        "price": 27.99,
        "currency": "USD",
        "old_price": 34.99,
        "has_markdown": true,
        "badge": "20% OFF",
        "discount_pct": 20,
        "availability": "in-stock",
        "sponsored": false,
        "delivery_promise": "FREE delivery Tomorrow",
        "discount_amount": "Save $7.00"
      },
      {
        "position": 3,
        "surface": "catalog-grid",
        "name": "ApexView 55\" 4K HDR Smart TV",
        "brand": "ApexView",
        "price": 499.99,
        "currency": "USD",
        "old_price": 599.99,
        "has_markdown": true,
        "badge": "17% OFF",
        "discount_pct": 17,
        "availability": "in-stock",
        "sponsored": false,
        "delivery_promise": "FREE delivery Tomorrow",
        "discount_amount": "Save $100.00"
      },
      {
        "position": 4,
        "surface": "catalog-grid",
        "name": "PulseTune Wireless Headphones",
        "brand": "PulseTune",
        "price": 89.99,
        "currency": "USD",
        "old_price": 119.99,
        "has_markdown": true,
        "badge": "25% OFF",
        "discount_pct": 25,
        "availability": "in-stock",
        "sponsored": false,
        "delivery_promise": "FREE delivery Tomorrow",
        "discount_amount": "Save $30.00"
      },
      {
        "position": 5,
        "surface": "catalog-grid",
        "name": "SnapCam 4K Action Camera",
        "brand": "SnapCam",
        "price": 159.99,
        "currency": "USD",
        "old_price": 199.99,
        "has_markdown": true,
        "badge": "20% OFF",
        "discount_pct": 20,
        "availability": "in-stock",
        "sponsored": false,
        "delivery_promise": "FREE delivery Tomorrow",
        "discount_amount": "Save $40.00"
      },
      {
        "position": 6,
        "surface": "catalog-grid",
        "name": "SwiftPad Tablet 10.5\"",
        "brand": "SwiftPad",
        "price": 219.99,
        "currency": "USD",
        "old_price": 259.99,
        "has_markdown": true,
        "badge": "15% OFF",
        "discount_pct": 15,
        "availability": "in-stock",
        "sponsored": false,
        "delivery_promise": "FREE delivery Tomorrow",
        "discount_amount": "Save $40.00"
      },
      {
        "position": 7,
        "surface": "catalog-grid",
        "name": "Orbit Pro Gaming Mouse",
        "brand": "Orbit",
        "price": 29.99,
        "currency": "USD",
        "old_price": 39.99,
        "has_markdown": true,
        "badge": "25% OFF",
        "discount_pct": 25,
        "availability": "in-stock",
        "sponsored": false,
        "delivery_promise": "FREE delivery Tomorrow",
        "discount_amount": "Save $10.00"
      },
      {
        "position": 8,
        "surface": "catalog-grid",
        "name": "SecureView Indoor Camera",
        "brand": "SecureView",
        "price": 54.99,
        "currency": "USD",
        "old_price": 69.99,
        "has_markdown": true,
        "badge": "21% OFF",
        "discount_pct": 21,
        "availability": "in-stock",
        "sponsored": false,
        "delivery_promise": "FREE delivery Tomorrow",
        "discount_amount": "Save $15.00"
      },
      {
        "position": 9,
        "surface": "catalog-grid",
        "name": "VoltMax 15.6\" Laptop",
        "brand": "VoltMax",
        "price": 729.99,
        "currency": "USD",
        "old_price": 849.99,
        "has_markdown": true,
        "badge": "14% OFF",
        "discount_pct": 14,
        "availability": "in-stock",
        "sponsored": false,
        "delivery_promise": "FREE delivery Tomorrow",
        "discount_amount": "Save $120.00"
      },
      {
        "position": 10,
        "surface": "catalog-grid",
        "name": "TunePod True Wireless Earbuds",
        "brand": "TunePod",
        "price": 59.99,
        "currency": "USD",
        "old_price": 79.99,
        "has_markdown": true,
        "badge": "25% OFF",
        "discount_pct": 25,
        "availability": "in-stock",
        "sponsored": false,
        "delivery_promise": "FREE delivery Tomorrow",
        "discount_amount": "Save $20.00"
      },
      {
        "position": 11,
        "surface": "catalog-grid",
        "name": "VisionPro 24\" Monitor",
        "brand": "VisionPro",
        "price": 149.99,
        "currency": "USD",
        "old_price": 179.99,
        "has_markdown": true,
        "badge": "17% OFF",
        "discount_pct": 17,
        "availability": "in-stock",
        "sponsored": false,
        "delivery_promise": "FREE delivery Tomorrow",
        "discount_amount": "Save $30.00"
      },
      {
        "position": 12,
        "surface": "catalog-grid",
        "name": "StudioLight LED Desk Lamp",
        "brand": "StudioLight",
        "price": 24.99,
        "currency": "USD",
        "old_price": 31.99,
        "has_markdown": true,
        "badge": "22% OFF",
        "discount_pct": 22,
        "availability": "in-stock",
        "sponsored": false,
        "delivery_promise": "FREE delivery Tomorrow",
        "discount_amount": "Save $7.00"
      },
      {
        "position": 13,
        "surface": "catalog-grid",
        "name": "AeroSound Bluetooth Speaker",
        "brand": "AeroSound",
        "price": 39.99,
        "currency": "USD",
        "old_price": 49.99,
        "has_markdown": true,
        "badge": "20% OFF",
        "discount_pct": 20,
        "availability": "in-stock",
        "sponsored": false,
        "delivery_promise": "FREE delivery Tomorrow",
        "discount_amount": "Save $10.00"
      },
      {
        "position": 14,
        "surface": "catalog-grid",
        "name": "HomeHub Wi-Fi Router",
        "brand": "HomeHub",
        "price": 79.99,
        "currency": "USD",
        "old_price": 99.99,
        "has_markdown": true,
        "badge": "20% OFF",
        "discount_pct": 20,
        "availability": "in-stock",
        "sponsored": false,
        "delivery_promise": "FREE delivery Tomorrow",
        "discount_amount": "Save $20.00"
      },
      {
        "position": 15,
        "surface": "catalog-grid",
        "name": "EcoSync Smart Plug Kit",
        "brand": "EcoSync",
        "price": 34.99,
        "currency": "USD",
        "old_price": 44.99,
        "has_markdown": true,
        "badge": "22% OFF",
        "discount_pct": 22,
        "availability": "in-stock",
        "sponsored": false,
        "delivery_promise": "FREE delivery Tomorrow",
        "discount_amount": "Save $10.00"
      }
    ],
    "t3": {
      "total_products": 15,
      "sponsored_count": 0,
      "organic_count": 15,
      "discounted_count": 15,
      "full_price_count": 0,
      "out_of_stock_count": 0,
      "low_stock_count": 0,
      "discount_pct_min": 14,
      "discount_pct_max": 33,
      "discount_pct_median": 20,
      "price_min": 19.99,
      "price_max": 729.99,
      "price_currency": "USD"
    },
    "t4": {
      "hydration_events": [
        {
          "metric": "cart_hydration_time_ms",
          "value": 67
        }
      ],
      "result_count_stated": 15,
      "result_count_rendered": 15,
      "result_count_match": true,
      "css_hidden_blocks": [
        {
          "selector": "empty-results",
          "gated_copy": "⌕\n                                        No products found\n                                        ",
          "rendered": false
        }
      ],
      "metadata": {
        "meta_description": "Browse and filter all SHOPORA products."
      },
      "raw_url": "http://127.0.0.1:8080/category.html?category=electronics"
    }
  },
  "budget": {
    "bytes_used": 6029,
    "hard_cap": 51200,
    "tiers_dropped": []
  },
  "privacy_metadata": {
    "pii_scrubbing_version": "0.2.0",
    "local_scrubbing_applied": true,
    "inputs_scrubbed": true,
    "scripts_removed": true,
    "styles_removed": true,
    "persistent_storage_used": false
  }
}

--- [2026-08-29T08:21:16.351Z] PAYLOAD: interaction_events ---
{
  "envelope_type": "interaction_events",
  "schema_version": "0.2.0",
  "tag_version": "0.2.0",
  "client_id": "shopora-prod",
  "session_token": "3dbad3e0-2b91-4765-a2eb-9d03a6cbdb65",
  "flush_id": "2f3d92aa-8ffa-45ef-a468-8d668a0abe79",
  "flush_reason": "unload",
  "events": [
    {
      "event_id": "4dcf1273-84a1-4e3c-8c61-dfb856bce35b",
      "event_type": "filter_applied",
      "timestamp": "2026-08-29T08:21:14.673Z",
      "page_type": "category",
      "page_url_path": "/category.html",
      "filter_type": "categoryFilters",
      "filter_value": "home",
      "active_filter_count_after": 1
    }
  ]
}

--- [2026-08-29T08:36:00.114Z] PAYLOAD: tier0-9 ---
{
  "schema_version": "0.2.0",
  "beacon_id": "1a43622a-dd05-4c46-88f6-01a62298b717",
  "client_id": "shopora-prod",
  "session_token": "0774fc3f-ab32-4914-a5c6-893704bb6a47",
  "tag_version": "0.2.0",
  "timestamp": "2026-08-29T08:36:00.092Z",
  "sampled": true,
  "page_type": "cart",
  "page_url_path": "/cart.html",
  "sequence_no": 1,
  "page_heading": "Shopping cart",
  "breadcrumb": [],
  "viewport": {
    "width": 887,
    "height": 949
  },
  "surface_id": "cd897897-6bde-4a9d-86c4-cf5e6c36d265",
  "region": "en",
  "identity_summary": {
    "state": "unknown"
  },
  "visible_query": null,
  "program_match": null,
  "page": {
    "page_type": "cart",
    "page_url": "http://127.0.0.1:8080/cart.html"
  },
  "signals": {
    "t1": [],
    "t2": {
      "page_context": "cart",
      "line_items": [
        {
          "name": "NeoCharge 20W Fast Charger",
          "quantity": 1,
          "line_total": "$19.99",
          "price": "$19.99",
          "old_price": "$29.99",
          "discount": "33% off"
        }
      ],
      "subtotal": "$19.99",
      "total": "$24.99",
      "savings_shown": "$10.00",
      "delivery_cost": "$5.00",
      "subtotal_numeric": 19.99,
      "total_numeric": 24.99,
      "savings_numeric": 10,
      "delivery_numeric": 5,
      "item_count": 1,
      "promo_field_state": "hidden",
      "promo_field_present": true,
      "checkout_reachable": true,
      "shipping_bar_shown": true,
      "loyalty_balance_rendered": false,
      "promotions": [
        {
          "name": "",
          "amount": "-$0.00"
        }
      ],
      "shipping_threshold_message": "Add $15.01 more for FREE delivery",
      "free_shipping_eligibility": "not-eligible",
      "free_shipping_threshold_value": 15.01
    },
    "t4": {
      "hydration_events": [
        {
          "metric": "cart_hydration_time_ms",
          "value": 200
        }
      ],
      "cart_math_match": true,
      "css_hidden_blocks": [
        {
          "selector": "summary-row savings",
          "gated_copy": "Promo\n                                        () Remove-$0.00",
          "rendered": false
        }
      ],
      "raw_url": "http://127.0.0.1:8080/cart.html"
    }
  },
  "budget": {
    "bytes_used": 1438,
    "hard_cap": 51200,
    "tiers_dropped": []
  },
  "privacy_metadata": {
    "pii_scrubbing_version": "0.2.0",
    "local_scrubbing_applied": true,
    "inputs_scrubbed": true,
    "scripts_removed": true,
    "styles_removed": true,
    "persistent_storage_used": false
  }
}

--- [2026-08-29T08:36:16.499Z] PAYLOAD: tier0-9 ---
{
  "schema_version": "0.2.0",
  "beacon_id": "bc1a662b-049b-4bb5-b329-f203fe1e990a",
  "client_id": "shopora-prod",
  "session_token": "4727d6a3-bd8a-47fc-9a22-fa8011a012c5",
  "tag_version": "0.2.0",
  "timestamp": "2026-08-29T08:36:16.484Z",
  "sampled": true,
  "page_type": "homepage",
  "page_url_path": "/index.html",
  "sequence_no": 1,
  "page_heading": "Upgrade your everyday for less.",
  "breadcrumb": [],
  "viewport": {
    "width": 887,
    "height": 949
  },
  "surface_id": "cb5add80-1b13-47d8-b7cc-ec31d801ac3a",
  "region": "en",
  "identity_summary": {
    "state": "unknown"
  },
  "visible_query": null,
  "program_match": null,
  "page": {
    "page_type": "homepage",
    "page_url": "http://127.0.0.1:8080/index.html"
  },
  "signals": {
    "t1": [
      {
        "position": 1,
        "surface": "featured",
        "name": "VoltMax 15.6\" Laptop",
        "brand": "VoltMax",
        "price": 729.99,
        "currency": "USD",
        "old_price": 849.99,
        "has_markdown": true,
        "badge": "14% OFF",
        "discount_pct": 14,
        "availability": "in-stock",
        "sponsored": false,
        "delivery_promise": "FREE delivery Tomorrow",
        "discount_amount": "Save $120.00"
      },
      {
        "position": 2,
        "surface": "featured",
        "name": "PulseTune Wireless Headphones",
        "brand": "PulseTune",
        "price": 89.99,
        "currency": "USD",
        "old_price": 119.99,
        "has_markdown": true,
        "badge": "25% OFF",
        "discount_pct": 25,
        "availability": "in-stock",
        "sponsored": false,
        "delivery_promise": "FREE delivery Tomorrow",
        "discount_amount": "Save $30.00"
      },
      {
        "position": 3,
        "surface": "featured",
        "name": "Luna Cotton Graphic Tee",
        "brand": "Luna",
        "price": 18.99,
        "currency": "USD",
        "old_price": 24.99,
        "has_markdown": true,
        "badge": "24% OFF",
        "discount_pct": 24,
        "availability": "in-stock",
        "sponsored": false,
        "delivery_promise": "FREE delivery Tomorrow",
        "discount_amount": "Save $6.00"
      },
      {
        "position": 4,
        "surface": "featured",
        "name": "MetroStride Running Shoes",
        "brand": "MetroStride",
        "price": 74.99,
        "currency": "USD",
        "old_price": 94.99,
        "has_markdown": true,
        "badge": "21% OFF",
        "discount_pct": 21,
        "availability": "in-stock",
        "sponsored": false,
        "delivery_promise": "FREE delivery Tomorrow",
        "discount_amount": "Save $20.00"
      },
      {
        "position": 5,
        "surface": "featured",
        "name": "OakLine Coffee Table",
        "brand": "OakLine",
        "price": 129.99,
        "currency": "USD",
        "old_price": 159.99,
        "has_markdown": true,
        "badge": "19% OFF",
        "discount_pct": 19,
        "availability": "in-stock",
        "sponsored": false,
        "delivery_promise": "FREE delivery Tomorrow",
        "discount_amount": "Save $30.00"
      },
      {
        "position": 6,
        "surface": "featured",
        "name": "SoftNest Throw Blanket",
        "brand": "SoftNest",
        "price": 27.99,
        "currency": "USD",
        "old_price": 35.99,
        "has_markdown": true,
        "badge": "22% OFF",
        "discount_pct": 22,
        "availability": "in-stock",
        "sponsored": false,
        "delivery_promise": "FREE delivery Tomorrow",
        "discount_amount": "Save $8.00"
      },
      {
        "position": 7,
        "surface": "featured",
        "name": "The Last Library",
        "brand": "The",
        "price": 14.99,
        "currency": "USD",
        "old_price": 19.99,
        "has_markdown": true,
        "badge": "25% OFF",
        "discount_pct": 25,
        "availability": "in-stock",
        "sponsored": false,
        "delivery_promise": "FREE delivery Tomorrow",
        "discount_amount": "Save $5.00"
      },
      {
        "position": 8,
        "surface": "featured",
        "name": "Coding for Everyone",
        "brand": "Coding",
        "price": 21.99,
        "currency": "USD",
        "old_price": 26.99,
        "has_markdown": true,
        "badge": "19% OFF",
        "discount_pct": 19,
        "availability": "in-stock",
        "sponsored": false,
        "delivery_promise": "FREE delivery Tomorrow",
        "discount_amount": "Save $5.00"
      }
    ],
    "t3": {
      "total_products": 8,
      "sponsored_count": 0,
      "organic_count": 8,
      "discounted_count": 8,
      "full_price_count": 0,
      "out_of_stock_count": 0,
      "low_stock_count": 0,
      "discount_pct_min": 14,
      "discount_pct_max": 25,
      "discount_pct_median": 22,
      "price_min": 14.99,
      "price_max": 729.99,
      "price_currency": "USD"
    },
    "t4": {
      "hydration_events": [
        {
          "metric": "cart_hydration_time_ms",
          "value": 0
        }
      ],
      "css_hidden_blocks": [
        {
          "selector": "sr-only",
          "gated_copy": "Email address",
          "rendered": false
        }
      ],
      "metadata": {
        "meta_description": "Shop electronics, fashion, home essentials and books at SHOPORA with fast delivery and secure checkout."
      },
      "raw_url": "http://127.0.0.1:8080/index.html"
    }
  },
  "budget": {
    "bytes_used": 3581,
    "hard_cap": 51200,
    "tiers_dropped": []
  },
  "privacy_metadata": {
    "pii_scrubbing_version": "0.2.0",
    "local_scrubbing_applied": true,
    "inputs_scrubbed": true,
    "scripts_removed": true,
    "styles_removed": true,
    "persistent_storage_used": false
  }
}

--- [2026-08-29T08:36:24.696Z] PAYLOAD: tier0-9 ---
{
  "schema_version": "0.2.0",
  "beacon_id": "38183117-a649-4354-8896-8059d7827932",
  "client_id": "shopora-prod",
  "session_token": "26208e44-d30c-49a2-8400-735a473933b4",
  "tag_version": "0.2.0",
  "timestamp": "2026-08-29T08:36:24.652Z",
  "sampled": true,
  "page_type": "category",
  "page_url_path": "/category.html?category=home",
  "sequence_no": 1,
  "page_heading": "Home Decor",
  "breadcrumb": [],
  "viewport": {
    "width": 887,
    "height": 949
  },
  "surface_id": "0ad68c30-8a51-4eab-ba0b-0968ac3e2e38",
  "region": "en",
  "identity_summary": {
    "state": "unknown"
  },
  "visible_query": null,
  "program_match": null,
  "page": {
    "page_type": "category",
    "page_url": "http://127.0.0.1:8080/category.html?category=home"
  },
  "signals": {
    "t1": [
      {
        "position": 1,
        "surface": "catalog-grid",
        "name": "SoftNest Throw Blanket",
        "brand": "SoftNest",
        "price": 27.99,
        "currency": "USD",
        "old_price": 35.99,
        "has_markdown": true,
        "badge": "22% OFF",
        "discount_pct": 22,
        "availability": "in-stock",
        "sponsored": false,
        "delivery_promise": "FREE delivery Tomorrow",
        "discount_amount": "Save $8.00"
      },
      {
        "position": 2,
        "surface": "catalog-grid",
        "name": "PebbleBath Towel Set",
        "brand": "PebbleBath",
        "price": 31.99,
        "currency": "USD",
        "old_price": 41.99,
        "has_markdown": true,
        "badge": "24% OFF",
        "discount_pct": 24,
        "availability": "in-stock",
        "sponsored": false,
        "delivery_promise": "FREE delivery Tomorrow",
        "discount_amount": "Save $10.00"
      },
      {
        "position": 3,
        "surface": "catalog-grid",
        "name": "OakLine Coffee Table",
        "brand": "OakLine",
        "price": 129.99,
        "currency": "USD",
        "old_price": 159.99,
        "has_markdown": true,
        "badge": "19% OFF",
        "discount_pct": 19,
        "availability": "in-stock",
        "sponsored": false,
        "delivery_promise": "FREE delivery Tomorrow",
        "discount_amount": "Save $30.00"
      },
      {
        "position": 4,
        "surface": "catalog-grid",
        "name": "SparkStone Candle Set",
        "brand": "SparkStone",
        "price": 22.99,
        "currency": "USD",
        "old_price": 28.99,
        "has_markdown": true,
        "badge": "21% OFF",
        "discount_pct": 21,
        "availability": "in-stock",
        "sponsored": false,
        "delivery_promise": "FREE delivery Tomorrow",
        "discount_amount": "Save $6.00"
      },
      {
        "position": 5,
        "surface": "catalog-grid",
        "name": "LuxeGlow Table Lamp",
        "brand": "LuxeGlow",
        "price": 39.99,
        "currency": "USD",
        "old_price": 49.99,
        "has_markdown": true,
        "badge": "20% OFF",
        "discount_pct": 20,
        "availability": "in-stock",
        "sponsored": false,
        "delivery_promise": "FREE delivery Tomorrow",
        "discount_amount": "Save $10.00"
      },
      {
        "position": 6,
        "surface": "catalog-grid",
        "name": "MarbleTone Side Table",
        "brand": "MarbleTone",
        "price": 74.99,
        "currency": "USD",
        "old_price": 94.99,
        "has_markdown": true,
        "badge": "21% OFF",
        "discount_pct": 21,
        "availability": "in-stock",
        "sponsored": false,
        "delivery_promise": "FREE delivery Tomorrow",
        "discount_amount": "Save $20.00"
      },
      {
        "position": 7,
        "surface": "catalog-grid",
        "name": "NestGrid Storage Basket",
        "brand": "NestGrid",
        "price": 19.99,
        "currency": "USD",
        "old_price": 25.99,
        "has_markdown": true,
        "badge": "23% OFF",
        "discount_pct": 23,
        "availability": "in-stock",
        "sponsored": false,
        "delivery_promise": "FREE delivery Tomorrow",
        "discount_amount": "Save $6.00"
      },
      {
        "position": 8,
        "surface": "catalog-grid",
        "name": "AuraMirror Wall Mirror",
        "brand": "AuraMirror",
        "price": 59.99,
        "currency": "USD",
        "old_price": 74.99,
        "has_markdown": true,
        "badge": "20% OFF",
        "discount_pct": 20,
        "availability": "in-stock",
        "sponsored": false,
        "delivery_promise": "FREE delivery Tomorrow",
        "discount_amount": "Save $15.00"
      },
      {
        "position": 9,
        "surface": "catalog-grid",
        "name": "FrameLine Wall Art Set",
        "brand": "FrameLine",
        "price": 44.99,
        "currency": "USD",
        "old_price": 56.99,
        "has_markdown": true,
        "badge": "21% OFF",
        "discount_pct": 21,
        "availability": "in-stock",
        "sponsored": false,
        "delivery_promise": "FREE delivery Tomorrow",
        "discount_amount": "Save $12.00"
      },
      {
        "position": 10,
        "surface": "catalog-grid",
        "name": "SlateLine Shelf Organizer",
        "brand": "SlateLine",
        "price": 26.99,
        "currency": "USD",
        "old_price": 34.99,
        "has_markdown": true,
        "badge": "23% OFF",
        "discount_pct": 23,
        "availability": "in-stock",
        "sponsored": false,
        "delivery_promise": "FREE delivery Tomorrow",
        "discount_amount": "Save $8.00"
      },
      {
        "position": 11,
        "surface": "catalog-grid",
        "name": "Cinder Ceramic Vase",
        "brand": "Cinder",
        "price": 24.99,
        "currency": "USD",
        "old_price": 31.99,
        "has_markdown": true,
        "badge": "22% OFF",
        "discount_pct": 22,
        "availability": "in-stock",
        "sponsored": false,
        "delivery_promise": "FREE delivery Tomorrow",
        "discount_amount": "Save $7.00"
      },
      {
        "position": 12,
        "surface": "catalog-grid",
        "name": "PureDrop Humidifier",
        "brand": "PureDrop",
        "price": 49.99,
        "currency": "USD",
        "old_price": 64.99,
        "has_markdown": true,
        "badge": "23% OFF",
        "discount_pct": 23,
        "availability": "in-stock",
        "sponsored": false,
        "delivery_promise": "FREE delivery Tomorrow",
        "discount_amount": "Save $15.00"
      },
      {
        "position": 13,
        "surface": "catalog-grid",
        "name": "CloudSeat Cushion Set",
        "brand": "CloudSeat",
        "price": 29.99,
        "currency": "USD",
        "old_price": 38.99,
        "has_markdown": true,
        "badge": "23% OFF",
        "discount_pct": 23,
        "availability": "in-stock",
        "sponsored": false,
        "delivery_promise": "FREE delivery Tomorrow",
        "discount_amount": "Save $9.00"
      },
      {
        "position": 14,
        "surface": "catalog-grid",
        "name": "BreezeCurtain Panel Pair",
        "brand": "BreezeCurtain",
        "price": 34.99,
        "currency": "USD",
        "old_price": 44.99,
        "has_markdown": true,
        "badge": "22% OFF",
        "discount_pct": 22,
        "availability": "in-stock",
        "sponsored": false,
        "delivery_promise": "FREE delivery Tomorrow",
        "discount_amount": "Save $10.00"
      },
      {
        "position": 15,
        "surface": "catalog-grid",
        "name": "KitchenBloom Herb Planter",
        "brand": "KitchenBloom",
        "price": 18.99,
        "currency": "USD",
        "old_price": 24.99,
        "has_markdown": true,
        "badge": "24% OFF",
        "discount_pct": 24,
        "availability": "in-stock",
        "sponsored": false,
        "delivery_promise": "FREE delivery Tomorrow",
        "discount_amount": "Save $6.00"
      }
    ],
    "t3": {
      "total_products": 15,
      "sponsored_count": 0,
      "organic_count": 15,
      "discounted_count": 15,
      "full_price_count": 0,
      "out_of_stock_count": 0,
      "low_stock_count": 0,
      "discount_pct_min": 19,
      "discount_pct_max": 24,
      "discount_pct_median": 22,
      "price_min": 18.99,
      "price_max": 129.99,
      "price_currency": "USD"
    },
    "t4": {
      "hydration_events": [
        {
          "metric": "cart_hydration_time_ms",
          "value": 46
        }
      ],
      "result_count_stated": 15,
      "result_count_rendered": 15,
      "result_count_match": true,
      "css_hidden_blocks": [
        {
          "selector": "empty-results",
          "gated_copy": "⌕\n                                        No products found\n                                        ",
          "rendered": false
        }
      ],
      "metadata": {
        "meta_description": "Browse and filter all SHOPORA products."
      },
      "raw_url": "http://127.0.0.1:8080/category.html?category=home"
    }
  },
  "budget": {
    "bytes_used": 5970,
    "hard_cap": 51200,
    "tiers_dropped": []
  },
  "privacy_metadata": {
    "pii_scrubbing_version": "0.2.0",
    "local_scrubbing_applied": true,
    "inputs_scrubbed": true,
    "scripts_removed": true,
    "styles_removed": true,
    "persistent_storage_used": false
  }
}

--- [2026-08-30T11:03:01.831Z] PAYLOAD: tier0-9 ---
{
  "schema_version": "0.2.0",
  "beacon_id": "a9bffd7f-343e-478c-b79f-2b0bc3decd53",
  "client_id": "shopora-prod",
  "session_token": "0c204e6a-62b0-44e5-9495-535cb3700f12",
  "tag_version": "0.2.0",
  "timestamp": "2026-08-30T11:03:01.812Z",
  "sampled": true,
  "page_type": "homepage",
  "page_url_path": "/index.html",
  "sequence_no": 1,
  "page_heading": "Upgrade your everyday for less.",
  "breadcrumb": [],
  "viewport": {
    "width": 887,
    "height": 949
  },
  "surface_id": "86f935e6-8c5e-45b8-8b9d-0a0eb889bf08",
  "region": "en",
  "identity_summary": {
    "state": "unknown"
  },
  "visible_query": null,
  "program_match": null,
  "page": {
    "page_type": "homepage",
    "page_url": "http://127.0.0.1:8080/index.html"
  },
  "signals": {
    "t1": [
      {
        "position": 1,
        "surface": "featured",
        "name": "VoltMax 15.6\" Laptop",
        "brand": "VoltMax",
        "price": 729.99,
        "currency": "USD",
        "old_price": 849.99,
        "has_markdown": true,
        "badge": "14% OFF",
        "discount_pct": 14,
        "availability": "in-stock",
        "sponsored": false,
        "delivery_promise": "FREE delivery Tomorrow",
        "discount_amount": "Save $120.00"
      },
      {
        "position": 2,
        "surface": "featured",
        "name": "PulseTune Wireless Headphones",
        "brand": "PulseTune",
        "price": 89.99,
        "currency": "USD",
        "old_price": 119.99,
        "has_markdown": true,
        "badge": "25% OFF",
        "discount_pct": 25,
        "availability": "in-stock",
        "sponsored": false,
        "delivery_promise": "FREE delivery Tomorrow",
        "discount_amount": "Save $30.00"
      },
      {
        "position": 3,
        "surface": "featured",
        "name": "Luna Cotton Graphic Tee",
        "brand": "Luna",
        "price": 18.99,
        "currency": "USD",
        "old_price": 24.99,
        "has_markdown": true,
        "badge": "24% OFF",
        "discount_pct": 24,
        "availability": "in-stock",
        "sponsored": false,
        "delivery_promise": "FREE delivery Tomorrow",
        "discount_amount": "Save $6.00"
      },
      {
        "position": 4,
        "surface": "featured",
        "name": "MetroStride Running Shoes",
        "brand": "MetroStride",
        "price": 74.99,
        "currency": "USD",
        "old_price": 94.99,
        "has_markdown": true,
        "badge": "21% OFF",
        "discount_pct": 21,
        "availability": "in-stock",
        "sponsored": false,
        "delivery_promise": "FREE delivery Tomorrow",
        "discount_amount": "Save $20.00"
      },
      {
        "position": 5,
        "surface": "featured",
        "name": "OakLine Coffee Table",
        "brand": "OakLine",
        "price": 129.99,
        "currency": "USD",
        "old_price": 159.99,
        "has_markdown": true,
        "badge": "19% OFF",
        "discount_pct": 19,
        "availability": "in-stock",
        "sponsored": false,
        "delivery_promise": "FREE delivery Tomorrow",
        "discount_amount": "Save $30.00"
      },
      {
        "position": 6,
        "surface": "featured",
        "name": "SoftNest Throw Blanket",
        "brand": "SoftNest",
        "price": 27.99,
        "currency": "USD",
        "old_price": 35.99,
        "has_markdown": true,
        "badge": "22% OFF",
        "discount_pct": 22,
        "availability": "in-stock",
        "sponsored": false,
        "delivery_promise": "FREE delivery Tomorrow",
        "discount_amount": "Save $8.00"
      },
      {
        "position": 7,
        "surface": "featured",
        "name": "The Last Library",
        "brand": "The",
        "price": 14.99,
        "currency": "USD",
        "old_price": 19.99,
        "has_markdown": true,
        "badge": "25% OFF",
        "discount_pct": 25,
        "availability": "in-stock",
        "sponsored": false,
        "delivery_promise": "FREE delivery Tomorrow",
        "discount_amount": "Save $5.00"
      },
      {
        "position": 8,
        "surface": "featured",
        "name": "Coding for Everyone",
        "brand": "Coding",
        "price": 21.99,
        "currency": "USD",
        "old_price": 26.99,
        "has_markdown": true,
        "badge": "19% OFF",
        "discount_pct": 19,
        "availability": "in-stock",
        "sponsored": false,
        "delivery_promise": "FREE delivery Tomorrow",
        "discount_amount": "Save $5.00"
      }
    ],
    "t3": {
      "total_products": 8,
      "sponsored_count": 0,
      "organic_count": 8,
      "discounted_count": 8,
      "full_price_count": 0,
      "out_of_stock_count": 0,
      "low_stock_count": 0,
      "discount_pct_min": 14,
      "discount_pct_max": 25,
      "discount_pct_median": 22,
      "price_min": 14.99,
      "price_max": 729.99,
      "price_currency": "USD"
    },
    "t4": {
      "hydration_events": [
        {
          "metric": "cart_hydration_time_ms",
          "value": 1
        }
      ],
      "css_hidden_blocks": [
        {
          "selector": "sr-only",
          "gated_copy": "Email address",
          "rendered": false
        }
      ],
      "metadata": {
        "meta_description": "Shop electronics, fashion, home essentials and books at SHOPORA with fast delivery and secure checkout."
      },
      "raw_url": "http://127.0.0.1:8080/index.html"
    }
  },
  "budget": {
    "bytes_used": 3581,
    "hard_cap": 51200,
    "tiers_dropped": []
  },
  "privacy_metadata": {
    "pii_scrubbing_version": "0.2.0",
    "local_scrubbing_applied": true,
    "inputs_scrubbed": true,
    "scripts_removed": true,
    "styles_removed": true,
    "persistent_storage_used": false
  }
}

--- [2026-08-30T11:03:16.842Z] PAYLOAD: interaction_events ---
{
  "envelope_type": "interaction_events",
  "schema_version": "0.2.0",
  "tag_version": "0.2.0",
  "client_id": "shopora-prod",
  "session_token": "0c204e6a-62b0-44e5-9495-535cb3700f12",
  "flush_id": "de7021b3-6cfe-4a1c-acf5-551c754c1116",
  "flush_reason": "immediate_navigation",
  "events": [
    {
      "event_id": "8bf6df3a-7613-4700-b6a7-d509bd7ccbe2",
      "event_type": "search_submitted",
      "timestamp": "2026-08-30T11:03:16.774Z",
      "page_type": "homepage",
      "page_url_path": "/",
      "query": "table",
      "category_scope": "All",
      "submission_surface": "header-search"
    }
  ]
}

--- [2026-08-30T11:03:17.183Z] PAYLOAD: tier0-9 ---
{
  "schema_version": "0.2.0",
  "beacon_id": "2ce58216-1c1e-4f90-be67-af7b7747dcb5",
  "client_id": "shopora-prod",
  "session_token": "36de09f9-f3f2-4525-83b9-5a4582005f44",
  "tag_version": "0.2.0",
  "timestamp": "2026-08-30T11:03:17.113Z",
  "sampled": true,
  "page_type": "category",
  "page_url_path": "/category.html?q=table",
  "sequence_no": 1,
  "page_heading": "Search results for \"table\"",
  "breadcrumb": [],
  "viewport": {
    "width": 887,
    "height": 949
  },
  "surface_id": "c8dca0a8-51f5-4792-a05b-c0617bb6397e",
  "region": "en",
  "identity_summary": {
    "state": "unknown"
  },
  "visible_query": "table",
  "program_match": null,
  "page": {
    "page_type": "category",
    "page_url": "http://127.0.0.1:8080/category.html?q=table"
  },
  "signals": {
    "t1": [
      {
        "position": 1,
        "surface": "catalog-grid",
        "name": "OakLine Coffee Table",
        "brand": "OakLine",
        "price": 129.99,
        "currency": "USD",
        "old_price": 159.99,
        "has_markdown": true,
        "badge": "19% OFF",
        "discount_pct": 19,
        "availability": "in-stock",
        "sponsored": false,
        "delivery_promise": "FREE delivery Tomorrow",
        "discount_amount": "Save $30.00"
      },
      {
        "position": 2,
        "surface": "catalog-grid",
        "name": "LuxeGlow Table Lamp",
        "brand": "LuxeGlow",
        "price": 39.99,
        "currency": "USD",
        "old_price": 49.99,
        "has_markdown": true,
        "badge": "20% OFF",
        "discount_pct": 20,
        "availability": "in-stock",
        "sponsored": false,
        "delivery_promise": "FREE delivery Tomorrow",
        "discount_amount": "Save $10.00"
      },
      {
        "position": 3,
        "surface": "catalog-grid",
        "name": "MarbleTone Side Table",
        "brand": "MarbleTone",
        "price": 74.99,
        "currency": "USD",
        "old_price": 94.99,
        "has_markdown": true,
        "badge": "21% OFF",
        "discount_pct": 21,
        "availability": "in-stock",
        "sponsored": false,
        "delivery_promise": "FREE delivery Tomorrow",
        "discount_amount": "Save $20.00"
      }
    ],
    "t3": {
      "total_products": 3,
      "sponsored_count": 0,
      "organic_count": 3,
      "discounted_count": 3,
      "full_price_count": 0,
      "out_of_stock_count": 0,
      "low_stock_count": 0,
      "discount_pct_min": 19,
      "discount_pct_max": 21,
      "discount_pct_median": 20,
      "price_min": 39.99,
      "price_max": 129.99,
      "price_currency": "USD"
    },
    "t4": {
      "hydration_events": [
        {
          "metric": "cart_hydration_time_ms",
          "value": 35
        }
      ],
      "result_count_stated": 3,
      "result_count_rendered": 3,
      "result_count_match": true,
      "css_hidden_blocks": [
        {
          "selector": "empty-results",
          "gated_copy": "⌕\n                                        No products found\n                                        ",
          "rendered": false
        }
      ],
      "metadata": {
        "meta_description": "Browse and filter all SHOPORA products."
      },
      "raw_url": "http://127.0.0.1:8080/category.html?q=table"
    }
  },
  "budget": {
    "bytes_used": 2168,
    "hard_cap": 51200,
    "tiers_dropped": []
  },
  "privacy_metadata": {
    "pii_scrubbing_version": "0.2.0",
    "local_scrubbing_applied": true,
    "inputs_scrubbed": true,
    "scripts_removed": true,
    "styles_removed": true,
    "persistent_storage_used": false
  }
}

--- [2026-08-30T11:03:47.010Z] PAYLOAD: interaction_events ---
{
  "envelope_type": "interaction_events",
  "schema_version": "0.2.0",
  "tag_version": "0.2.0",
  "client_id": "shopora-prod",
  "session_token": "36de09f9-f3f2-4525-83b9-5a4582005f44",
  "flush_id": "d9db2c3e-12e0-44cd-998e-a0d684caf896",
  "flush_reason": "time",
  "events": [
    {
      "event_id": "9401de8b-af91-4a13-904e-f4ca06a4708d",
      "event_type": "filter_applied",
      "timestamp": "2026-08-30T11:03:36.222Z",
      "page_type": "category",
      "page_url_path": "/category.html",
      "filter_type": "unknown",
      "filter_value": "electronics",
      "active_filter_count_after": 1
    }
  ]
}

--- [2026-08-30T11:04:17.006Z] PAYLOAD: interaction_events ---
{
  "envelope_type": "interaction_events",
  "schema_version": "0.2.0",
  "tag_version": "0.2.0",
  "client_id": "shopora-prod",
  "session_token": "36de09f9-f3f2-4525-83b9-5a4582005f44",
  "flush_id": "b033ddf2-a9e9-4f1f-bac7-6921edb827cc",
  "flush_reason": "time",
  "events": [
    {
      "event_id": "cd06742b-c785-43a9-a591-aaa4377e52cc",
      "event_type": "sort_changed",
      "timestamp": "2026-08-30T11:04:02.522Z",
      "page_type": "category",
      "page_url_path": "/category.html",
      "sort_value": "price-high"
    }
  ]
}

--- [2026-08-30T11:06:48.994Z] PAYLOAD: tier0-9 ---
{
  "schema_version": "0.2.0",
  "beacon_id": "04cf72e0-0ea9-4b97-9248-ddf9b73791eb",
  "client_id": "shopora-prod",
  "session_token": "294b1a80-5238-4f3f-b2fa-323b1982f5cc",
  "tag_version": "0.2.0",
  "timestamp": "2026-08-30T11:06:48.973Z",
  "sampled": true,
  "page_type": "homepage",
  "page_url_path": "/index.html",
  "sequence_no": 1,
  "page_heading": "Upgrade your everyday for less.",
  "breadcrumb": [],
  "viewport": {
    "width": 887,
    "height": 949
  },
  "surface_id": "c8347976-adb3-4e85-836c-cbc9b70a9685",
  "region": "en",
  "identity_summary": {
    "state": "unknown"
  },
  "visible_query": null,
  "program_match": null,
  "page": {
    "page_type": "homepage",
    "page_url": "http://localhost:8080/index.html"
  },
  "signals": {
    "t1": [
      {
        "position": 1,
        "surface": "featured",
        "name": "VoltMax 15.6\" Laptop",
        "brand": "VoltMax",
        "price": 729.99,
        "currency": "USD",
        "old_price": 849.99,
        "has_markdown": true,
        "badge": "14% OFF",
        "discount_pct": 14,
        "availability": "in-stock",
        "sponsored": false,
        "delivery_promise": "FREE delivery Tomorrow",
        "discount_amount": "Save $120.00"
      },
      {
        "position": 2,
        "surface": "featured",
        "name": "PulseTune Wireless Headphones",
        "brand": "PulseTune",
        "price": 89.99,
        "currency": "USD",
        "old_price": 119.99,
        "has_markdown": true,
        "badge": "25% OFF",
        "discount_pct": 25,
        "availability": "in-stock",
        "sponsored": false,
        "delivery_promise": "FREE delivery Tomorrow",
        "discount_amount": "Save $30.00"
      },
      {
        "position": 3,
        "surface": "featured",
        "name": "Luna Cotton Graphic Tee",
        "brand": "Luna",
        "price": 18.99,
        "currency": "USD",
        "old_price": 24.99,
        "has_markdown": true,
        "badge": "24% OFF",
        "discount_pct": 24,
        "availability": "in-stock",
        "sponsored": false,
        "delivery_promise": "FREE delivery Tomorrow",
        "discount_amount": "Save $6.00"
      },
      {
        "position": 4,
        "surface": "featured",
        "name": "MetroStride Running Shoes",
        "brand": "MetroStride",
        "price": 74.99,
        "currency": "USD",
        "old_price": 94.99,
        "has_markdown": true,
        "badge": "21% OFF",
        "discount_pct": 21,
        "availability": "in-stock",
        "sponsored": false,
        "delivery_promise": "FREE delivery Tomorrow",
        "discount_amount": "Save $20.00"
      },
      {
        "position": 5,
        "surface": "featured",
        "name": "OakLine Coffee Table",
        "brand": "OakLine",
        "price": 129.99,
        "currency": "USD",
        "old_price": 159.99,
        "has_markdown": true,
        "badge": "19% OFF",
        "discount_pct": 19,
        "availability": "in-stock",
        "sponsored": false,
        "delivery_promise": "FREE delivery Tomorrow",
        "discount_amount": "Save $30.00"
      },
      {
        "position": 6,
        "surface": "featured",
        "name": "SoftNest Throw Blanket",
        "brand": "SoftNest",
        "price": 27.99,
        "currency": "USD",
        "old_price": 35.99,
        "has_markdown": true,
        "badge": "22% OFF",
        "discount_pct": 22,
        "availability": "in-stock",
        "sponsored": false,
        "delivery_promise": "FREE delivery Tomorrow",
        "discount_amount": "Save $8.00"
      },
      {
        "position": 7,
        "surface": "featured",
        "name": "The Last Library",
        "brand": "The",
        "price": 14.99,
        "currency": "USD",
        "old_price": 19.99,
        "has_markdown": true,
        "badge": "25% OFF",
        "discount_pct": 25,
        "availability": "in-stock",
        "sponsored": false,
        "delivery_promise": "FREE delivery Tomorrow",
        "discount_amount": "Save $5.00"
      },
      {
        "position": 8,
        "surface": "featured",
        "name": "Coding for Everyone",
        "brand": "Coding",
        "price": 21.99,
        "currency": "USD",
        "old_price": 26.99,
        "has_markdown": true,
        "badge": "19% OFF",
        "discount_pct": 19,
        "availability": "in-stock",
        "sponsored": false,
        "delivery_promise": "FREE delivery Tomorrow",
        "discount_amount": "Save $5.00"
      }
    ],
    "t3": {
      "total_products": 8,
      "sponsored_count": 0,
      "organic_count": 8,
      "discounted_count": 8,
      "full_price_count": 0,
      "out_of_stock_count": 0,
      "low_stock_count": 0,
      "discount_pct_min": 14,
      "discount_pct_max": 25,
      "discount_pct_median": 22,
      "price_min": 14.99,
      "price_max": 729.99,
      "price_currency": "USD"
    },
    "t4": {
      "hydration_events": [
        {
          "metric": "cart_hydration_time_ms",
          "value": 1
        }
      ],
      "css_hidden_blocks": [
        {
          "selector": "sr-only",
          "gated_copy": "Email address",
          "rendered": false
        }
      ],
      "metadata": {
        "meta_description": "Shop electronics, fashion, home essentials and books at SHOPORA with fast delivery and secure checkout."
      },
      "raw_url": "http://localhost:8080/index.html"
    }
  },
  "budget": {
    "bytes_used": 3581,
    "hard_cap": 51200,
    "tiers_dropped": []
  },
  "privacy_metadata": {
    "pii_scrubbing_version": "0.2.0",
    "local_scrubbing_applied": true,
    "inputs_scrubbed": true,
    "scripts_removed": true,
    "styles_removed": true,
    "persistent_storage_used": false
  }
}

--- [2026-08-30T11:08:12.882Z] PAYLOAD: interaction_events ---
{
  "envelope_type": "interaction_events",
  "schema_version": "0.2.0",
  "tag_version": "0.2.0",
  "client_id": "shopora-prod",
  "session_token": "294b1a80-5238-4f3f-b2fa-323b1982f5cc",
  "flush_id": "4516a1d5-a557-407e-acb8-0192073ab58d",
  "flush_reason": "immediate_navigation",
  "events": [
    {
      "event_id": "6f46c83f-6cdf-4e31-ae9f-17c403fcdeeb",
      "event_type": "product_card_clicked",
      "timestamp": "2026-08-30T11:08:12.870Z",
      "page_type": "homepage",
      "page_url_path": "/",
      "sku": "ho-1",
      "surface": "catalog-grid",
      "position": 5,
      "price": 129.99,
      "currency": "USD"
    }
  ]
}

--- [2026-08-30T11:08:13.270Z] PAYLOAD: tier0-9 ---
{
  "schema_version": "0.2.0",
  "beacon_id": "ac223f79-39a8-4241-a208-e9cf18ebe3ae",
  "client_id": "shopora-prod",
  "session_token": "1e083536-e63b-4568-8dd3-2de964cf2d84",
  "tag_version": "0.2.0",
  "timestamp": "2026-08-30T11:08:13.237Z",
  "sampled": true,
  "page_type": "pdp",
  "page_url_path": "/pdp.html?id=ho-1",
  "sequence_no": 1,
  "page_heading": "OakLine Coffee Table",
  "breadcrumb": [
    "HOME /",
    "HOME /",
    "OAKLINE"
  ],
  "viewport": {
    "width": 887,
    "height": 949
  },
  "surface_id": "df8c1e0e-eb07-4fe9-856b-483a234b36b0",
  "region": "en",
  "identity_summary": {
    "state": "unknown"
  },
  "visible_query": null,
  "program_match": null,
  "page": {
    "page_type": "pdp",
    "page_url": "http://localhost:8080/pdp.html?id=ho-1"
  },
  "signals": {
    "t1": [
      {
        "position": 1,
        "surface": "hero",
        "name": "Product Specifications",
        "brand": "OakLine Official",
        "price": 129.99,
        "currency": "USD",
        "old_price": 159.99,
        "has_markdown": true,
        "badge": "SAVE 19%",
        "discount_pct": 19,
        "availability": "in-stock",
        "sponsored": false,
        "delivery_promise": "Order within 5 hrs",
        "visible_category_words": [
          "home"
        ],
        "badges": [
          "• High Demand"
        ]
      }
    ],
    "t4": {
      "hydration_events": [
        {
          "metric": "cart_hydration_time_ms",
          "value": 0
        }
      ],
      "css_hidden_blocks": [
        {
          "selector": "pdp-accordion-content",
          "gated_copy": "Standard Delivery: 3-5 business days. Free for orders over $50.\n                \n                \n  ",
          "rendered": false
        }
      ],
      "raw_url": "http://localhost:8080/pdp.html?id=ho-1"
    }
  },
  "budget": {
    "bytes_used": 1154,
    "hard_cap": 51200,
    "tiers_dropped": []
  },
  "privacy_metadata": {
    "pii_scrubbing_version": "0.2.0",
    "local_scrubbing_applied": true,
    "inputs_scrubbed": true,
    "scripts_removed": true,
    "styles_removed": true,
    "persistent_storage_used": false
  }
}

--- [2026-08-30T11:10:47.269Z] PAYLOAD: tier0-9 ---
{
  "schema_version": "0.2.0",
  "beacon_id": "f0936661-fe96-4d10-a831-678b7c84fc95",
  "client_id": "shopora-prod",
  "session_token": "0521310b-c0cf-428b-a6bd-c3297ef70806",
  "tag_version": "0.2.0",
  "timestamp": "2026-08-30T11:10:47.239Z",
  "sampled": true,
  "page_type": "category",
  "page_url_path": "/category.html?category=electronics",
  "sequence_no": 1,
  "page_heading": "Electronics",
  "breadcrumb": [],
  "viewport": {
    "width": 887,
    "height": 949
  },
  "surface_id": "1998fe70-208e-40bb-8a4b-81ad6efb4438",
  "region": "en",
  "identity_summary": {
    "state": "unknown"
  },
  "visible_query": null,
  "program_match": null,
  "page": {
    "page_type": "category",
    "page_url": "http://localhost:8080/category.html?category=electronics"
  },
  "signals": {
    "t1": [
      {
        "position": 1,
        "surface": "catalog-grid",
        "name": "NeoCharge 20W Fast Charger",
        "brand": "NeoCharge",
        "price": 19.99,
        "currency": "USD",
        "old_price": 29.99,
        "has_markdown": true,
        "badge": "33% OFF",
        "discount_pct": 33,
        "availability": "in-stock",
        "sponsored": false,
        "delivery_promise": "FREE delivery Tomorrow",
        "discount_amount": "Save $10.00"
      },
      {
        "position": 2,
        "surface": "catalog-grid",
        "name": "PowerCore 10,000mAh Bank",
        "brand": "PowerCore",
        "price": 27.99,
        "currency": "USD",
        "old_price": 34.99,
        "has_markdown": true,
        "badge": "20% OFF",
        "discount_pct": 20,
        "availability": "in-stock",
        "sponsored": false,
        "delivery_promise": "FREE delivery Tomorrow",
        "discount_amount": "Save $7.00"
      },
      {
        "position": 3,
        "surface": "catalog-grid",
        "name": "ApexView 55\" 4K HDR Smart TV",
        "brand": "ApexView",
        "price": 499.99,
        "currency": "USD",
        "old_price": 599.99,
        "has_markdown": true,
        "badge": "17% OFF",
        "discount_pct": 17,
        "availability": "in-stock",
        "sponsored": false,
        "delivery_promise": "FREE delivery Tomorrow",
        "discount_amount": "Save $100.00"
      },
      {
        "position": 4,
        "surface": "catalog-grid",
        "name": "PulseTune Wireless Headphones",
        "brand": "PulseTune",
        "price": 89.99,
        "currency": "USD",
        "old_price": 119.99,
        "has_markdown": true,
        "badge": "25% OFF",
        "discount_pct": 25,
        "availability": "in-stock",
        "sponsored": false,
        "delivery_promise": "FREE delivery Tomorrow",
        "discount_amount": "Save $30.00"
      },
      {
        "position": 5,
        "surface": "catalog-grid",
        "name": "SnapCam 4K Action Camera",
        "brand": "SnapCam",
        "price": 159.99,
        "currency": "USD",
        "old_price": 199.99,
        "has_markdown": true,
        "badge": "20% OFF",
        "discount_pct": 20,
        "availability": "in-stock",
        "sponsored": false,
        "delivery_promise": "FREE delivery Tomorrow",
        "discount_amount": "Save $40.00"
      },
      {
        "position": 6,
        "surface": "catalog-grid",
        "name": "SwiftPad Tablet 10.5\"",
        "brand": "SwiftPad",
        "price": 219.99,
        "currency": "USD",
        "old_price": 259.99,
        "has_markdown": true,
        "badge": "15% OFF",
        "discount_pct": 15,
        "availability": "in-stock",
        "sponsored": false,
        "delivery_promise": "FREE delivery Tomorrow",
        "discount_amount": "Save $40.00"
      },
      {
        "position": 7,
        "surface": "catalog-grid",
        "name": "Orbit Pro Gaming Mouse",
        "brand": "Orbit",
        "price": 29.99,
        "currency": "USD",
        "old_price": 39.99,
        "has_markdown": true,
        "badge": "25% OFF",
        "discount_pct": 25,
        "availability": "in-stock",
        "sponsored": false,
        "delivery_promise": "FREE delivery Tomorrow",
        "discount_amount": "Save $10.00"
      },
      {
        "position": 8,
        "surface": "catalog-grid",
        "name": "SecureView Indoor Camera",
        "brand": "SecureView",
        "price": 54.99,
        "currency": "USD",
        "old_price": 69.99,
        "has_markdown": true,
        "badge": "21% OFF",
        "discount_pct": 21,
        "availability": "in-stock",
        "sponsored": false,
        "delivery_promise": "FREE delivery Tomorrow",
        "discount_amount": "Save $15.00"
      },
      {
        "position": 9,
        "surface": "catalog-grid",
        "name": "VoltMax 15.6\" Laptop",
        "brand": "VoltMax",
        "price": 729.99,
        "currency": "USD",
        "old_price": 849.99,
        "has_markdown": true,
        "badge": "14% OFF",
        "discount_pct": 14,
        "availability": "in-stock",
        "sponsored": false,
        "delivery_promise": "FREE delivery Tomorrow",
        "discount_amount": "Save $120.00"
      },
      {
        "position": 10,
        "surface": "catalog-grid",
        "name": "TunePod True Wireless Earbuds",
        "brand": "TunePod",
        "price": 59.99,
        "currency": "USD",
        "old_price": 79.99,
        "has_markdown": true,
        "badge": "25% OFF",
        "discount_pct": 25,
        "availability": "in-stock",
        "sponsored": false,
        "delivery_promise": "FREE delivery Tomorrow",
        "discount_amount": "Save $20.00"
      },
      {
        "position": 11,
        "surface": "catalog-grid",
        "name": "VisionPro 24\" Monitor",
        "brand": "VisionPro",
        "price": 149.99,
        "currency": "USD",
        "old_price": 179.99,
        "has_markdown": true,
        "badge": "17% OFF",
        "discount_pct": 17,
        "availability": "in-stock",
        "sponsored": false,
        "delivery_promise": "FREE delivery Tomorrow",
        "discount_amount": "Save $30.00"
      },
      {
        "position": 12,
        "surface": "catalog-grid",
        "name": "StudioLight LED Desk Lamp",
        "brand": "StudioLight",
        "price": 24.99,
        "currency": "USD",
        "old_price": 31.99,
        "has_markdown": true,
        "badge": "22% OFF",
        "discount_pct": 22,
        "availability": "in-stock",
        "sponsored": false,
        "delivery_promise": "FREE delivery Tomorrow",
        "discount_amount": "Save $7.00"
      },
      {
        "position": 13,
        "surface": "catalog-grid",
        "name": "AeroSound Bluetooth Speaker",
        "brand": "AeroSound",
        "price": 39.99,
        "currency": "USD",
        "old_price": 49.99,
        "has_markdown": true,
        "badge": "20% OFF",
        "discount_pct": 20,
        "availability": "in-stock",
        "sponsored": false,
        "delivery_promise": "FREE delivery Tomorrow",
        "discount_amount": "Save $10.00"
      },
      {
        "position": 14,
        "surface": "catalog-grid",
        "name": "HomeHub Wi-Fi Router",
        "brand": "HomeHub",
        "price": 79.99,
        "currency": "USD",
        "old_price": 99.99,
        "has_markdown": true,
        "badge": "20% OFF",
        "discount_pct": 20,
        "availability": "in-stock",
        "sponsored": false,
        "delivery_promise": "FREE delivery Tomorrow",
        "discount_amount": "Save $20.00"
      },
      {
        "position": 15,
        "surface": "catalog-grid",
        "name": "EcoSync Smart Plug Kit",
        "brand": "EcoSync",
        "price": 34.99,
        "currency": "USD",
        "old_price": 44.99,
        "has_markdown": true,
        "badge": "22% OFF",
        "discount_pct": 22,
        "availability": "in-stock",
        "sponsored": false,
        "delivery_promise": "FREE delivery Tomorrow",
        "discount_amount": "Save $10.00"
      }
    ],
    "t3": {
      "total_products": 15,
      "sponsored_count": 0,
      "organic_count": 15,
      "discounted_count": 15,
      "full_price_count": 0,
      "out_of_stock_count": 0,
      "low_stock_count": 0,
      "discount_pct_min": 14,
      "discount_pct_max": 33,
      "discount_pct_median": 20,
      "price_min": 19.99,
      "price_max": 729.99,
      "price_currency": "USD"
    },
    "t4": {
      "hydration_events": [
        {
          "metric": "cart_hydration_time_ms",
          "value": 61
        }
      ],
      "result_count_stated": 15,
      "result_count_rendered": 15,
      "result_count_match": true,
      "css_hidden_blocks": [
        {
          "selector": "empty-results",
          "gated_copy": "⌕\n                                        No products found\n                                        ",
          "rendered": false
        }
      ],
      "metadata": {
        "meta_description": "Browse and filter all SHOPORA products."
      },
      "raw_url": "http://localhost:8080/category.html?category=electronics"
    }
  },
  "budget": {
    "bytes_used": 6029,
    "hard_cap": 51200,
    "tiers_dropped": []
  },
  "privacy_metadata": {
    "pii_scrubbing_version": "0.2.0",
    "local_scrubbing_applied": true,
    "inputs_scrubbed": true,
    "scripts_removed": true,
    "styles_removed": true,
    "persistent_storage_used": false
  }
}

--- [2026-08-30T11:11:02.105Z] PAYLOAD: interaction_events ---
{
  "envelope_type": "interaction_events",
  "schema_version": "0.2.0",
  "tag_version": "0.2.0",
  "client_id": "shopora-prod",
  "session_token": "0521310b-c0cf-428b-a6bd-c3297ef70806",
  "flush_id": "88ffb5db-06fb-4806-b98c-b0e5476bbf17",
  "flush_reason": "time",
  "events": [
    {
      "event_id": "5069ff30-dd7d-4b61-8b0b-583a55fdf572",
      "event_type": "filter_applied",
      "timestamp": "2026-08-30T11:11:01.139Z",
      "page_type": "category",
      "page_url_path": "/category.html",
      "filter_type": "unknown",
      "filter_value": "electronics",
      "active_filter_count_after": 1
    }
  ]
}

--- [2026-08-30T11:11:34.168Z] PAYLOAD: interaction_events ---
{
  "envelope_type": "interaction_events",
  "schema_version": "0.2.0",
  "tag_version": "0.2.0",
  "client_id": "shopora-prod",
  "session_token": "0521310b-c0cf-428b-a6bd-c3297ef70806",
  "flush_id": "e47b2dd0-e77c-49b4-8bdb-354eab43f79c",
  "flush_reason": "unload",
  "events": [
    {
      "event_id": "f9f5ebe5-48d4-4dbe-ad8c-5b450edfb3c6",
      "event_type": "sort_changed",
      "timestamp": "2026-08-30T11:11:33.084Z",
      "page_type": "category",
      "page_url_path": "/category.html",
      "sort_value": "price-low"
    }
  ]
}

--- [2026-08-30T11:12:43.172Z] PAYLOAD: interaction_events ---
{
  "envelope_type": "interaction_events",
  "schema_version": "0.2.0",
  "tag_version": "0.2.0",
  "client_id": "shopora-prod",
  "session_token": "0521310b-c0cf-428b-a6bd-c3297ef70806",
  "flush_id": "5c4e2061-5a02-44ca-a7ee-54f172fce3d8",
  "flush_reason": "unload",
  "events": [
    {
      "event_id": "a9244d50-099b-4504-99da-afd3dd08bfaa",
      "event_type": "add_to_cart",
      "timestamp": "2026-08-30T11:12:40.350Z",
      "page_type": "category",
      "page_url_path": "/category.html",
      "sku": null,
      "surface": "catalog-grid",
      "position": 1,
      "price": 19.99,
      "currency": "USD"
    },
    {
      "event_id": "6c337716-387d-4aca-bcce-ad61ca8f6924",
      "event_type": "add_to_cart",
      "timestamp": "2026-08-30T11:12:42.023Z",
      "page_type": "category",
      "page_url_path": "/category.html",
      "sku": null,
      "surface": "catalog-grid",
      "position": 2,
      "price": 24.99,
      "currency": "USD"
    }
  ]
}

--- [2026-08-30T11:12:59.067Z] PAYLOAD: tier0-9 ---
{
  "schema_version": "0.2.0",
  "beacon_id": "fa161095-cb09-4cc6-a06d-9d5ef274f36f",
  "client_id": "shopora-prod",
  "session_token": "d1c03a0f-cb07-4830-9eb1-d250b01e3642",
  "tag_version": "0.2.0",
  "timestamp": "2026-08-30T11:12:59.047Z",
  "sampled": true,
  "page_type": "cart",
  "page_url_path": "/cart.html",
  "sequence_no": 1,
  "page_heading": "Shopping cart",
  "breadcrumb": [],
  "viewport": {
    "width": 887,
    "height": 949
  },
  "surface_id": "7cce0354-6329-469a-bb68-e8fbdb586bf0",
  "region": "en",
  "identity_summary": {
    "state": "unknown"
  },
  "visible_query": null,
  "program_match": null,
  "page": {
    "page_type": "cart",
    "page_url": "http://localhost:8080/cart.html"
  },
  "signals": {
    "t1": [],
    "t2": {
      "page_context": "cart",
      "line_items": [
        {
          "name": "NeoCharge 20W Fast Charger",
          "quantity": 1,
          "line_total": "$19.99",
          "price": "$19.99",
          "old_price": "$29.99",
          "discount": "33% off"
        },
        {
          "name": "StudioLight LED Desk Lamp",
          "quantity": 1,
          "line_total": "$24.99",
          "price": "$24.99",
          "old_price": "$31.99",
          "discount": "22% off"
        }
      ],
      "subtotal": "$44.98",
      "total": "$44.98",
      "savings_shown": "$17.00",
      "delivery_cost": "FREE",
      "subtotal_numeric": 44.98,
      "total_numeric": 44.98,
      "savings_numeric": 17,
      "item_count": 2,
      "promo_field_state": "hidden",
      "promo_field_present": true,
      "checkout_reachable": true,
      "shipping_bar_shown": true,
      "loyalty_balance_rendered": false,
      "promotions": [
        {
          "name": "",
          "amount": "-$0.00"
        }
      ],
      "shipping_threshold_message": "✓ You unlocked FREE delivery!",
      "free_shipping_eligibility": "unknown"
    },
    "t4": {
      "hydration_events": [
        {
          "metric": "cart_hydration_time_ms",
          "value": 117
        }
      ],
      "cart_math_match": true,
      "css_hidden_blocks": [
        {
          "selector": "summary-row savings",
          "gated_copy": "Promo\n                                        () Remove-$0.00",
          "rendered": false
        }
      ],
      "raw_url": "http://localhost:8080/cart.html"
    }
  },
  "budget": {
    "bytes_used": 1500,
    "hard_cap": 51200,
    "tiers_dropped": []
  },
  "privacy_metadata": {
    "pii_scrubbing_version": "0.2.0",
    "local_scrubbing_applied": true,
    "inputs_scrubbed": true,
    "scripts_removed": true,
    "styles_removed": true,
    "persistent_storage_used": false
  }
}

--- [2026-08-30T11:13:15.727Z] PAYLOAD: interaction_events ---
{
  "envelope_type": "interaction_events",
  "schema_version": "0.2.0",
  "tag_version": "0.2.0",
  "client_id": "shopora-prod",
  "session_token": "d1c03a0f-cb07-4830-9eb1-d250b01e3642",
  "flush_id": "f633d7c4-1290-4554-acd7-f499fcca9583",
  "flush_reason": "unload",
  "events": [
    {
      "event_id": "5a3c070c-e807-4c94-a5b2-3fa1ea83a33a",
      "event_type": "quantity_changed",
      "timestamp": "2026-08-30T11:13:15.190Z",
      "page_type": "cart",
      "page_url_path": "/cart.html",
      "sku": "el-4",
      "quantity_before": 1,
      "quantity_after": 2,
      "line_total_before": "$19.99",
      "line_total_after": "$39.98"
    }
  ]
}

--- [2026-08-30T11:13:27.268Z] PAYLOAD: interaction_events ---
{
  "envelope_type": "interaction_events",
  "schema_version": "0.2.0",
  "tag_version": "0.2.0",
  "client_id": "shopora-prod",
  "session_token": "d1c03a0f-cb07-4830-9eb1-d250b01e3642",
  "flush_id": "771a191e-36d5-4e37-8c1e-d75aa90394d3",
  "flush_reason": "unload",
  "events": [
    {
      "event_id": "8898208f-a2b1-4baa-b0d1-ed0081622b76",
      "event_type": "remove_from_cart",
      "timestamp": "2026-08-30T11:13:26.090Z",
      "page_type": "cart",
      "page_url_path": "/cart.html",
      "sku": null,
      "quantity_before_remove": 1,
      "displayed_line_total": "$24.99"
    }
  ]
}

--- [2026-08-30T11:13:33.394Z] PAYLOAD: interaction_events ---
{
  "envelope_type": "interaction_events",
  "schema_version": "0.2.0",
  "tag_version": "0.2.0",
  "client_id": "shopora-prod",
  "session_token": "d1c03a0f-cb07-4830-9eb1-d250b01e3642",
  "flush_id": "1456d5e4-f083-4966-81c1-922b060555b7",
  "flush_reason": "unload",
  "events": [
    {
      "event_id": "9c5667f7-0141-4ed6-a9ef-c3a5499e2177",
      "event_type": "quantity_changed",
      "timestamp": "2026-08-30T11:13:33.018Z",
      "page_type": "cart",
      "page_url_path": "/cart.html",
      "sku": "el-4",
      "quantity_before": 2,
      "quantity_after": 1,
      "line_total_before": "$39.98",
      "line_total_after": "$19.99"
    }
  ]
}

--- [2026-08-30T11:13:38.843Z] PAYLOAD: interaction_events ---
{
  "envelope_type": "interaction_events",
  "schema_version": "0.2.0",
  "tag_version": "0.2.0",
  "client_id": "shopora-prod",
  "session_token": "d1c03a0f-cb07-4830-9eb1-d250b01e3642",
  "flush_id": "80bf39e2-cb95-4108-9f56-0323ddf3b837",
  "flush_reason": "immediate_navigation",
  "events": [
    {
      "event_id": "de7ad684-668a-4398-aa94-5713b8ceea4d",
      "event_type": "remove_from_cart",
      "timestamp": "2026-08-30T11:13:38.832Z",
      "page_type": "cart",
      "page_url_path": "/cart.html",
      "sku": "el-4",
      "quantity_before": 1,
      "quantity_after": 0,
      "line_total_before": "$19.99",
      "line_total_after": null
    }
  ]
}

--- [2026-08-30T11:36:30.815Z] PAYLOAD: tier0-9 ---
{
  "schema_version": "0.2.0",
  "beacon_id": "ce8d43e9-2d8c-428d-b1bd-7bc6d3adb3d6",
  "client_id": "shopora-prod",
  "session_token": "6437c25a-6284-412a-9a54-c1a52c8156e0",
  "tag_version": "0.2.0",
  "timestamp": "2026-08-30T11:36:30.772Z",
  "sampled": true,
  "page_type": "homepage",
  "page_url_path": "/index.html",
  "sequence_no": 1,
  "page_heading": "Upgrade your everyday for less.",
  "breadcrumb": [],
  "viewport": {
    "width": 889,
    "height": 950
  },
  "surface_id": "1cd6d11b-39b2-42e7-ba1e-e414f36d95df",
  "region": "en",
  "identity_summary": {
    "state": "unknown"
  },
  "visible_query": null,
  "program_match": null,
  "page": {
    "page_type": "homepage",
    "page_url": "http://localhost:8080/index.html"
  },
  "signals": {
    "t1": [
      {
        "position": 1,
        "surface": "featured",
        "name": "VoltMax 15.6\" Laptop",
        "brand": "VoltMax",
        "price": 729.99,
        "currency": "USD",
        "old_price": 849.99,
        "has_markdown": true,
        "badge": "14% OFF",
        "discount_pct": 14,
        "availability": "in-stock",
        "sponsored": false,
        "delivery_promise": "FREE delivery Tomorrow",
        "discount_amount": "Save $120.00"
      },
      {
        "position": 2,
        "surface": "featured",
        "name": "PulseTune Wireless Headphones",
        "brand": "PulseTune",
        "price": 89.99,
        "currency": "USD",
        "old_price": 119.99,
        "has_markdown": true,
        "badge": "25% OFF",
        "discount_pct": 25,
        "availability": "in-stock",
        "sponsored": false,
        "delivery_promise": "FREE delivery Tomorrow",
        "discount_amount": "Save $30.00"
      },
      {
        "position": 3,
        "surface": "featured",
        "name": "Luna Cotton Graphic Tee",
        "brand": "Luna",
        "price": 18.99,
        "currency": "USD",
        "old_price": 24.99,
        "has_markdown": true,
        "badge": "24% OFF",
        "discount_pct": 24,
        "availability": "in-stock",
        "sponsored": false,
        "delivery_promise": "FREE delivery Tomorrow",
        "discount_amount": "Save $6.00"
      },
      {
        "position": 4,
        "surface": "featured",
        "name": "MetroStride Running Shoes",
        "brand": "MetroStride",
        "price": 74.99,
        "currency": "USD",
        "old_price": 94.99,
        "has_markdown": true,
        "badge": "21% OFF",
        "discount_pct": 21,
        "availability": "in-stock",
        "sponsored": false,
        "delivery_promise": "FREE delivery Tomorrow",
        "discount_amount": "Save $20.00"
      },
      {
        "position": 5,
        "surface": "featured",
        "name": "OakLine Coffee Table",
        "brand": "OakLine",
        "price": 129.99,
        "currency": "USD",
        "old_price": 159.99,
        "has_markdown": true,
        "badge": "19% OFF",
        "discount_pct": 19,
        "availability": "in-stock",
        "sponsored": false,
        "delivery_promise": "FREE delivery Tomorrow",
        "discount_amount": "Save $30.00"
      },
      {
        "position": 6,
        "surface": "featured",
        "name": "SoftNest Throw Blanket",
        "brand": "SoftNest",
        "price": 27.99,
        "currency": "USD",
        "old_price": 35.99,
        "has_markdown": true,
        "badge": "22% OFF",
        "discount_pct": 22,
        "availability": "in-stock",
        "sponsored": false,
        "delivery_promise": "FREE delivery Tomorrow",
        "discount_amount": "Save $8.00"
      },
      {
        "position": 7,
        "surface": "featured",
        "name": "The Last Library",
        "brand": "The",
        "price": 14.99,
        "currency": "USD",
        "old_price": 19.99,
        "has_markdown": true,
        "badge": "25% OFF",
        "discount_pct": 25,
        "availability": "in-stock",
        "sponsored": false,
        "delivery_promise": "FREE delivery Tomorrow",
        "discount_amount": "Save $5.00"
      },
      {
        "position": 8,
        "surface": "featured",
        "name": "Coding for Everyone",
        "brand": "Coding",
        "price": 21.99,
        "currency": "USD",
        "old_price": 26.99,
        "has_markdown": true,
        "badge": "19% OFF",
        "discount_pct": 19,
        "availability": "in-stock",
        "sponsored": false,
        "delivery_promise": "FREE delivery Tomorrow",
        "discount_amount": "Save $5.00"
      }
    ],
    "t3": {
      "total_products": 8,
      "sponsored_count": 0,
      "organic_count": 8,
      "discounted_count": 8,
      "full_price_count": 0,
      "out_of_stock_count": 0,
      "low_stock_count": 0,
      "discount_pct_min": 14,
      "discount_pct_max": 25,
      "discount_pct_median": 22,
      "price_min": 14.99,
      "price_max": 729.99,
      "price_currency": "USD"
    },
    "t4": {
      "hydration_events": [
        {
          "metric": "cart_hydration_time_ms",
          "value": 0
        }
      ],
      "css_hidden_blocks": [
        {
          "selector": "sr-only",
          "gated_copy": "Email address",
          "rendered": false
        }
      ],
      "metadata": {
        "meta_description": "Shop electronics, fashion, home essentials and books at SHOPORA with fast delivery and secure checkout."
      },
      "raw_url": "http://localhost:8080/index.html"
    }
  },
  "budget": {
    "bytes_used": 3581,
    "hard_cap": 51200,
    "tiers_dropped": []
  },
  "privacy_metadata": {
    "pii_scrubbing_version": "0.2.0",
    "local_scrubbing_applied": true,
    "inputs_scrubbed": true,
    "scripts_removed": true,
    "styles_removed": true,
    "persistent_storage_used": false
  }
}

--- [2026-08-30T11:38:48.734Z] PAYLOAD: tier0-9 ---
{
  "schema_version": "0.2.0",
  "beacon_id": "d26d1169-d7ff-4ed7-b6b2-0898bc7a4da3",
  "client_id": "shopora-prod",
  "session_token": "10f1ebf8-8071-4c38-836e-9df27f9cde37",
  "tag_version": "0.2.0",
  "timestamp": "2026-08-30T11:38:48.718Z",
  "sampled": true,
  "page_type": "category",
  "page_url_path": "/category.html?category=fashion",
  "sequence_no": 1,
  "page_heading": "Fashion",
  "breadcrumb": [],
  "viewport": {
    "width": 889,
    "height": 950
  },
  "surface_id": "107d40b3-2fff-48ee-8afa-c11f2b9532f3",
  "region": "en",
  "identity_summary": {
    "state": "unknown"
  },
  "visible_query": null,
  "program_match": null,
  "page": {
    "page_type": "category",
    "page_url": "http://localhost:8080/category.html?category=fashion"
  },
  "signals": {
    "t1": [
      {
        "position": 1,
        "surface": "catalog-grid",
        "name": "MetroStride Running Shoes",
        "brand": "MetroStride",
        "price": 74.99,
        "currency": "USD",
        "old_price": 94.99,
        "has_markdown": true,
        "badge": "21% OFF",
        "discount_pct": 21,
        "availability": "in-stock",
        "sponsored": false,
        "delivery_promise": "FREE delivery Tomorrow",
        "discount_amount": "Save $20.00"
      },
      {
        "position": 2,
        "surface": "catalog-grid",
        "name": "UrbanWeave Denim Jacket",
        "brand": "UrbanWeave",
        "price": 54.99,
        "currency": "USD",
        "old_price": 69.99,
        "has_markdown": true,
        "badge": "21% OFF",
        "discount_pct": 21,
        "availability": "in-stock",
        "sponsored": false,
        "delivery_promise": "FREE delivery Tomorrow",
        "discount_amount": "Save $15.00"
      },
      {
        "position": 3,
        "surface": "catalog-grid",
        "name": "SilkLine Summer Dress",
        "brand": "SilkLine",
        "price": 48.99,
        "currency": "USD",
        "old_price": 59.99,
        "has_markdown": true,
        "badge": "18% OFF",
        "discount_pct": 18,
        "availability": "in-stock",
        "sponsored": false,
        "delivery_promise": "FREE delivery Tomorrow",
        "discount_amount": "Save $11.00"
      },
      {
        "position": 4,
        "surface": "catalog-grid",
        "name": "Halo Knit Sweater",
        "brand": "Halo",
        "price": 44.99,
        "currency": "USD",
        "old_price": 58.99,
        "has_markdown": true,
        "badge": "24% OFF",
        "discount_pct": 24,
        "availability": "in-stock",
        "sponsored": false,
        "delivery_promise": "FREE delivery Tomorrow",
        "discount_amount": "Save $14.00"
      },
      {
        "position": 5,
        "surface": "catalog-grid",
        "name": "Frontier Leather Belt",
        "brand": "Frontier",
        "price": 24.99,
        "currency": "USD",
        "old_price": 31.99,
        "has_markdown": true,
        "badge": "22% OFF",
        "discount_pct": 22,
        "availability": "in-stock",
        "sponsored": false,
        "delivery_promise": "FREE delivery Tomorrow",
        "discount_amount": "Save $7.00"
      },
      {
        "position": 6,
        "surface": "catalog-grid",
        "name": "Northline Hoodie",
        "brand": "Northline",
        "price": 42.99,
        "currency": "USD",
        "old_price": 54.99,
        "has_markdown": true,
        "badge": "22% OFF",
        "discount_pct": 22,
        "availability": "in-stock",
        "sponsored": false,
        "delivery_promise": "FREE delivery Tomorrow",
        "discount_amount": "Save $12.00"
      },
      {
        "position": 7,
        "surface": "catalog-grid",
        "name": "AeroTrack Joggers",
        "brand": "AeroTrack",
        "price": 33.99,
        "currency": "USD",
        "old_price": 43.99,
        "has_markdown": true,
        "badge": "23% OFF",
        "discount_pct": 23,
        "availability": "in-stock",
        "sponsored": false,
        "delivery_promise": "FREE delivery Tomorrow",
        "discount_amount": "Save $10.00"
      },
      {
        "position": 8,
        "surface": "catalog-grid",
        "name": "PrimeLayer Blazer",
        "brand": "PrimeLayer",
        "price": 89.99,
        "currency": "USD",
        "old_price": 109.99,
        "has_markdown": true,
        "badge": "18% OFF",
        "discount_pct": 18,
        "availability": "in-stock",
        "sponsored": false,
        "delivery_promise": "FREE delivery Tomorrow",
        "discount_amount": "Save $20.00"
      },
      {
        "position": 9,
        "surface": "catalog-grid",
        "name": "Luna Cotton Graphic Tee",
        "brand": "Luna",
        "price": 18.99,
        "currency": "USD",
        "old_price": 24.99,
        "has_markdown": true,
        "badge": "24% OFF",
        "discount_pct": 24,
        "availability": "in-stock",
        "sponsored": false,
        "delivery_promise": "FREE delivery Tomorrow",
        "discount_amount": "Save $6.00"
      },
      {
        "position": 10,
        "surface": "catalog-grid",
        "name": "CityFlow Backpack",
        "brand": "CityFlow",
        "price": 36.99,
        "currency": "USD",
        "old_price": 45.99,
        "has_markdown": true,
        "badge": "20% OFF",
        "discount_pct": 20,
        "availability": "in-stock",
        "sponsored": false,
        "delivery_promise": "FREE delivery Tomorrow",
        "discount_amount": "Save $9.00"
      },
      {
        "position": 11,
        "surface": "catalog-grid",
        "name": "ClassicFit Chino Pants",
        "brand": "ClassicFit",
        "price": 39.99,
        "currency": "USD",
        "old_price": 49.99,
        "has_markdown": true,
        "badge": "20% OFF",
        "discount_pct": 20,
        "availability": "in-stock",
        "sponsored": false,
        "delivery_promise": "FREE delivery Tomorrow",
        "discount_amount": "Save $10.00"
      },
      {
        "position": 12,
        "surface": "catalog-grid",
        "name": "Strata Formal Shirt",
        "brand": "Strata",
        "price": 31.99,
        "currency": "USD",
        "old_price": 39.99,
        "has_markdown": true,
        "badge": "20% OFF",
        "discount_pct": 20,
        "availability": "in-stock",
        "sponsored": false,
        "delivery_promise": "FREE delivery Tomorrow",
        "discount_amount": "Save $8.00"
      },
      {
        "position": 13,
        "surface": "catalog-grid",
        "name": "PulseFlex Training Shorts",
        "brand": "PulseFlex",
        "price": 22.99,
        "currency": "USD",
        "old_price": 29.99,
        "has_markdown": true,
        "badge": "23% OFF",
        "discount_pct": 23,
        "availability": "in-stock",
        "sponsored": false,
        "delivery_promise": "FREE delivery Tomorrow",
        "discount_amount": "Save $7.00"
      },
      {
        "position": 14,
        "surface": "catalog-grid",
        "name": "GlowStep Sandals",
        "brand": "GlowStep",
        "price": 28.99,
        "currency": "USD",
        "old_price": 36.99,
        "has_markdown": true,
        "badge": "22% OFF",
        "discount_pct": 22,
        "availability": "in-stock",
        "sponsored": false,
        "delivery_promise": "FREE delivery Tomorrow",
        "discount_amount": "Save $8.00"
      },
      {
        "position": 15,
        "surface": "catalog-grid",
        "name": "BloomWrap Scarf",
        "brand": "BloomWrap",
        "price": 16.99,
        "currency": "USD",
        "old_price": 21.99,
        "has_markdown": true,
        "badge": "23% OFF",
        "discount_pct": 23,
        "availability": "in-stock",
        "sponsored": false,
        "delivery_promise": "FREE delivery Tomorrow",
        "discount_amount": "Save $5.00"
      }
    ],
    "t3": {
      "total_products": 15,
      "sponsored_count": 0,
      "organic_count": 15,
      "discounted_count": 15,
      "full_price_count": 0,
      "out_of_stock_count": 0,
      "low_stock_count": 0,
      "discount_pct_min": 18,
      "discount_pct_max": 24,
      "discount_pct_median": 22,
      "price_min": 16.99,
      "price_max": 89.99,
      "price_currency": "USD"
    },
    "t4": {
      "hydration_events": [
        {
          "metric": "cart_hydration_time_ms",
          "value": 47
        }
      ],
      "result_count_stated": 15,
      "result_count_rendered": 15,
      "result_count_match": true,
      "css_hidden_blocks": [
        {
          "selector": "empty-results",
          "gated_copy": "⌕\n                                        No products found\n                                        ",
          "rendered": false
        }
      ],
      "metadata": {
        "meta_description": "Browse and filter all SHOPORA products."
      },
      "raw_url": "http://localhost:8080/category.html?category=fashion"
    }
  },
  "budget": {
    "bytes_used": 5928,
    "hard_cap": 51200,
    "tiers_dropped": []
  },
  "privacy_metadata": {
    "pii_scrubbing_version": "0.2.0",
    "local_scrubbing_applied": true,
    "inputs_scrubbed": true,
    "scripts_removed": true,
    "styles_removed": true,
    "persistent_storage_used": false
  }
}

--- [2026-08-30T11:39:03.558Z] PAYLOAD: interaction_events ---
{
  "envelope_type": "interaction_events",
  "schema_version": "0.2.0",
  "tag_version": "0.2.0",
  "client_id": "shopora-prod",
  "session_token": "10f1ebf8-8071-4c38-836e-9df27f9cde37",
  "flush_id": "1b45d6e0-0fe0-42aa-aa8b-e06d7c7b804d",
  "flush_reason": "time",
  "events": [
    {
      "event_id": "c0198ca8-a4ba-4c1d-858f-ef73e8ee63d2",
      "event_type": "filter_applied",
      "timestamp": "2026-08-30T11:38:51.336Z",
      "page_type": "category",
      "page_url_path": "/category.html",
      "filter_type": "unknown",
      "filter_value": "electronics",
      "active_filter_count_after": 1
    }
  ]
}

--- [2026-08-30T12:00:34.957Z] PAYLOAD: tier0-9 ---
{
  "schema_version": "0.2.0",
  "beacon_id": "147fed6c-7884-4809-a4bb-26d34d473c55",
  "client_id": "shopora-prod",
  "session_token": "4df7872d-688f-414b-bf8d-bbe80db07c63",
  "tag_version": "0.2.0",
  "timestamp": "2026-08-30T12:00:34.922Z",
  "sampled": true,
  "page_type": "homepage",
  "page_url_path": "/",
  "sequence_no": 1,
  "page_heading": "Upgrade your everyday for less.",
  "breadcrumb": [],
  "viewport": {
    "width": 889,
    "height": 950
  },
  "surface_id": "85efc6f4-21e0-44b0-bb2b-ef3130a90be9",
  "region": "en",
  "identity_summary": {
    "state": "unknown"
  },
  "visible_query": null,
  "program_match": null,
  "page": {
    "page_type": "homepage",
    "page_url": "http://127.0.0.1:8080/"
  },
  "signals": {
    "t1": [
      {
        "position": 1,
        "surface": "featured",
        "name": "VoltMax 15.6\" Laptop",
        "brand": "VoltMax",
        "price": 729.99,
        "currency": "USD",
        "old_price": 849.99,
        "has_markdown": true,
        "badge": "14% OFF",
        "discount_pct": 14,
        "availability": "in-stock",
        "sponsored": false,
        "delivery_promise": "FREE delivery Tomorrow",
        "discount_amount": "Save $120.00"
      },
      {
        "position": 2,
        "surface": "featured",
        "name": "PulseTune Wireless Headphones",
        "brand": "PulseTune",
        "price": 89.99,
        "currency": "USD",
        "old_price": 119.99,
        "has_markdown": true,
        "badge": "25% OFF",
        "discount_pct": 25,
        "availability": "in-stock",
        "sponsored": false,
        "delivery_promise": "FREE delivery Tomorrow",
        "discount_amount": "Save $30.00"
      },
      {
        "position": 3,
        "surface": "featured",
        "name": "Luna Cotton Graphic Tee",
        "brand": "Luna",
        "price": 18.99,
        "currency": "USD",
        "old_price": 24.99,
        "has_markdown": true,
        "badge": "24% OFF",
        "discount_pct": 24,
        "availability": "in-stock",
        "sponsored": false,
        "delivery_promise": "FREE delivery Tomorrow",
        "discount_amount": "Save $6.00"
      },
      {
        "position": 4,
        "surface": "featured",
        "name": "MetroStride Running Shoes",
        "brand": "MetroStride",
        "price": 74.99,
        "currency": "USD",
        "old_price": 94.99,
        "has_markdown": true,
        "badge": "21% OFF",
        "discount_pct": 21,
        "availability": "in-stock",
        "sponsored": false,
        "delivery_promise": "FREE delivery Tomorrow",
        "discount_amount": "Save $20.00"
      },
      {
        "position": 5,
        "surface": "featured",
        "name": "OakLine Coffee Table",
        "brand": "OakLine",
        "price": 129.99,
        "currency": "USD",
        "old_price": 159.99,
        "has_markdown": true,
        "badge": "19% OFF",
        "discount_pct": 19,
        "availability": "in-stock",
        "sponsored": false,
        "delivery_promise": "FREE delivery Tomorrow",
        "discount_amount": "Save $30.00"
      },
      {
        "position": 6,
        "surface": "featured",
        "name": "SoftNest Throw Blanket",
        "brand": "SoftNest",
        "price": 27.99,
        "currency": "USD",
        "old_price": 35.99,
        "has_markdown": true,
        "badge": "22% OFF",
        "discount_pct": 22,
        "availability": "in-stock",
        "sponsored": false,
        "delivery_promise": "FREE delivery Tomorrow",
        "discount_amount": "Save $8.00"
      },
      {
        "position": 7,
        "surface": "featured",
        "name": "The Last Library",
        "brand": "The",
        "price": 14.99,
        "currency": "USD",
        "old_price": 19.99,
        "has_markdown": true,
        "badge": "25% OFF",
        "discount_pct": 25,
        "availability": "in-stock",
        "sponsored": false,
        "delivery_promise": "FREE delivery Tomorrow",
        "discount_amount": "Save $5.00"
      },
      {
        "position": 8,
        "surface": "featured",
        "name": "Coding for Everyone",
        "brand": "Coding",
        "price": 21.99,
        "currency": "USD",
        "old_price": 26.99,
        "has_markdown": true,
        "badge": "19% OFF",
        "discount_pct": 19,
        "availability": "in-stock",
        "sponsored": false,
        "delivery_promise": "FREE delivery Tomorrow",
        "discount_amount": "Save $5.00"
      }
    ],
    "t3": {
      "total_products": 8,
      "sponsored_count": 0,
      "organic_count": 8,
      "discounted_count": 8,
      "full_price_count": 0,
      "out_of_stock_count": 0,
      "low_stock_count": 0,
      "discount_pct_min": 14,
      "discount_pct_max": 25,
      "discount_pct_median": 22,
      "price_min": 14.99,
      "price_max": 729.99,
      "price_currency": "USD"
    },
    "t4": {
      "hydration_events": [
        {
          "metric": "cart_hydration_time_ms",
          "value": 0
        }
      ],
      "css_hidden_blocks": [
        {
          "selector": "sr-only",
          "gated_copy": "Email address",
          "rendered": false
        }
      ],
      "metadata": {
        "meta_description": "Shop electronics, fashion, home essentials and books at SHOPORA with fast delivery and secure checkout."
      },
      "raw_url": "http://127.0.0.1:8080/"
    }
  },
  "budget": {
    "bytes_used": 3561,
    "hard_cap": 51200,
    "tiers_dropped": []
  },
  "privacy_metadata": {
    "pii_scrubbing_version": "0.2.0",
    "local_scrubbing_applied": true,
    "inputs_scrubbed": true,
    "scripts_removed": true,
    "styles_removed": true,
    "persistent_storage_used": false
  }
}

--- [2026-08-30T12:00:57.757Z] PAYLOAD: tier0-9 ---
{
  "schema_version": "0.2.0",
  "beacon_id": "2c2e3c5f-944b-451e-8194-0b14f49abbe1",
  "client_id": "shopora-prod",
  "session_token": "e4dc2867-45ae-444b-8b6c-1e81f2f2c7d9",
  "tag_version": "0.2.0",
  "timestamp": "2026-08-30T12:00:57.694Z",
  "sampled": true,
  "page_type": "homepage",
  "page_url_path": "/index.html",
  "sequence_no": 1,
  "page_heading": "Upgrade your everyday for less.",
  "breadcrumb": [],
  "viewport": {
    "width": 889,
    "height": 950
  },
  "surface_id": "3e472dca-4e16-4c18-8178-10243f24c85c",
  "region": "en",
  "identity_summary": {
    "state": "unknown"
  },
  "visible_query": null,
  "program_match": null,
  "page": {
    "page_type": "homepage",
    "page_url": "http://localhost:8080/index.html"
  },
  "signals": {
    "t1": [
      {
        "position": 1,
        "surface": "featured",
        "name": "VoltMax 15.6\" Laptop",
        "brand": "VoltMax",
        "price": 729.99,
        "currency": "USD",
        "old_price": 849.99,
        "has_markdown": true,
        "badge": "14% OFF",
        "discount_pct": 14,
        "availability": "in-stock",
        "sponsored": false,
        "delivery_promise": "FREE delivery Tomorrow",
        "discount_amount": "Save $120.00"
      },
      {
        "position": 2,
        "surface": "featured",
        "name": "PulseTune Wireless Headphones",
        "brand": "PulseTune",
        "price": 89.99,
        "currency": "USD",
        "old_price": 119.99,
        "has_markdown": true,
        "badge": "25% OFF",
        "discount_pct": 25,
        "availability": "in-stock",
        "sponsored": false,
        "delivery_promise": "FREE delivery Tomorrow",
        "discount_amount": "Save $30.00"
      },
      {
        "position": 3,
        "surface": "featured",
        "name": "Luna Cotton Graphic Tee",
        "brand": "Luna",
        "price": 18.99,
        "currency": "USD",
        "old_price": 24.99,
        "has_markdown": true,
        "badge": "24% OFF",
        "discount_pct": 24,
        "availability": "in-stock",
        "sponsored": false,
        "delivery_promise": "FREE delivery Tomorrow",
        "discount_amount": "Save $6.00"
      },
      {
        "position": 4,
        "surface": "featured",
        "name": "MetroStride Running Shoes",
        "brand": "MetroStride",
        "price": 74.99,
        "currency": "USD",
        "old_price": 94.99,
        "has_markdown": true,
        "badge": "21% OFF",
        "discount_pct": 21,
        "availability": "in-stock",
        "sponsored": false,
        "delivery_promise": "FREE delivery Tomorrow",
        "discount_amount": "Save $20.00"
      },
      {
        "position": 5,
        "surface": "featured",
        "name": "OakLine Coffee Table",
        "brand": "OakLine",
        "price": 129.99,
        "currency": "USD",
        "old_price": 159.99,
        "has_markdown": true,
        "badge": "19% OFF",
        "discount_pct": 19,
        "availability": "in-stock",
        "sponsored": false,
        "delivery_promise": "FREE delivery Tomorrow",
        "discount_amount": "Save $30.00"
      },
      {
        "position": 6,
        "surface": "featured",
        "name": "SoftNest Throw Blanket",
        "brand": "SoftNest",
        "price": 27.99,
        "currency": "USD",
        "old_price": 35.99,
        "has_markdown": true,
        "badge": "22% OFF",
        "discount_pct": 22,
        "availability": "in-stock",
        "sponsored": false,
        "delivery_promise": "FREE delivery Tomorrow",
        "discount_amount": "Save $8.00"
      },
      {
        "position": 7,
        "surface": "featured",
        "name": "The Last Library",
        "brand": "The",
        "price": 14.99,
        "currency": "USD",
        "old_price": 19.99,
        "has_markdown": true,
        "badge": "25% OFF",
        "discount_pct": 25,
        "availability": "in-stock",
        "sponsored": false,
        "delivery_promise": "FREE delivery Tomorrow",
        "discount_amount": "Save $5.00"
      },
      {
        "position": 8,
        "surface": "featured",
        "name": "Coding for Everyone",
        "brand": "Coding",
        "price": 21.99,
        "currency": "USD",
        "old_price": 26.99,
        "has_markdown": true,
        "badge": "19% OFF",
        "discount_pct": 19,
        "availability": "in-stock",
        "sponsored": false,
        "delivery_promise": "FREE delivery Tomorrow",
        "discount_amount": "Save $5.00"
      }
    ],
    "t3": {
      "total_products": 8,
      "sponsored_count": 0,
      "organic_count": 8,
      "discounted_count": 8,
      "full_price_count": 0,
      "out_of_stock_count": 0,
      "low_stock_count": 0,
      "discount_pct_min": 14,
      "discount_pct_max": 25,
      "discount_pct_median": 22,
      "price_min": 14.99,
      "price_max": 729.99,
      "price_currency": "USD"
    },
    "t4": {
      "hydration_events": [
        {
          "metric": "cart_hydration_time_ms",
          "value": 1
        }
      ],
      "css_hidden_blocks": [
        {
          "selector": "sr-only",
          "gated_copy": "Email address",
          "rendered": false
        }
      ],
      "metadata": {
        "meta_description": "Shop electronics, fashion, home essentials and books at SHOPORA with fast delivery and secure checkout."
      },
      "raw_url": "http://localhost:8080/index.html"
    }
  },
  "budget": {
    "bytes_used": 3581,
    "hard_cap": 51200,
    "tiers_dropped": []
  },
  "privacy_metadata": {
    "pii_scrubbing_version": "0.2.0",
    "local_scrubbing_applied": true,
    "inputs_scrubbed": true,
    "scripts_removed": true,
    "styles_removed": true,
    "persistent_storage_used": false
  }
}

--- [2026-08-30T12:03:49.112Z] PAYLOAD: tier0-9 ---
{
  "schema_version": "0.2.0",
  "beacon_id": "1b217f2f-1a4f-4c3e-a592-94cc5280efe3",
  "client_id": "shopora-prod",
  "session_token": "5fd37bfb-8831-4dbc-b70e-22f476de0f57",
  "tag_version": "0.2.0",
  "timestamp": "2026-08-30T12:03:49.098Z",
  "sampled": true,
  "page_type": "homepage",
  "page_url_path": "/index.html",
  "sequence_no": 1,
  "page_heading": "Upgrade your everyday for less.",
  "breadcrumb": [],
  "viewport": {
    "width": 889,
    "height": 950
  },
  "surface_id": "1b51d492-ba33-4960-ad7b-86e73f6ad33d",
  "region": "en",
  "identity_summary": {
    "state": "unknown"
  },
  "visible_query": null,
  "program_match": null,
  "page": {
    "page_type": "homepage",
    "page_url": "http://localhost:8080/index.html"
  },
  "signals": {
    "t1": [
      {
        "position": 1,
        "surface": "featured",
        "name": "VoltMax 15.6\" Laptop",
        "brand": "VoltMax",
        "price": 729.99,
        "currency": "USD",
        "old_price": 849.99,
        "has_markdown": true,
        "badge": "14% OFF",
        "discount_pct": 14,
        "availability": "in-stock",
        "sponsored": false,
        "delivery_promise": "FREE delivery Tomorrow",
        "discount_amount": "Save $120.00"
      },
      {
        "position": 2,
        "surface": "featured",
        "name": "PulseTune Wireless Headphones",
        "brand": "PulseTune",
        "price": 89.99,
        "currency": "USD",
        "old_price": 119.99,
        "has_markdown": true,
        "badge": "25% OFF",
        "discount_pct": 25,
        "availability": "in-stock",
        "sponsored": false,
        "delivery_promise": "FREE delivery Tomorrow",
        "discount_amount": "Save $30.00"
      },
      {
        "position": 3,
        "surface": "featured",
        "name": "Luna Cotton Graphic Tee",
        "brand": "Luna",
        "price": 18.99,
        "currency": "USD",
        "old_price": 24.99,
        "has_markdown": true,
        "badge": "24% OFF",
        "discount_pct": 24,
        "availability": "in-stock",
        "sponsored": false,
        "delivery_promise": "FREE delivery Tomorrow",
        "discount_amount": "Save $6.00"
      },
      {
        "position": 4,
        "surface": "featured",
        "name": "MetroStride Running Shoes",
        "brand": "MetroStride",
        "price": 74.99,
        "currency": "USD",
        "old_price": 94.99,
        "has_markdown": true,
        "badge": "21% OFF",
        "discount_pct": 21,
        "availability": "in-stock",
        "sponsored": false,
        "delivery_promise": "FREE delivery Tomorrow",
        "discount_amount": "Save $20.00"
      },
      {
        "position": 5,
        "surface": "featured",
        "name": "OakLine Coffee Table",
        "brand": "OakLine",
        "price": 129.99,
        "currency": "USD",
        "old_price": 159.99,
        "has_markdown": true,
        "badge": "19% OFF",
        "discount_pct": 19,
        "availability": "in-stock",
        "sponsored": false,
        "delivery_promise": "FREE delivery Tomorrow",
        "discount_amount": "Save $30.00"
      },
      {
        "position": 6,
        "surface": "featured",
        "name": "SoftNest Throw Blanket",
        "brand": "SoftNest",
        "price": 27.99,
        "currency": "USD",
        "old_price": 35.99,
        "has_markdown": true,
        "badge": "22% OFF",
        "discount_pct": 22,
        "availability": "in-stock",
        "sponsored": false,
        "delivery_promise": "FREE delivery Tomorrow",
        "discount_amount": "Save $8.00"
      },
      {
        "position": 7,
        "surface": "featured",
        "name": "The Last Library",
        "brand": "The",
        "price": 14.99,
        "currency": "USD",
        "old_price": 19.99,
        "has_markdown": true,
        "badge": "25% OFF",
        "discount_pct": 25,
        "availability": "in-stock",
        "sponsored": false,
        "delivery_promise": "FREE delivery Tomorrow",
        "discount_amount": "Save $5.00"
      },
      {
        "position": 8,
        "surface": "featured",
        "name": "Coding for Everyone",
        "brand": "Coding",
        "price": 21.99,
        "currency": "USD",
        "old_price": 26.99,
        "has_markdown": true,
        "badge": "19% OFF",
        "discount_pct": 19,
        "availability": "in-stock",
        "sponsored": false,
        "delivery_promise": "FREE delivery Tomorrow",
        "discount_amount": "Save $5.00"
      }
    ],
    "t3": {
      "total_products": 8,
      "sponsored_count": 0,
      "organic_count": 8,
      "discounted_count": 8,
      "full_price_count": 0,
      "out_of_stock_count": 0,
      "low_stock_count": 0,
      "discount_pct_min": 14,
      "discount_pct_max": 25,
      "discount_pct_median": 22,
      "price_min": 14.99,
      "price_max": 729.99,
      "price_currency": "USD"
    },
    "t4": {
      "hydration_events": [
        {
          "metric": "cart_hydration_time_ms",
          "value": 0
        }
      ],
      "css_hidden_blocks": [
        {
          "selector": "sr-only",
          "gated_copy": "Email address",
          "rendered": false
        }
      ],
      "metadata": {
        "meta_description": "Shop electronics, fashion, home essentials and books at SHOPORA with fast delivery and secure checkout."
      },
      "raw_url": "http://localhost:8080/index.html"
    }
  },
  "budget": {
    "bytes_used": 3581,
    "hard_cap": 51200,
    "tiers_dropped": []
  },
  "privacy_metadata": {
    "pii_scrubbing_version": "0.2.0",
    "local_scrubbing_applied": true,
    "inputs_scrubbed": true,
    "scripts_removed": true,
    "styles_removed": true,
    "persistent_storage_used": false
  }
}

--- [2026-08-30T12:04:19.447Z] PAYLOAD: tier0-9 ---
{
  "schema_version": "0.2.0",
  "beacon_id": "e4ae0b7a-75cc-47d7-855b-59b45e0e4b22",
  "client_id": "shopora-prod",
  "session_token": "e53dabe1-5594-4b20-8b94-041e15e8e072",
  "tag_version": "0.2.0",
  "timestamp": "2026-08-30T12:04:19.417Z",
  "sampled": true,
  "page_type": "category",
  "page_url_path": "/category.html?category=fashion",
  "sequence_no": 1,
  "page_heading": "Fashion",
  "breadcrumb": [],
  "viewport": {
    "width": 889,
    "height": 950
  },
  "surface_id": "1ab72f2c-0584-4e01-8552-867a687cee8a",
  "region": "en",
  "identity_summary": {
    "state": "unknown"
  },
  "visible_query": null,
  "program_match": null,
  "page": {
    "page_type": "category",
    "page_url": "http://localhost:8080/category.html?category=fashion"
  },
  "signals": {
    "t1": [
      {
        "position": 1,
        "surface": "catalog-grid",
        "name": "MetroStride Running Shoes",
        "brand": "MetroStride",
        "price": 74.99,
        "currency": "USD",
        "old_price": 94.99,
        "has_markdown": true,
        "badge": "21% OFF",
        "discount_pct": 21,
        "availability": "in-stock",
        "sponsored": false,
        "delivery_promise": "FREE delivery Tomorrow",
        "discount_amount": "Save $20.00"
      },
      {
        "position": 2,
        "surface": "catalog-grid",
        "name": "UrbanWeave Denim Jacket",
        "brand": "UrbanWeave",
        "price": 54.99,
        "currency": "USD",
        "old_price": 69.99,
        "has_markdown": true,
        "badge": "21% OFF",
        "discount_pct": 21,
        "availability": "in-stock",
        "sponsored": false,
        "delivery_promise": "FREE delivery Tomorrow",
        "discount_amount": "Save $15.00"
      },
      {
        "position": 3,
        "surface": "catalog-grid",
        "name": "SilkLine Summer Dress",
        "brand": "SilkLine",
        "price": 48.99,
        "currency": "USD",
        "old_price": 59.99,
        "has_markdown": true,
        "badge": "18% OFF",
        "discount_pct": 18,
        "availability": "in-stock",
        "sponsored": false,
        "delivery_promise": "FREE delivery Tomorrow",
        "discount_amount": "Save $11.00"
      },
      {
        "position": 4,
        "surface": "catalog-grid",
        "name": "Halo Knit Sweater",
        "brand": "Halo",
        "price": 44.99,
        "currency": "USD",
        "old_price": 58.99,
        "has_markdown": true,
        "badge": "24% OFF",
        "discount_pct": 24,
        "availability": "in-stock",
        "sponsored": false,
        "delivery_promise": "FREE delivery Tomorrow",
        "discount_amount": "Save $14.00"
      },
      {
        "position": 5,
        "surface": "catalog-grid",
        "name": "Frontier Leather Belt",
        "brand": "Frontier",
        "price": 24.99,
        "currency": "USD",
        "old_price": 31.99,
        "has_markdown": true,
        "badge": "22% OFF",
        "discount_pct": 22,
        "availability": "in-stock",
        "sponsored": false,
        "delivery_promise": "FREE delivery Tomorrow",
        "discount_amount": "Save $7.00"
      },
      {
        "position": 6,
        "surface": "catalog-grid",
        "name": "Northline Hoodie",
        "brand": "Northline",
        "price": 42.99,
        "currency": "USD",
        "old_price": 54.99,
        "has_markdown": true,
        "badge": "22% OFF",
        "discount_pct": 22,
        "availability": "in-stock",
        "sponsored": false,
        "delivery_promise": "FREE delivery Tomorrow",
        "discount_amount": "Save $12.00"
      },
      {
        "position": 7,
        "surface": "catalog-grid",
        "name": "AeroTrack Joggers",
        "brand": "AeroTrack",
        "price": 33.99,
        "currency": "USD",
        "old_price": 43.99,
        "has_markdown": true,
        "badge": "23% OFF",
        "discount_pct": 23,
        "availability": "in-stock",
        "sponsored": false,
        "delivery_promise": "FREE delivery Tomorrow",
        "discount_amount": "Save $10.00"
      },
      {
        "position": 8,
        "surface": "catalog-grid",
        "name": "PrimeLayer Blazer",
        "brand": "PrimeLayer",
        "price": 89.99,
        "currency": "USD",
        "old_price": 109.99,
        "has_markdown": true,
        "badge": "18% OFF",
        "discount_pct": 18,
        "availability": "in-stock",
        "sponsored": false,
        "delivery_promise": "FREE delivery Tomorrow",
        "discount_amount": "Save $20.00"
      },
      {
        "position": 9,
        "surface": "catalog-grid",
        "name": "Luna Cotton Graphic Tee",
        "brand": "Luna",
        "price": 18.99,
        "currency": "USD",
        "old_price": 24.99,
        "has_markdown": true,
        "badge": "24% OFF",
        "discount_pct": 24,
        "availability": "in-stock",
        "sponsored": false,
        "delivery_promise": "FREE delivery Tomorrow",
        "discount_amount": "Save $6.00"
      },
      {
        "position": 10,
        "surface": "catalog-grid",
        "name": "CityFlow Backpack",
        "brand": "CityFlow",
        "price": 36.99,
        "currency": "USD",
        "old_price": 45.99,
        "has_markdown": true,
        "badge": "20% OFF",
        "discount_pct": 20,
        "availability": "in-stock",
        "sponsored": false,
        "delivery_promise": "FREE delivery Tomorrow",
        "discount_amount": "Save $9.00"
      },
      {
        "position": 11,
        "surface": "catalog-grid",
        "name": "ClassicFit Chino Pants",
        "brand": "ClassicFit",
        "price": 39.99,
        "currency": "USD",
        "old_price": 49.99,
        "has_markdown": true,
        "badge": "20% OFF",
        "discount_pct": 20,
        "availability": "in-stock",
        "sponsored": false,
        "delivery_promise": "FREE delivery Tomorrow",
        "discount_amount": "Save $10.00"
      },
      {
        "position": 12,
        "surface": "catalog-grid",
        "name": "Strata Formal Shirt",
        "brand": "Strata",
        "price": 31.99,
        "currency": "USD",
        "old_price": 39.99,
        "has_markdown": true,
        "badge": "20% OFF",
        "discount_pct": 20,
        "availability": "in-stock",
        "sponsored": false,
        "delivery_promise": "FREE delivery Tomorrow",
        "discount_amount": "Save $8.00"
      },
      {
        "position": 13,
        "surface": "catalog-grid",
        "name": "PulseFlex Training Shorts",
        "brand": "PulseFlex",
        "price": 22.99,
        "currency": "USD",
        "old_price": 29.99,
        "has_markdown": true,
        "badge": "23% OFF",
        "discount_pct": 23,
        "availability": "in-stock",
        "sponsored": false,
        "delivery_promise": "FREE delivery Tomorrow",
        "discount_amount": "Save $7.00"
      },
      {
        "position": 14,
        "surface": "catalog-grid",
        "name": "GlowStep Sandals",
        "brand": "GlowStep",
        "price": 28.99,
        "currency": "USD",
        "old_price": 36.99,
        "has_markdown": true,
        "badge": "22% OFF",
        "discount_pct": 22,
        "availability": "in-stock",
        "sponsored": false,
        "delivery_promise": "FREE delivery Tomorrow",
        "discount_amount": "Save $8.00"
      },
      {
        "position": 15,
        "surface": "catalog-grid",
        "name": "BloomWrap Scarf",
        "brand": "BloomWrap",
        "price": 16.99,
        "currency": "USD",
        "old_price": 21.99,
        "has_markdown": true,
        "badge": "23% OFF",
        "discount_pct": 23,
        "availability": "in-stock",
        "sponsored": false,
        "delivery_promise": "FREE delivery Tomorrow",
        "discount_amount": "Save $5.00"
      }
    ],
    "t3": {
      "total_products": 15,
      "sponsored_count": 0,
      "organic_count": 15,
      "discounted_count": 15,
      "full_price_count": 0,
      "out_of_stock_count": 0,
      "low_stock_count": 0,
      "discount_pct_min": 18,
      "discount_pct_max": 24,
      "discount_pct_median": 22,
      "price_min": 16.99,
      "price_max": 89.99,
      "price_currency": "USD"
    },
    "t4": {
      "hydration_events": [
        {
          "metric": "cart_hydration_time_ms",
          "value": 73
        }
      ],
      "result_count_stated": 15,
      "result_count_rendered": 15,
      "result_count_match": true,
      "css_hidden_blocks": [
        {
          "selector": "empty-results",
          "gated_copy": "⌕\n                                        No products found\n                                        ",
          "rendered": false
        }
      ],
      "metadata": {
        "meta_description": "Browse and filter all SHOPORA products."
      },
      "raw_url": "http://localhost:8080/category.html?category=fashion"
    }
  },
  "budget": {
    "bytes_used": 5928,
    "hard_cap": 51200,
    "tiers_dropped": []
  },
  "privacy_metadata": {
    "pii_scrubbing_version": "0.2.0",
    "local_scrubbing_applied": true,
    "inputs_scrubbed": true,
    "scripts_removed": true,
    "styles_removed": true,
    "persistent_storage_used": false
  }
}

--- [2026-08-30T12:04:34.352Z] PAYLOAD: interaction_events ---
{
  "envelope_type": "interaction_events",
  "schema_version": "0.2.0",
  "tag_version": "0.2.0",
  "client_id": "shopora-prod",
  "session_token": "e53dabe1-5594-4b20-8b94-041e15e8e072",
  "flush_id": "1563cbb4-1558-47d1-8167-2430797908fb",
  "flush_reason": "time",
  "events": [
    {
      "event_id": "e5909e5d-e292-4550-957b-a7116f81c423",
      "event_type": "filter_applied",
      "timestamp": "2026-08-30T12:04:33.842Z",
      "page_type": "category",
      "page_url_path": "/category.html",
      "filter_type": "unknown",
      "filter_value": "electronics",
      "active_filter_count_after": 1
    }
  ]
}

--- [2026-08-30T12:07:35.082Z] PAYLOAD: tier0-9 ---
{
  "schema_version": "0.2.0",
  "beacon_id": "271a8a6d-c808-4046-91ce-dfc256752a59",
  "client_id": "shopora-prod",
  "session_token": "18913c87-19d2-48d2-89bd-fb21e9adac14",
  "tag_version": "0.2.0",
  "timestamp": "2026-08-30T12:07:35.063Z",
  "sampled": true,
  "page_type": "homepage",
  "page_url_path": "/",
  "sequence_no": 1,
  "page_heading": "Upgrade your everyday for less.",
  "breadcrumb": [],
  "viewport": {
    "width": 889,
    "height": 950
  },
  "surface_id": "a68ad531-cd6d-4738-a270-743b7d8f732c",
  "region": "en",
  "identity_summary": {
    "state": "unknown"
  },
  "visible_query": null,
  "program_match": null,
  "page": {
    "page_type": "homepage",
    "page_url": "http://localhost:8080/index.html"
  },
  "signals": {
    "t1": [
      {
        "position": 1,
        "surface": "featured",
        "name": "VoltMax 15.6\" Laptop",
        "brand": "VoltMax",
        "price": 729.99,
        "currency": "USD",
        "old_price": 849.99,
        "has_markdown": true,
        "badge": "14% OFF",
        "discount_pct": 14,
        "availability": "in-stock",
        "sponsored": false,
        "delivery_promise": "FREE delivery Tomorrow",
        "discount_amount": "Save $120.00"
      },
      {
        "position": 2,
        "surface": "featured",
        "name": "PulseTune Wireless Headphones",
        "brand": "PulseTune",
        "price": 89.99,
        "currency": "USD",
        "old_price": 119.99,
        "has_markdown": true,
        "badge": "25% OFF",
        "discount_pct": 25,
        "availability": "in-stock",
        "sponsored": false,
        "delivery_promise": "FREE delivery Tomorrow",
        "discount_amount": "Save $30.00"
      },
      {
        "position": 3,
        "surface": "featured",
        "name": "Luna Cotton Graphic Tee",
        "brand": "Luna",
        "price": 18.99,
        "currency": "USD",
        "old_price": 24.99,
        "has_markdown": true,
        "badge": "24% OFF",
        "discount_pct": 24,
        "availability": "in-stock",
        "sponsored": false,
        "delivery_promise": "FREE delivery Tomorrow",
        "discount_amount": "Save $6.00"
      },
      {
        "position": 4,
        "surface": "featured",
        "name": "MetroStride Running Shoes",
        "brand": "MetroStride",
        "price": 74.99,
        "currency": "USD",
        "old_price": 94.99,
        "has_markdown": true,
        "badge": "21% OFF",
        "discount_pct": 21,
        "availability": "in-stock",
        "sponsored": false,
        "delivery_promise": "FREE delivery Tomorrow",
        "discount_amount": "Save $20.00"
      },
      {
        "position": 5,
        "surface": "featured",
        "name": "OakLine Coffee Table",
        "brand": "OakLine",
        "price": 129.99,
        "currency": "USD",
        "old_price": 159.99,
        "has_markdown": true,
        "badge": "19% OFF",
        "discount_pct": 19,
        "availability": "in-stock",
        "sponsored": false,
        "delivery_promise": "FREE delivery Tomorrow",
        "discount_amount": "Save $30.00"
      },
      {
        "position": 6,
        "surface": "featured",
        "name": "SoftNest Throw Blanket",
        "brand": "SoftNest",
        "price": 27.99,
        "currency": "USD",
        "old_price": 35.99,
        "has_markdown": true,
        "badge": "22% OFF",
        "discount_pct": 22,
        "availability": "in-stock",
        "sponsored": false,
        "delivery_promise": "FREE delivery Tomorrow",
        "discount_amount": "Save $8.00"
      },
      {
        "position": 7,
        "surface": "featured",
        "name": "The Last Library",
        "brand": "The",
        "price": 14.99,
        "currency": "USD",
        "old_price": 19.99,
        "has_markdown": true,
        "badge": "25% OFF",
        "discount_pct": 25,
        "availability": "in-stock",
        "sponsored": false,
        "delivery_promise": "FREE delivery Tomorrow",
        "discount_amount": "Save $5.00"
      },
      {
        "position": 8,
        "surface": "featured",
        "name": "Coding for Everyone",
        "brand": "Coding",
        "price": 21.99,
        "currency": "USD",
        "old_price": 26.99,
        "has_markdown": true,
        "badge": "19% OFF",
        "discount_pct": 19,
        "availability": "in-stock",
        "sponsored": false,
        "delivery_promise": "FREE delivery Tomorrow",
        "discount_amount": "Save $5.00"
      }
    ],
    "t3": {
      "total_products": 8,
      "sponsored_count": 0,
      "organic_count": 8,
      "discounted_count": 8,
      "full_price_count": 0,
      "out_of_stock_count": 0,
      "low_stock_count": 0,
      "discount_pct_min": 14,
      "discount_pct_max": 25,
      "discount_pct_median": 22,
      "price_min": 14.99,
      "price_max": 729.99,
      "price_currency": "USD"
    },
    "t4": {
      "hydration_events": [
        {
          "metric": "cart_hydration_time_ms",
          "value": 0
        }
      ],
      "css_hidden_blocks": [
        {
          "selector": "sr-only",
          "gated_copy": "Email address",
          "rendered": false
        }
      ],
      "metadata": {
        "meta_description": "Shop electronics, fashion, home essentials and books at SHOPORA with fast delivery and secure checkout."
      },
      "raw_url": "http://localhost:8080/index.html"
    }
  },
  "budget": {
    "bytes_used": 3571,
    "hard_cap": 51200,
    "tiers_dropped": []
  },
  "privacy_metadata": {
    "pii_scrubbing_version": "0.2.0",
    "local_scrubbing_applied": true,
    "inputs_scrubbed": true,
    "scripts_removed": true,
    "styles_removed": true,
    "persistent_storage_used": false
  }
}

--- [2026-08-30T12:08:47.741Z] PAYLOAD: tier0-9 ---
{
  "schema_version": "0.2.0",
  "beacon_id": "bafe2b75-0f65-44ac-a3d2-524721af1ff5",
  "client_id": "shopora-prod",
  "session_token": "ee19c2b9-d314-4112-a681-3d415db7f903",
  "tag_version": "0.2.0",
  "timestamp": "2026-08-30T12:08:47.704Z",
  "sampled": true,
  "page_type": "homepage",
  "page_url_path": "/",
  "sequence_no": 1,
  "page_heading": "Upgrade your everyday for less.",
  "breadcrumb": [],
  "viewport": {
    "width": 889,
    "height": 950
  },
  "surface_id": "1b95cbc6-1e72-487e-b540-b6b96639f19b",
  "region": "en",
  "identity_summary": {
    "state": "unknown"
  },
  "visible_query": null,
  "program_match": null,
  "page": {
    "page_type": "homepage",
    "page_url": "http://localhost:8080/index.html"
  },
  "signals": {
    "t1": [
      {
        "position": 1,
        "surface": "featured",
        "name": "VoltMax 15.6\" Laptop",
        "brand": "VoltMax",
        "price": 729.99,
        "currency": "USD",
        "old_price": 849.99,
        "has_markdown": true,
        "badge": "14% OFF",
        "discount_pct": 14,
        "availability": "in-stock",
        "sponsored": false,
        "delivery_promise": "FREE delivery Tomorrow",
        "discount_amount": "Save $120.00"
      },
      {
        "position": 2,
        "surface": "featured",
        "name": "PulseTune Wireless Headphones",
        "brand": "PulseTune",
        "price": 89.99,
        "currency": "USD",
        "old_price": 119.99,
        "has_markdown": true,
        "badge": "25% OFF",
        "discount_pct": 25,
        "availability": "in-stock",
        "sponsored": false,
        "delivery_promise": "FREE delivery Tomorrow",
        "discount_amount": "Save $30.00"
      },
      {
        "position": 3,
        "surface": "featured",
        "name": "Luna Cotton Graphic Tee",
        "brand": "Luna",
        "price": 18.99,
        "currency": "USD",
        "old_price": 24.99,
        "has_markdown": true,
        "badge": "24% OFF",
        "discount_pct": 24,
        "availability": "in-stock",
        "sponsored": false,
        "delivery_promise": "FREE delivery Tomorrow",
        "discount_amount": "Save $6.00"
      },
      {
        "position": 4,
        "surface": "featured",
        "name": "MetroStride Running Shoes",
        "brand": "MetroStride",
        "price": 74.99,
        "currency": "USD",
        "old_price": 94.99,
        "has_markdown": true,
        "badge": "21% OFF",
        "discount_pct": 21,
        "availability": "in-stock",
        "sponsored": false,
        "delivery_promise": "FREE delivery Tomorrow",
        "discount_amount": "Save $20.00"
      },
      {
        "position": 5,
        "surface": "featured",
        "name": "OakLine Coffee Table",
        "brand": "OakLine",
        "price": 129.99,
        "currency": "USD",
        "old_price": 159.99,
        "has_markdown": true,
        "badge": "19% OFF",
        "discount_pct": 19,
        "availability": "in-stock",
        "sponsored": false,
        "delivery_promise": "FREE delivery Tomorrow",
        "discount_amount": "Save $30.00"
      },
      {
        "position": 6,
        "surface": "featured",
        "name": "SoftNest Throw Blanket",
        "brand": "SoftNest",
        "price": 27.99,
        "currency": "USD",
        "old_price": 35.99,
        "has_markdown": true,
        "badge": "22% OFF",
        "discount_pct": 22,
        "availability": "in-stock",
        "sponsored": false,
        "delivery_promise": "FREE delivery Tomorrow",
        "discount_amount": "Save $8.00"
      },
      {
        "position": 7,
        "surface": "featured",
        "name": "The Last Library",
        "brand": "The",
        "price": 14.99,
        "currency": "USD",
        "old_price": 19.99,
        "has_markdown": true,
        "badge": "25% OFF",
        "discount_pct": 25,
        "availability": "in-stock",
        "sponsored": false,
        "delivery_promise": "FREE delivery Tomorrow",
        "discount_amount": "Save $5.00"
      },
      {
        "position": 8,
        "surface": "featured",
        "name": "Coding for Everyone",
        "brand": "Coding",
        "price": 21.99,
        "currency": "USD",
        "old_price": 26.99,
        "has_markdown": true,
        "badge": "19% OFF",
        "discount_pct": 19,
        "availability": "in-stock",
        "sponsored": false,
        "delivery_promise": "FREE delivery Tomorrow",
        "discount_amount": "Save $5.00"
      }
    ],
    "t3": {
      "total_products": 8,
      "sponsored_count": 0,
      "organic_count": 8,
      "discounted_count": 8,
      "full_price_count": 0,
      "out_of_stock_count": 0,
      "low_stock_count": 0,
      "discount_pct_min": 14,
      "discount_pct_max": 25,
      "discount_pct_median": 22,
      "price_min": 14.99,
      "price_max": 729.99,
      "price_currency": "USD"
    },
    "t4": {
      "hydration_events": [
        {
          "metric": "cart_hydration_time_ms",
          "value": 0
        }
      ],
      "css_hidden_blocks": [
        {
          "selector": "sr-only",
          "gated_copy": "Email address",
          "rendered": false
        }
      ],
      "metadata": {
        "meta_description": "Shop electronics, fashion, home essentials and books at SHOPORA with fast delivery and secure checkout."
      },
      "raw_url": "http://localhost:8080/index.html"
    }
  },
  "budget": {
    "bytes_used": 3571,
    "hard_cap": 51200,
    "tiers_dropped": []
  },
  "privacy_metadata": {
    "pii_scrubbing_version": "0.2.0",
    "local_scrubbing_applied": true,
    "inputs_scrubbed": true,
    "scripts_removed": true,
    "styles_removed": true,
    "persistent_storage_used": false
  }
}

--- [2026-08-30T12:08:51.016Z] PAYLOAD: tier0-9 ---
{
  "schema_version": "0.2.0",
  "beacon_id": "b3f48040-b20f-4513-b9d1-273ecba064fb",
  "client_id": "shopora-prod",
  "session_token": "9de1cf87-bc09-4e37-b50d-c8540f169316",
  "tag_version": "0.2.0",
  "timestamp": "2026-08-30T12:08:50.999Z",
  "sampled": true,
  "page_type": "homepage",
  "page_url_path": "/",
  "sequence_no": 1,
  "page_heading": "Upgrade your everyday for less.",
  "breadcrumb": [],
  "viewport": {
    "width": 889,
    "height": 950
  },
  "surface_id": "da492bd9-380e-4c08-8f28-5c07bb8dc814",
  "region": "en",
  "identity_summary": {
    "state": "unknown"
  },
  "visible_query": null,
  "program_match": null,
  "page": {
    "page_type": "homepage",
    "page_url": "http://127.0.0.1:8080/"
  },
  "signals": {
    "t1": [
      {
        "position": 1,
        "surface": "featured",
        "name": "VoltMax 15.6\" Laptop",
        "brand": "VoltMax",
        "price": 729.99,
        "currency": "USD",
        "old_price": 849.99,
        "has_markdown": true,
        "badge": "14% OFF",
        "discount_pct": 14,
        "availability": "in-stock",
        "sponsored": false,
        "delivery_promise": "FREE delivery Tomorrow",
        "discount_amount": "Save $120.00"
      },
      {
        "position": 2,
        "surface": "featured",
        "name": "PulseTune Wireless Headphones",
        "brand": "PulseTune",
        "price": 89.99,
        "currency": "USD",
        "old_price": 119.99,
        "has_markdown": true,
        "badge": "25% OFF",
        "discount_pct": 25,
        "availability": "in-stock",
        "sponsored": false,
        "delivery_promise": "FREE delivery Tomorrow",
        "discount_amount": "Save $30.00"
      },
      {
        "position": 3,
        "surface": "featured",
        "name": "Luna Cotton Graphic Tee",
        "brand": "Luna",
        "price": 18.99,
        "currency": "USD",
        "old_price": 24.99,
        "has_markdown": true,
        "badge": "24% OFF",
        "discount_pct": 24,
        "availability": "in-stock",
        "sponsored": false,
        "delivery_promise": "FREE delivery Tomorrow",
        "discount_amount": "Save $6.00"
      },
      {
        "position": 4,
        "surface": "featured",
        "name": "MetroStride Running Shoes",
        "brand": "MetroStride",
        "price": 74.99,
        "currency": "USD",
        "old_price": 94.99,
        "has_markdown": true,
        "badge": "21% OFF",
        "discount_pct": 21,
        "availability": "in-stock",
        "sponsored": false,
        "delivery_promise": "FREE delivery Tomorrow",
        "discount_amount": "Save $20.00"
      },
      {
        "position": 5,
        "surface": "featured",
        "name": "OakLine Coffee Table",
        "brand": "OakLine",
        "price": 129.99,
        "currency": "USD",
        "old_price": 159.99,
        "has_markdown": true,
        "badge": "19% OFF",
        "discount_pct": 19,
        "availability": "in-stock",
        "sponsored": false,
        "delivery_promise": "FREE delivery Tomorrow",
        "discount_amount": "Save $30.00"
      },
      {
        "position": 6,
        "surface": "featured",
        "name": "SoftNest Throw Blanket",
        "brand": "SoftNest",
        "price": 27.99,
        "currency": "USD",
        "old_price": 35.99,
        "has_markdown": true,
        "badge": "22% OFF",
        "discount_pct": 22,
        "availability": "in-stock",
        "sponsored": false,
        "delivery_promise": "FREE delivery Tomorrow",
        "discount_amount": "Save $8.00"
      },
      {
        "position": 7,
        "surface": "featured",
        "name": "The Last Library",
        "brand": "The",
        "price": 14.99,
        "currency": "USD",
        "old_price": 19.99,
        "has_markdown": true,
        "badge": "25% OFF",
        "discount_pct": 25,
        "availability": "in-stock",
        "sponsored": false,
        "delivery_promise": "FREE delivery Tomorrow",
        "discount_amount": "Save $5.00"
      },
      {
        "position": 8,
        "surface": "featured",
        "name": "Coding for Everyone",
        "brand": "Coding",
        "price": 21.99,
        "currency": "USD",
        "old_price": 26.99,
        "has_markdown": true,
        "badge": "19% OFF",
        "discount_pct": 19,
        "availability": "in-stock",
        "sponsored": false,
        "delivery_promise": "FREE delivery Tomorrow",
        "discount_amount": "Save $5.00"
      }
    ],
    "t3": {
      "total_products": 8,
      "sponsored_count": 0,
      "organic_count": 8,
      "discounted_count": 8,
      "full_price_count": 0,
      "out_of_stock_count": 0,
      "low_stock_count": 0,
      "discount_pct_min": 14,
      "discount_pct_max": 25,
      "discount_pct_median": 22,
      "price_min": 14.99,
      "price_max": 729.99,
      "price_currency": "USD"
    },
    "t4": {
      "hydration_events": [
        {
          "metric": "cart_hydration_time_ms",
          "value": 0
        }
      ],
      "css_hidden_blocks": [
        {
          "selector": "sr-only",
          "gated_copy": "Email address",
          "rendered": false
        }
      ],
      "metadata": {
        "meta_description": "Shop electronics, fashion, home essentials and books at SHOPORA with fast delivery and secure checkout."
      },
      "raw_url": "http://127.0.0.1:8080/"
    }
  },
  "budget": {
    "bytes_used": 3561,
    "hard_cap": 51200,
    "tiers_dropped": []
  },
  "privacy_metadata": {
    "pii_scrubbing_version": "0.2.0",
    "local_scrubbing_applied": true,
    "inputs_scrubbed": true,
    "scripts_removed": true,
    "styles_removed": true,
    "persistent_storage_used": false
  }
}

--- [2026-08-30T12:09:04.117Z] PAYLOAD: tier0-9 ---
{
  "schema_version": "0.2.0",
  "beacon_id": "ee6a064b-39c8-4323-b99a-fb17c1bcd429",
  "client_id": "shopora-prod",
  "session_token": "2cddd7cf-9280-41f8-acf0-3c99677e926c",
  "tag_version": "0.2.0",
  "timestamp": "2026-08-30T12:09:04.011Z",
  "sampled": true,
  "page_type": "homepage",
  "page_url_path": "/",
  "sequence_no": 1,
  "page_heading": "Upgrade your everyday for less.",
  "breadcrumb": [],
  "viewport": {
    "width": 889,
    "height": 950
  },
  "surface_id": "2ee04341-e2e0-4428-8f45-4850f079fd02",
  "region": "en",
  "identity_summary": {
    "state": "unknown"
  },
  "visible_query": null,
  "program_match": null,
  "page": {
    "page_type": "homepage",
    "page_url": "http://127.0.0.1:8080/index.html"
  },
  "signals": {
    "t1": [],
    "t4": {
      "hydration_events": [
        {
          "metric": "cart_hydration_time_ms",
          "value": 0
        }
      ],
      "css_hidden_blocks": [
        {
          "selector": "sr-only",
          "gated_copy": "Email address",
          "rendered": false
        }
      ],
      "metadata": {
        "meta_description": "Shop electronics, fashion, home essentials and books at SHOPORA with fast delivery and secure checkout."
      },
      "raw_url": "http://127.0.0.1:8080/index.html"
    }
  },
  "budget": {
    "bytes_used": 812,
    "hard_cap": 51200,
    "tiers_dropped": []
  },
  "privacy_metadata": {
    "pii_scrubbing_version": "0.2.0",
    "local_scrubbing_applied": true,
    "inputs_scrubbed": true,
    "scripts_removed": true,
    "styles_removed": true,
    "persistent_storage_used": false
  }
}

--- [2026-08-30T12:09:20.475Z] PAYLOAD: tier0-9 ---
{
  "schema_version": "0.2.0",
  "beacon_id": "bef75633-5bab-4c36-a991-4bea0b01aa47",
  "client_id": "shopora-prod",
  "session_token": "5dfc2884-8842-48f6-a761-e976952931d4",
  "tag_version": "0.2.0",
  "timestamp": "2026-08-30T12:09:20.462Z",
  "sampled": true,
  "page_type": "homepage",
  "page_url_path": "/",
  "sequence_no": 1,
  "page_heading": "Upgrade your everyday for less.",
  "breadcrumb": [],
  "viewport": {
    "width": 889,
    "height": 950
  },
  "surface_id": "8a4f7f52-6081-466f-8e26-3d35c9025024",
  "region": "en",
  "identity_summary": {
    "state": "unknown"
  },
  "visible_query": null,
  "program_match": null,
  "page": {
    "page_type": "homepage",
    "page_url": "http://127.0.0.1:8080/index.html"
  },
  "signals": {
    "t1": [],
    "t4": {
      "hydration_events": [
        {
          "metric": "cart_hydration_time_ms",
          "value": 0
        }
      ],
      "css_hidden_blocks": [
        {
          "selector": "sr-only",
          "gated_copy": "Email address",
          "rendered": false
        }
      ],
      "metadata": {
        "meta_description": "Shop electronics, fashion, home essentials and books at SHOPORA with fast delivery and secure checkout."
      },
      "raw_url": "http://127.0.0.1:8080/index.html"
    }
  },
  "budget": {
    "bytes_used": 812,
    "hard_cap": 51200,
    "tiers_dropped": []
  },
  "privacy_metadata": {
    "pii_scrubbing_version": "0.2.0",
    "local_scrubbing_applied": true,
    "inputs_scrubbed": true,
    "scripts_removed": true,
    "styles_removed": true,
    "persistent_storage_used": false
  }
}

--- [2026-08-30T12:13:54.864Z] PAYLOAD: tier0-9 ---
{
  "schema_version": "0.2.0",
  "beacon_id": "c27e6841-f529-45aa-8cb2-958781aa4a66",
  "client_id": "shopora-prod",
  "session_token": "39b4b528-1582-44cc-aab8-5362f687fc8c",
  "tag_version": "0.2.0",
  "timestamp": "2026-08-30T12:13:54.809Z",
  "sampled": true,
  "page_type": "homepage",
  "page_url_path": "/",
  "sequence_no": 1,
  "page_heading": "Upgrade your everyday for less.",
  "breadcrumb": [],
  "viewport": {
    "width": 889,
    "height": 950
  },
  "surface_id": "340daadd-b9f2-4f2e-8b37-cfd58348485d",
  "region": "en",
  "identity_summary": {
    "state": "unknown"
  },
  "visible_query": null,
  "program_match": null,
  "page": {
    "page_type": "homepage",
    "page_url": "http://127.0.0.1:8080/"
  },
  "signals": {
    "t1": [
      {
        "position": 1,
        "surface": "featured",
        "name": "VoltMax 15.6\" Laptop",
        "brand": "VoltMax",
        "price": 729.99,
        "currency": "USD",
        "old_price": 849.99,
        "has_markdown": true,
        "badge": "14% OFF",
        "discount_pct": 14,
        "availability": "in-stock",
        "sponsored": false,
        "delivery_promise": "FREE delivery Tomorrow",
        "discount_amount": "Save $120.00"
      },
      {
        "position": 2,
        "surface": "featured",
        "name": "PulseTune Wireless Headphones",
        "brand": "PulseTune",
        "price": 89.99,
        "currency": "USD",
        "old_price": 119.99,
        "has_markdown": true,
        "badge": "25% OFF",
        "discount_pct": 25,
        "availability": "in-stock",
        "sponsored": false,
        "delivery_promise": "FREE delivery Tomorrow",
        "discount_amount": "Save $30.00"
      },
      {
        "position": 3,
        "surface": "featured",
        "name": "Luna Cotton Graphic Tee",
        "brand": "Luna",
        "price": 18.99,
        "currency": "USD",
        "old_price": 24.99,
        "has_markdown": true,
        "badge": "24% OFF",
        "discount_pct": 24,
        "availability": "in-stock",
        "sponsored": false,
        "delivery_promise": "FREE delivery Tomorrow",
        "discount_amount": "Save $6.00"
      },
      {
        "position": 4,
        "surface": "featured",
        "name": "MetroStride Running Shoes",
        "brand": "MetroStride",
        "price": 74.99,
        "currency": "USD",
        "old_price": 94.99,
        "has_markdown": true,
        "badge": "21% OFF",
        "discount_pct": 21,
        "availability": "in-stock",
        "sponsored": false,
        "delivery_promise": "FREE delivery Tomorrow",
        "discount_amount": "Save $20.00"
      },
      {
        "position": 5,
        "surface": "featured",
        "name": "OakLine Coffee Table",
        "brand": "OakLine",
        "price": 129.99,
        "currency": "USD",
        "old_price": 159.99,
        "has_markdown": true,
        "badge": "19% OFF",
        "discount_pct": 19,
        "availability": "in-stock",
        "sponsored": false,
        "delivery_promise": "FREE delivery Tomorrow",
        "discount_amount": "Save $30.00"
      },
      {
        "position": 6,
        "surface": "featured",
        "name": "SoftNest Throw Blanket",
        "brand": "SoftNest",
        "price": 27.99,
        "currency": "USD",
        "old_price": 35.99,
        "has_markdown": true,
        "badge": "22% OFF",
        "discount_pct": 22,
        "availability": "in-stock",
        "sponsored": false,
        "delivery_promise": "FREE delivery Tomorrow",
        "discount_amount": "Save $8.00"
      },
      {
        "position": 7,
        "surface": "featured",
        "name": "The Last Library",
        "brand": "The",
        "price": 14.99,
        "currency": "USD",
        "old_price": 19.99,
        "has_markdown": true,
        "badge": "25% OFF",
        "discount_pct": 25,
        "availability": "in-stock",
        "sponsored": false,
        "delivery_promise": "FREE delivery Tomorrow",
        "discount_amount": "Save $5.00"
      },
      {
        "position": 8,
        "surface": "featured",
        "name": "Coding for Everyone",
        "brand": "Coding",
        "price": 21.99,
        "currency": "USD",
        "old_price": 26.99,
        "has_markdown": true,
        "badge": "19% OFF",
        "discount_pct": 19,
        "availability": "in-stock",
        "sponsored": false,
        "delivery_promise": "FREE delivery Tomorrow",
        "discount_amount": "Save $5.00"
      }
    ],
    "t3": {
      "total_products": 8,
      "sponsored_count": 0,
      "organic_count": 8,
      "discounted_count": 8,
      "full_price_count": 0,
      "out_of_stock_count": 0,
      "low_stock_count": 0,
      "discount_pct_min": 14,
      "discount_pct_max": 25,
      "discount_pct_median": 22,
      "price_min": 14.99,
      "price_max": 729.99,
      "price_currency": "USD"
    },
    "t4": {
      "hydration_events": [
        {
          "metric": "cart_hydration_time_ms",
          "value": 0
        }
      ],
      "css_hidden_blocks": [
        {
          "selector": "sr-only",
          "gated_copy": "Email address",
          "rendered": false
        }
      ],
      "metadata": {
        "meta_description": "Shop electronics, fashion, home essentials and books at SHOPORA with fast delivery and secure checkout."
      },
      "raw_url": "http://127.0.0.1:8080/"
    }
  },
  "budget": {
    "bytes_used": 3561,
    "hard_cap": 51200,
    "tiers_dropped": []
  },
  "privacy_metadata": {
    "pii_scrubbing_version": "0.2.0",
    "local_scrubbing_applied": true,
    "inputs_scrubbed": true,
    "scripts_removed": true,
    "styles_removed": true,
    "persistent_storage_used": false
  }
}

--- [2026-08-30T12:14:13.754Z] PAYLOAD: tier0-9 ---
{
  "schema_version": "0.2.0",
  "beacon_id": "a38e9a4d-52a2-44df-b789-c045ec7d66cd",
  "client_id": "shopora-prod",
  "session_token": "560dd08c-8243-4749-9a14-1d99f63cf83c",
  "tag_version": "0.2.0",
  "timestamp": "2026-08-30T12:14:13.732Z",
  "sampled": true,
  "page_type": "category",
  "page_url_path": "/category.html?category=home",
  "sequence_no": 1,
  "page_heading": "Home Decor",
  "breadcrumb": [],
  "viewport": {
    "width": 889,
    "height": 950
  },
  "surface_id": "8a5d152a-215d-4abe-8644-6a2d10f5c263",
  "region": "en",
  "identity_summary": {
    "state": "unknown"
  },
  "visible_query": null,
  "program_match": null,
  "page": {
    "page_type": "category",
    "page_url": "http://127.0.0.1:8080/category.html?category=home"
  },
  "signals": {
    "t1": [
      {
        "position": 1,
        "surface": "catalog-grid",
        "name": "SoftNest Throw Blanket",
        "brand": "SoftNest",
        "price": 27.99,
        "currency": "USD",
        "old_price": 35.99,
        "has_markdown": true,
        "badge": "22% OFF",
        "discount_pct": 22,
        "availability": "in-stock",
        "sponsored": false,
        "delivery_promise": "FREE delivery Tomorrow",
        "discount_amount": "Save $8.00"
      },
      {
        "position": 2,
        "surface": "catalog-grid",
        "name": "PebbleBath Towel Set",
        "brand": "PebbleBath",
        "price": 31.99,
        "currency": "USD",
        "old_price": 41.99,
        "has_markdown": true,
        "badge": "24% OFF",
        "discount_pct": 24,
        "availability": "in-stock",
        "sponsored": false,
        "delivery_promise": "FREE delivery Tomorrow",
        "discount_amount": "Save $10.00"
      },
      {
        "position": 3,
        "surface": "catalog-grid",
        "name": "OakLine Coffee Table",
        "brand": "OakLine",
        "price": 129.99,
        "currency": "USD",
        "old_price": 159.99,
        "has_markdown": true,
        "badge": "19% OFF",
        "discount_pct": 19,
        "availability": "in-stock",
        "sponsored": false,
        "delivery_promise": "FREE delivery Tomorrow",
        "discount_amount": "Save $30.00"
      },
      {
        "position": 4,
        "surface": "catalog-grid",
        "name": "SparkStone Candle Set",
        "brand": "SparkStone",
        "price": 22.99,
        "currency": "USD",
        "old_price": 28.99,
        "has_markdown": true,
        "badge": "21% OFF",
        "discount_pct": 21,
        "availability": "in-stock",
        "sponsored": false,
        "delivery_promise": "FREE delivery Tomorrow",
        "discount_amount": "Save $6.00"
      },
      {
        "position": 5,
        "surface": "catalog-grid",
        "name": "LuxeGlow Table Lamp",
        "brand": "LuxeGlow",
        "price": 39.99,
        "currency": "USD",
        "old_price": 49.99,
        "has_markdown": true,
        "badge": "20% OFF",
        "discount_pct": 20,
        "availability": "in-stock",
        "sponsored": false,
        "delivery_promise": "FREE delivery Tomorrow",
        "discount_amount": "Save $10.00"
      },
      {
        "position": 6,
        "surface": "catalog-grid",
        "name": "MarbleTone Side Table",
        "brand": "MarbleTone",
        "price": 74.99,
        "currency": "USD",
        "old_price": 94.99,
        "has_markdown": true,
        "badge": "21% OFF",
        "discount_pct": 21,
        "availability": "in-stock",
        "sponsored": false,
        "delivery_promise": "FREE delivery Tomorrow",
        "discount_amount": "Save $20.00"
      },
      {
        "position": 7,
        "surface": "catalog-grid",
        "name": "NestGrid Storage Basket",
        "brand": "NestGrid",
        "price": 19.99,
        "currency": "USD",
        "old_price": 25.99,
        "has_markdown": true,
        "badge": "23% OFF",
        "discount_pct": 23,
        "availability": "in-stock",
        "sponsored": false,
        "delivery_promise": "FREE delivery Tomorrow",
        "discount_amount": "Save $6.00"
      },
      {
        "position": 8,
        "surface": "catalog-grid",
        "name": "AuraMirror Wall Mirror",
        "brand": "AuraMirror",
        "price": 59.99,
        "currency": "USD",
        "old_price": 74.99,
        "has_markdown": true,
        "badge": "20% OFF",
        "discount_pct": 20,
        "availability": "in-stock",
        "sponsored": false,
        "delivery_promise": "FREE delivery Tomorrow",
        "discount_amount": "Save $15.00"
      },
      {
        "position": 9,
        "surface": "catalog-grid",
        "name": "FrameLine Wall Art Set",
        "brand": "FrameLine",
        "price": 44.99,
        "currency": "USD",
        "old_price": 56.99,
        "has_markdown": true,
        "badge": "21% OFF",
        "discount_pct": 21,
        "availability": "in-stock",
        "sponsored": false,
        "delivery_promise": "FREE delivery Tomorrow",
        "discount_amount": "Save $12.00"
      },
      {
        "position": 10,
        "surface": "catalog-grid",
        "name": "SlateLine Shelf Organizer",
        "brand": "SlateLine",
        "price": 26.99,
        "currency": "USD",
        "old_price": 34.99,
        "has_markdown": true,
        "badge": "23% OFF",
        "discount_pct": 23,
        "availability": "in-stock",
        "sponsored": false,
        "delivery_promise": "FREE delivery Tomorrow",
        "discount_amount": "Save $8.00"
      },
      {
        "position": 11,
        "surface": "catalog-grid",
        "name": "Cinder Ceramic Vase",
        "brand": "Cinder",
        "price": 24.99,
        "currency": "USD",
        "old_price": 31.99,
        "has_markdown": true,
        "badge": "22% OFF",
        "discount_pct": 22,
        "availability": "in-stock",
        "sponsored": false,
        "delivery_promise": "FREE delivery Tomorrow",
        "discount_amount": "Save $7.00"
      },
      {
        "position": 12,
        "surface": "catalog-grid",
        "name": "PureDrop Humidifier",
        "brand": "PureDrop",
        "price": 49.99,
        "currency": "USD",
        "old_price": 64.99,
        "has_markdown": true,
        "badge": "23% OFF",
        "discount_pct": 23,
        "availability": "in-stock",
        "sponsored": false,
        "delivery_promise": "FREE delivery Tomorrow",
        "discount_amount": "Save $15.00"
      },
      {
        "position": 13,
        "surface": "catalog-grid",
        "name": "CloudSeat Cushion Set",
        "brand": "CloudSeat",
        "price": 29.99,
        "currency": "USD",
        "old_price": 38.99,
        "has_markdown": true,
        "badge": "23% OFF",
        "discount_pct": 23,
        "availability": "in-stock",
        "sponsored": false,
        "delivery_promise": "FREE delivery Tomorrow",
        "discount_amount": "Save $9.00"
      },
      {
        "position": 14,
        "surface": "catalog-grid",
        "name": "BreezeCurtain Panel Pair",
        "brand": "BreezeCurtain",
        "price": 34.99,
        "currency": "USD",
        "old_price": 44.99,
        "has_markdown": true,
        "badge": "22% OFF",
        "discount_pct": 22,
        "availability": "in-stock",
        "sponsored": false,
        "delivery_promise": "FREE delivery Tomorrow",
        "discount_amount": "Save $10.00"
      },
      {
        "position": 15,
        "surface": "catalog-grid",
        "name": "KitchenBloom Herb Planter",
        "brand": "KitchenBloom",
        "price": 18.99,
        "currency": "USD",
        "old_price": 24.99,
        "has_markdown": true,
        "badge": "24% OFF",
        "discount_pct": 24,
        "availability": "in-stock",
        "sponsored": false,
        "delivery_promise": "FREE delivery Tomorrow",
        "discount_amount": "Save $6.00"
      }
    ],
    "t3": {
      "total_products": 15,
      "sponsored_count": 0,
      "organic_count": 15,
      "discounted_count": 15,
      "full_price_count": 0,
      "out_of_stock_count": 0,
      "low_stock_count": 0,
      "discount_pct_min": 19,
      "discount_pct_max": 24,
      "discount_pct_median": 22,
      "price_min": 18.99,
      "price_max": 129.99,
      "price_currency": "USD"
    },
    "t4": {
      "hydration_events": [
        {
          "metric": "cart_hydration_time_ms",
          "value": 46
        }
      ],
      "result_count_stated": 15,
      "result_count_rendered": 15,
      "result_count_match": true,
      "css_hidden_blocks": [
        {
          "selector": "empty-results",
          "gated_copy": "⌕\n                                        No products found\n                                        ",
          "rendered": false
        }
      ],
      "metadata": {
        "meta_description": "Browse and filter all SHOPORA products."
      },
      "raw_url": "http://127.0.0.1:8080/category.html?category=home"
    }
  },
  "budget": {
    "bytes_used": 5970,
    "hard_cap": 51200,
    "tiers_dropped": []
  },
  "privacy_metadata": {
    "pii_scrubbing_version": "0.2.0",
    "local_scrubbing_applied": true,
    "inputs_scrubbed": true,
    "scripts_removed": true,
    "styles_removed": true,
    "persistent_storage_used": false
  }
}

--- [2026-08-30T12:14:43.524Z] PAYLOAD: interaction_events ---
{
  "envelope_type": "interaction_events",
  "schema_version": "0.2.0",
  "tag_version": "0.2.0",
  "client_id": "shopora-prod",
  "session_token": "560dd08c-8243-4749-9a14-1d99f63cf83c",
  "flush_id": "16a88902-407d-41c6-9a46-b90cf143101e",
  "flush_reason": "time",
  "events": [
    {
      "event_id": "d5389103-e1b0-456d-9d00-a33ae4d52d11",
      "event_type": "filter_applied",
      "timestamp": "2026-08-30T12:14:31.992Z",
      "page_type": "category",
      "page_url_path": "/category.html",
      "filter_type": "Department",
      "filter_value": "books",
      "active_filter_count_after": 1
    }
  ]
}

--- [2026-08-30T12:14:58.537Z] PAYLOAD: interaction_events ---
{
  "envelope_type": "interaction_events",
  "schema_version": "0.2.0",
  "tag_version": "0.2.0",
  "client_id": "shopora-prod",
  "session_token": "560dd08c-8243-4749-9a14-1d99f63cf83c",
  "flush_id": "dcad10c3-c0ae-406a-a432-e0db4b9a50e5",
  "flush_reason": "time",
  "events": [
    {
      "event_id": "a247a54b-0217-4416-8fd3-cf822724b963",
      "event_type": "filter_applied",
      "timestamp": "2026-08-30T12:14:49.795Z",
      "page_type": "category",
      "page_url_path": "/category.html",
      "filter_type": "Department",
      "filter_value": "electronics",
      "active_filter_count_after": 1
    }
  ]
}

--- [2026-08-30T12:15:19.172Z] PAYLOAD: tier0-9 ---
{
  "schema_version": "0.2.0",
  "beacon_id": "dbb4a00f-f656-4c5d-a735-3bf34975b313",
  "client_id": "shopora-prod",
  "session_token": "4e658822-d5b5-4295-90a2-1b9c1cbaff28",
  "tag_version": "0.2.0",
  "timestamp": "2026-08-30T12:15:19.155Z",
  "sampled": true,
  "page_type": "homepage",
  "page_url_path": "/",
  "sequence_no": 1,
  "page_heading": "Upgrade your everyday for less.",
  "breadcrumb": [],
  "viewport": {
    "width": 889,
    "height": 907
  },
  "surface_id": "649edd11-0cbe-49f2-95b8-5790c789a469",
  "region": "en",
  "identity_summary": {
    "state": "unknown"
  },
  "visible_query": null,
  "program_match": null,
  "page": {
    "page_type": "homepage",
    "page_url": "http://localhost:8080/index.html"
  },
  "signals": {
    "t1": [],
    "t4": {
      "hydration_events": [
        {
          "metric": "cart_hydration_time_ms",
          "value": 0
        }
      ],
      "css_hidden_blocks": [
        {
          "selector": "sr-only",
          "gated_copy": "Email address",
          "rendered": false
        }
      ],
      "metadata": {
        "meta_description": "Shop electronics, fashion, home essentials and books at SHOPORA with fast delivery and secure checkout."
      },
      "raw_url": "http://localhost:8080/index.html"
    }
  },
  "budget": {
    "bytes_used": 812,
    "hard_cap": 51200,
    "tiers_dropped": []
  },
  "privacy_metadata": {
    "pii_scrubbing_version": "0.2.0",
    "local_scrubbing_applied": true,
    "inputs_scrubbed": true,
    "scripts_removed": true,
    "styles_removed": true,
    "persistent_storage_used": false
  }
}

--- [2026-08-30T12:15:57.922Z] PAYLOAD: tier0-9 ---
{
  "schema_version": "0.2.0",
  "beacon_id": "ecb53c7e-1579-435a-b58a-bed087a7e51a",
  "client_id": "shopora-prod",
  "session_token": "141b1aa9-7f59-4a27-b798-200aa6e81804",
  "tag_version": "0.2.0",
  "timestamp": "2026-08-30T12:15:57.888Z",
  "sampled": true,
  "page_type": "homepage",
  "page_url_path": "/",
  "sequence_no": 1,
  "page_heading": "Upgrade your everyday for less.",
  "breadcrumb": [],
  "viewport": {
    "width": 889,
    "height": 950
  },
  "surface_id": "0b636966-c3a5-48bf-9eed-99f11cd46696",
  "region": "en",
  "identity_summary": {
    "state": "unknown"
  },
  "visible_query": null,
  "program_match": null,
  "page": {
    "page_type": "homepage",
    "page_url": "http://127.0.0.1:8080/index.html"
  },
  "signals": {
    "t1": [
      {
        "position": 1,
        "surface": "featured",
        "name": "VoltMax 15.6\" Laptop",
        "brand": "VoltMax",
        "price": 729.99,
        "currency": "USD",
        "old_price": 849.99,
        "has_markdown": true,
        "badge": "14% OFF",
        "discount_pct": 14,
        "availability": "in-stock",
        "sponsored": false,
        "delivery_promise": "FREE delivery Tomorrow",
        "discount_amount": "Save $120.00"
      },
      {
        "position": 2,
        "surface": "featured",
        "name": "PulseTune Wireless Headphones",
        "brand": "PulseTune",
        "price": 89.99,
        "currency": "USD",
        "old_price": 119.99,
        "has_markdown": true,
        "badge": "25% OFF",
        "discount_pct": 25,
        "availability": "in-stock",
        "sponsored": false,
        "delivery_promise": "FREE delivery Tomorrow",
        "discount_amount": "Save $30.00"
      },
      {
        "position": 3,
        "surface": "featured",
        "name": "Luna Cotton Graphic Tee",
        "brand": "Luna",
        "price": 18.99,
        "currency": "USD",
        "old_price": 24.99,
        "has_markdown": true,
        "badge": "24% OFF",
        "discount_pct": 24,
        "availability": "in-stock",
        "sponsored": false,
        "delivery_promise": "FREE delivery Tomorrow",
        "discount_amount": "Save $6.00"
      },
      {
        "position": 4,
        "surface": "featured",
        "name": "MetroStride Running Shoes",
        "brand": "MetroStride",
        "price": 74.99,
        "currency": "USD",
        "old_price": 94.99,
        "has_markdown": true,
        "badge": "21% OFF",
        "discount_pct": 21,
        "availability": "in-stock",
        "sponsored": false,
        "delivery_promise": "FREE delivery Tomorrow",
        "discount_amount": "Save $20.00"
      },
      {
        "position": 5,
        "surface": "featured",
        "name": "OakLine Coffee Table",
        "brand": "OakLine",
        "price": 129.99,
        "currency": "USD",
        "old_price": 159.99,
        "has_markdown": true,
        "badge": "19% OFF",
        "discount_pct": 19,
        "availability": "in-stock",
        "sponsored": false,
        "delivery_promise": "FREE delivery Tomorrow",
        "discount_amount": "Save $30.00"
      },
      {
        "position": 6,
        "surface": "featured",
        "name": "SoftNest Throw Blanket",
        "brand": "SoftNest",
        "price": 27.99,
        "currency": "USD",
        "old_price": 35.99,
        "has_markdown": true,
        "badge": "22% OFF",
        "discount_pct": 22,
        "availability": "in-stock",
        "sponsored": false,
        "delivery_promise": "FREE delivery Tomorrow",
        "discount_amount": "Save $8.00"
      },
      {
        "position": 7,
        "surface": "featured",
        "name": "The Last Library",
        "brand": "The",
        "price": 14.99,
        "currency": "USD",
        "old_price": 19.99,
        "has_markdown": true,
        "badge": "25% OFF",
        "discount_pct": 25,
        "availability": "in-stock",
        "sponsored": false,
        "delivery_promise": "FREE delivery Tomorrow",
        "discount_amount": "Save $5.00"
      },
      {
        "position": 8,
        "surface": "featured",
        "name": "Coding for Everyone",
        "brand": "Coding",
        "price": 21.99,
        "currency": "USD",
        "old_price": 26.99,
        "has_markdown": true,
        "badge": "19% OFF",
        "discount_pct": 19,
        "availability": "in-stock",
        "sponsored": false,
        "delivery_promise": "FREE delivery Tomorrow",
        "discount_amount": "Save $5.00"
      }
    ],
    "t3": {
      "total_products": 8,
      "sponsored_count": 0,
      "organic_count": 8,
      "discounted_count": 8,
      "full_price_count": 0,
      "out_of_stock_count": 0,
      "low_stock_count": 0,
      "discount_pct_min": 14,
      "discount_pct_max": 25,
      "discount_pct_median": 22,
      "price_min": 14.99,
      "price_max": 729.99,
      "price_currency": "USD"
    },
    "t4": {
      "hydration_events": [
        {
          "metric": "cart_hydration_time_ms",
          "value": 1
        }
      ],
      "css_hidden_blocks": [
        {
          "selector": "sr-only",
          "gated_copy": "Email address",
          "rendered": false
        }
      ],
      "metadata": {
        "meta_description": "Shop electronics, fashion, home essentials and books at SHOPORA with fast delivery and secure checkout."
      },
      "raw_url": "http://127.0.0.1:8080/index.html"
    }
  },
  "budget": {
    "bytes_used": 3571,
    "hard_cap": 51200,
    "tiers_dropped": []
  },
  "privacy_metadata": {
    "pii_scrubbing_version": "0.2.0",
    "local_scrubbing_applied": true,
    "inputs_scrubbed": true,
    "scripts_removed": true,
    "styles_removed": true,
    "persistent_storage_used": false
  }
}

--- [2026-08-30T12:16:18.984Z] PAYLOAD: tier0-9 ---
{
  "schema_version": "0.2.0",
  "beacon_id": "2f13fcfa-7fa0-4cb4-9c2d-424c7526da3b",
  "client_id": "shopora-prod",
  "session_token": "bcc98cc4-15f3-4bc2-bfb2-d47a0eec4917",
  "tag_version": "0.2.0",
  "timestamp": "2026-08-30T12:16:18.940Z",
  "sampled": true,
  "page_type": "homepage",
  "page_url_path": "/",
  "sequence_no": 1,
  "page_heading": "Upgrade your everyday for less.",
  "breadcrumb": [],
  "viewport": {
    "width": 889,
    "height": 950
  },
  "surface_id": "00a7210c-97bc-466c-9063-b0eaa904bebe",
  "region": "en",
  "identity_summary": {
    "state": "unknown"
  },
  "visible_query": null,
  "program_match": null,
  "page": {
    "page_type": "homepage",
    "page_url": "http://localhost:8080/index.html"
  },
  "signals": {
    "t1": [
      {
        "position": 1,
        "surface": "featured",
        "name": "VoltMax 15.6\" Laptop",
        "brand": "VoltMax",
        "price": 729.99,
        "currency": "USD",
        "old_price": 849.99,
        "has_markdown": true,
        "badge": "14% OFF",
        "discount_pct": 14,
        "availability": "in-stock",
        "sponsored": false,
        "delivery_promise": "FREE delivery Tomorrow",
        "discount_amount": "Save $120.00"
      },
      {
        "position": 2,
        "surface": "featured",
        "name": "PulseTune Wireless Headphones",
        "brand": "PulseTune",
        "price": 89.99,
        "currency": "USD",
        "old_price": 119.99,
        "has_markdown": true,
        "badge": "25% OFF",
        "discount_pct": 25,
        "availability": "in-stock",
        "sponsored": false,
        "delivery_promise": "FREE delivery Tomorrow",
        "discount_amount": "Save $30.00"
      },
      {
        "position": 3,
        "surface": "featured",
        "name": "Luna Cotton Graphic Tee",
        "brand": "Luna",
        "price": 18.99,
        "currency": "USD",
        "old_price": 24.99,
        "has_markdown": true,
        "badge": "24% OFF",
        "discount_pct": 24,
        "availability": "in-stock",
        "sponsored": false,
        "delivery_promise": "FREE delivery Tomorrow",
        "discount_amount": "Save $6.00"
      },
      {
        "position": 4,
        "surface": "featured",
        "name": "MetroStride Running Shoes",
        "brand": "MetroStride",
        "price": 74.99,
        "currency": "USD",
        "old_price": 94.99,
        "has_markdown": true,
        "badge": "21% OFF",
        "discount_pct": 21,
        "availability": "in-stock",
        "sponsored": false,
        "delivery_promise": "FREE delivery Tomorrow",
        "discount_amount": "Save $20.00"
      },
      {
        "position": 5,
        "surface": "featured",
        "name": "OakLine Coffee Table",
        "brand": "OakLine",
        "price": 129.99,
        "currency": "USD",
        "old_price": 159.99,
        "has_markdown": true,
        "badge": "19% OFF",
        "discount_pct": 19,
        "availability": "in-stock",
        "sponsored": false,
        "delivery_promise": "FREE delivery Tomorrow",
        "discount_amount": "Save $30.00"
      },
      {
        "position": 6,
        "surface": "featured",
        "name": "SoftNest Throw Blanket",
        "brand": "SoftNest",
        "price": 27.99,
        "currency": "USD",
        "old_price": 35.99,
        "has_markdown": true,
        "badge": "22% OFF",
        "discount_pct": 22,
        "availability": "in-stock",
        "sponsored": false,
        "delivery_promise": "FREE delivery Tomorrow",
        "discount_amount": "Save $8.00"
      },
      {
        "position": 7,
        "surface": "featured",
        "name": "The Last Library",
        "brand": "The",
        "price": 14.99,
        "currency": "USD",
        "old_price": 19.99,
        "has_markdown": true,
        "badge": "25% OFF",
        "discount_pct": 25,
        "availability": "in-stock",
        "sponsored": false,
        "delivery_promise": "FREE delivery Tomorrow",
        "discount_amount": "Save $5.00"
      },
      {
        "position": 8,
        "surface": "featured",
        "name": "Coding for Everyone",
        "brand": "Coding",
        "price": 21.99,
        "currency": "USD",
        "old_price": 26.99,
        "has_markdown": true,
        "badge": "19% OFF",
        "discount_pct": 19,
        "availability": "in-stock",
        "sponsored": false,
        "delivery_promise": "FREE delivery Tomorrow",
        "discount_amount": "Save $5.00"
      }
    ],
    "t3": {
      "total_products": 8,
      "sponsored_count": 0,
      "organic_count": 8,
      "discounted_count": 8,
      "full_price_count": 0,
      "out_of_stock_count": 0,
      "low_stock_count": 0,
      "discount_pct_min": 14,
      "discount_pct_max": 25,
      "discount_pct_median": 22,
      "price_min": 14.99,
      "price_max": 729.99,
      "price_currency": "USD"
    },
    "t4": {
      "hydration_events": [
        {
          "metric": "cart_hydration_time_ms",
          "value": 0
        }
      ],
      "css_hidden_blocks": [
        {
          "selector": "sr-only",
          "gated_copy": "Email address",
          "rendered": false
        }
      ],
      "metadata": {
        "meta_description": "Shop electronics, fashion, home essentials and books at SHOPORA with fast delivery and secure checkout."
      },
      "raw_url": "http://localhost:8080/index.html"
    }
  },
  "budget": {
    "bytes_used": 3571,
    "hard_cap": 51200,
    "tiers_dropped": []
  },
  "privacy_metadata": {
    "pii_scrubbing_version": "0.2.0",
    "local_scrubbing_applied": true,
    "inputs_scrubbed": true,
    "scripts_removed": true,
    "styles_removed": true,
    "persistent_storage_used": false
  }
}

--- [2026-08-30T12:16:31.107Z] PAYLOAD: tier0-9 ---
{
  "schema_version": "0.2.0",
  "beacon_id": "ca32c63e-49de-4915-9a9b-6bb7e9031604",
  "client_id": "shopora-prod",
  "session_token": "21385d44-d96a-49fc-8599-ac67bc9184d0",
  "tag_version": "0.2.0",
  "timestamp": "2026-08-30T12:16:30.995Z",
  "sampled": true,
  "page_type": "homepage",
  "page_url_path": "/",
  "sequence_no": 1,
  "page_heading": "Upgrade your everyday for less.",
  "breadcrumb": [],
  "viewport": {
    "width": 889,
    "height": 950
  },
  "surface_id": "67b0b66d-22c7-4bfa-810d-cfe42c1e7b79",
  "region": "en",
  "identity_summary": {
    "state": "unknown"
  },
  "visible_query": null,
  "program_match": null,
  "page": {
    "page_type": "homepage",
    "page_url": "http://localhost:8080/index.html"
  },
  "signals": {
    "t1": [],
    "t4": {
      "hydration_events": [
        {
          "metric": "cart_hydration_time_ms",
          "value": 0
        }
      ],
      "css_hidden_blocks": [
        {
          "selector": "sr-only",
          "gated_copy": "Email address",
          "rendered": false
        }
      ],
      "metadata": {
        "meta_description": "Shop electronics, fashion, home essentials and books at SHOPORA with fast delivery and secure checkout."
      },
      "raw_url": "http://localhost:8080/index.html"
    }
  },
  "budget": {
    "bytes_used": 812,
    "hard_cap": 51200,
    "tiers_dropped": []
  },
  "privacy_metadata": {
    "pii_scrubbing_version": "0.2.0",
    "local_scrubbing_applied": true,
    "inputs_scrubbed": true,
    "scripts_removed": true,
    "styles_removed": true,
    "persistent_storage_used": false
  }
}

--- [2026-08-30T12:16:53.220Z] PAYLOAD: interaction_events ---
{
  "envelope_type": "interaction_events",
  "schema_version": "0.2.0",
  "tag_version": "0.2.0",
  "client_id": "shopora-prod",
  "session_token": "21385d44-d96a-49fc-8599-ac67bc9184d0",
  "flush_id": "a71030ee-9ed6-428b-9def-03437f32376b",
  "flush_reason": "immediate_navigation",
  "events": [
    {
      "event_id": "1f0d967c-077b-4a01-927b-68e445baba4b",
      "event_type": "product_card_clicked",
      "timestamp": "2026-08-30T12:16:53.201Z",
      "page_type": "homepage",
      "page_url_path": "/",
      "sku": "el-1",
      "surface": "catalog-grid",
      "position": 1,
      "price": 499.99,
      "currency": "USD"
    }
  ]
}

--- [2026-08-30T12:16:53.748Z] PAYLOAD: tier0-9 ---
{
  "schema_version": "0.2.0",
  "beacon_id": "48a26d81-616f-4c69-a2ba-2a2f2ea4ca00",
  "client_id": "shopora-prod",
  "session_token": "5727a980-796c-4b08-8e46-9daacbe21102",
  "tag_version": "0.2.0",
  "timestamp": "2026-08-30T12:16:53.738Z",
  "sampled": true,
  "page_type": "pdp",
  "page_url_path": "/pdp.html?id=el-1",
  "sequence_no": 1,
  "page_heading": "ApexView 55\" 4K HDR Smart TV",
  "breadcrumb": [
    "HOME /",
    "ELECTRONICS /",
    "APEXVIEW"
  ],
  "viewport": {
    "width": 889,
    "height": 950
  },
  "surface_id": "5003c1f6-ede5-48e0-9108-9b4689996a69",
  "region": "en",
  "identity_summary": {
    "state": "unknown"
  },
  "visible_query": null,
  "program_match": null,
  "page": {
    "page_type": "pdp",
    "page_url": "http://localhost:8080/pdp.html?id=el-1"
  },
  "signals": {
    "t1": [
      {
        "position": 1,
        "surface": "hero",
        "name": "Product Specifications",
        "brand": "ApexView Official",
        "price": 499.99,
        "currency": "USD",
        "old_price": 599.99,
        "has_markdown": true,
        "badge": "SAVE 17%",
        "discount_pct": 17,
        "availability": "in-stock",
        "sponsored": false,
        "delivery_promise": "Order within 5 hrs",
        "visible_category_words": [
          "electronics"
        ],
        "badges": [
          "• High Demand"
        ]
      }
    ],
    "t4": {
      "hydration_events": [
        {
          "metric": "cart_hydration_time_ms",
          "value": 0
        }
      ],
      "css_hidden_blocks": [
        {
          "selector": "pdp-accordion-content",
          "gated_copy": "Standard Delivery: 3-5 business days. Free for orders over $50.\n                \n                \n  ",
          "rendered": false
        }
      ],
      "raw_url": "http://localhost:8080/pdp.html?id=el-1"
    }
  },
  "budget": {
    "bytes_used": 1179,
    "hard_cap": 51200,
    "tiers_dropped": []
  },
  "privacy_metadata": {
    "pii_scrubbing_version": "0.2.0",
    "local_scrubbing_applied": true,
    "inputs_scrubbed": true,
    "scripts_removed": true,
    "styles_removed": true,
    "persistent_storage_used": false
  }
}

--- [2026-08-30T12:19:02.570Z] PAYLOAD: tier0-9 ---
{
  "schema_version": "0.2.0",
  "beacon_id": "8bf65394-1889-4f9f-b747-0a176f8c4507",
  "client_id": "shopora-prod",
  "session_token": "73eacd15-4b6c-42b4-a003-b8e124423636",
  "tag_version": "0.2.0",
  "timestamp": "2026-08-30T12:19:02.562Z",
  "sampled": true,
  "page_type": "homepage",
  "page_url_path": "/",
  "sequence_no": 1,
  "page_heading": "Upgrade your everyday for less.",
  "breadcrumb": [],
  "viewport": {
    "width": 889,
    "height": 950
  },
  "surface_id": "d0dfda94-71b6-47e1-9a35-935c2c590b16",
  "region": "en",
  "identity_summary": {
    "state": "unknown"
  },
  "visible_query": null,
  "program_match": null,
  "page": {
    "page_type": "homepage",
    "page_url": "http://localhost:8080/index.html"
  },
  "signals": {
    "t1": [
      {
        "position": 1,
        "surface": "featured",
        "name": "VoltMax 15.6\" Laptop",
        "brand": "VoltMax",
        "price": 729.99,
        "currency": "USD",
        "old_price": 849.99,
        "has_markdown": true,
        "badge": "14% OFF",
        "discount_pct": 14,
        "availability": "in-stock",
        "sponsored": false,
        "delivery_promise": "FREE delivery Tomorrow",
        "discount_amount": "Save $120.00"
      },
      {
        "position": 2,
        "surface": "featured",
        "name": "PulseTune Wireless Headphones",
        "brand": "PulseTune",
        "price": 89.99,
        "currency": "USD",
        "old_price": 119.99,
        "has_markdown": true,
        "badge": "25% OFF",
        "discount_pct": 25,
        "availability": "in-stock",
        "sponsored": false,
        "delivery_promise": "FREE delivery Tomorrow",
        "discount_amount": "Save $30.00"
      },
      {
        "position": 3,
        "surface": "featured",
        "name": "Luna Cotton Graphic Tee",
        "brand": "Luna",
        "price": 18.99,
        "currency": "USD",
        "old_price": 24.99,
        "has_markdown": true,
        "badge": "24% OFF",
        "discount_pct": 24,
        "availability": "in-stock",
        "sponsored": false,
        "delivery_promise": "FREE delivery Tomorrow",
        "discount_amount": "Save $6.00"
      },
      {
        "position": 4,
        "surface": "featured",
        "name": "MetroStride Running Shoes",
        "brand": "MetroStride",
        "price": 74.99,
        "currency": "USD",
        "old_price": 94.99,
        "has_markdown": true,
        "badge": "21% OFF",
        "discount_pct": 21,
        "availability": "in-stock",
        "sponsored": false,
        "delivery_promise": "FREE delivery Tomorrow",
        "discount_amount": "Save $20.00"
      },
      {
        "position": 5,
        "surface": "featured",
        "name": "OakLine Coffee Table",
        "brand": "OakLine",
        "price": 129.99,
        "currency": "USD",
        "old_price": 159.99,
        "has_markdown": true,
        "badge": "19% OFF",
        "discount_pct": 19,
        "availability": "in-stock",
        "sponsored": false,
        "delivery_promise": "FREE delivery Tomorrow",
        "discount_amount": "Save $30.00"
      },
      {
        "position": 6,
        "surface": "featured",
        "name": "SoftNest Throw Blanket",
        "brand": "SoftNest",
        "price": 27.99,
        "currency": "USD",
        "old_price": 35.99,
        "has_markdown": true,
        "badge": "22% OFF",
        "discount_pct": 22,
        "availability": "in-stock",
        "sponsored": false,
        "delivery_promise": "FREE delivery Tomorrow",
        "discount_amount": "Save $8.00"
      },
      {
        "position": 7,
        "surface": "featured",
        "name": "The Last Library",
        "brand": "The",
        "price": 14.99,
        "currency": "USD",
        "old_price": 19.99,
        "has_markdown": true,
        "badge": "25% OFF",
        "discount_pct": 25,
        "availability": "in-stock",
        "sponsored": false,
        "delivery_promise": "FREE delivery Tomorrow",
        "discount_amount": "Save $5.00"
      },
      {
        "position": 8,
        "surface": "featured",
        "name": "Coding for Everyone",
        "brand": "Coding",
        "price": 21.99,
        "currency": "USD",
        "old_price": 26.99,
        "has_markdown": true,
        "badge": "19% OFF",
        "discount_pct": 19,
        "availability": "in-stock",
        "sponsored": false,
        "delivery_promise": "FREE delivery Tomorrow",
        "discount_amount": "Save $5.00"
      }
    ],
    "t3": {
      "total_products": 8,
      "sponsored_count": 0,
      "organic_count": 8,
      "discounted_count": 8,
      "full_price_count": 0,
      "out_of_stock_count": 0,
      "low_stock_count": 0,
      "discount_pct_min": 14,
      "discount_pct_max": 25,
      "discount_pct_median": 22,
      "price_min": 14.99,
      "price_max": 729.99,
      "price_currency": "USD"
    },
    "t4": {
      "hydration_events": [
        {
          "metric": "cart_hydration_time_ms",
          "value": 0
        }
      ],
      "css_hidden_blocks": [
        {
          "selector": "sr-only",
          "gated_copy": "Email address",
          "rendered": false
        }
      ],
      "metadata": {
        "meta_description": "Shop electronics, fashion, home essentials and books at SHOPORA with fast delivery and secure checkout."
      },
      "raw_url": "http://localhost:8080/index.html"
    }
  },
  "budget": {
    "bytes_used": 3571,
    "hard_cap": 51200,
    "tiers_dropped": []
  },
  "privacy_metadata": {
    "pii_scrubbing_version": "0.2.0",
    "local_scrubbing_applied": true,
    "inputs_scrubbed": true,
    "scripts_removed": true,
    "styles_removed": true,
    "persistent_storage_used": false
  }
}

--- [2026-08-30T12:19:20.558Z] PAYLOAD: interaction_events ---
{
  "envelope_type": "interaction_events",
  "schema_version": "0.2.0",
  "tag_version": "0.2.0",
  "client_id": "shopora-prod",
  "session_token": "73eacd15-4b6c-42b4-a003-b8e124423636",
  "flush_id": "96dc76d7-28aa-4d4b-95f8-4ac39f73584c",
  "flush_reason": "unload",
  "events": [
    {
      "event_id": "8b19b78e-4d48-4a99-9868-bded9b10d8c6",
      "event_type": "add_to_cart",
      "timestamp": "2026-08-30T12:19:17.961Z",
      "page_type": "homepage",
      "page_url_path": "/",
      "sku": null,
      "surface": "catalog-grid",
      "position": 2,
      "price": 89.99,
      "currency": "USD"
    },
    {
      "event_id": "8545d8e7-2e6e-4803-a02d-ba20287929a3",
      "event_type": "add_to_cart",
      "timestamp": "2026-08-30T12:19:19.464Z",
      "page_type": "homepage",
      "page_url_path": "/",
      "sku": null,
      "surface": "catalog-grid",
      "position": 5,
      "price": 129.99,
      "currency": "USD"
    }
  ]
}

--- [2026-08-30T12:19:35.366Z] PAYLOAD: tier0-9 ---
{
  "schema_version": "0.2.0",
  "beacon_id": "7e3881be-fe35-4619-9c1e-c6f74fe66025",
  "client_id": "shopora-prod",
  "session_token": "70ee03a6-3cdd-471f-b0c2-d0a6cc74d2a2",
  "tag_version": "0.2.0",
  "timestamp": "2026-08-30T12:19:35.359Z",
  "sampled": true,
  "page_type": "cart",
  "page_url_path": "/cart.html",
  "sequence_no": 1,
  "page_heading": "Shopping cart",
  "breadcrumb": [],
  "viewport": {
    "width": 889,
    "height": 950
  },
  "surface_id": "8f4c1dcf-c8fe-4b45-a55e-402dddcd68e0",
  "region": "en",
  "identity_summary": {
    "state": "unknown"
  },
  "visible_query": null,
  "program_match": null,
  "page": {
    "page_type": "cart",
    "page_url": "http://localhost:8080/cart.html"
  },
  "signals": {
    "t1": [],
    "t2": {
      "page_context": "cart",
      "line_items": [
        {
          "name": "PulseTune Wireless Headphones",
          "quantity": 1,
          "line_total": "$89.99",
          "price": "$89.99",
          "old_price": "$119.99",
          "discount": "25% off"
        },
        {
          "name": "OakLine Coffee Table",
          "quantity": 1,
          "line_total": "$129.99",
          "price": "$129.99",
          "old_price": "$159.99",
          "discount": "19% off"
        }
      ],
      "subtotal": "$219.98",
      "total": "$219.98",
      "savings_shown": "$60.00",
      "delivery_cost": "FREE",
      "subtotal_numeric": 219.98,
      "total_numeric": 219.98,
      "savings_numeric": 60,
      "item_count": 2,
      "promo_field_state": "hidden",
      "promo_field_present": true,
      "checkout_reachable": true,
      "shipping_bar_shown": true,
      "loyalty_balance_rendered": false,
      "promotions": [
        {
          "name": "",
          "amount": "-$0.00"
        }
      ],
      "shipping_threshold_message": "✓ You unlocked FREE delivery!",
      "free_shipping_eligibility": "unknown"
    },
    "t4": {
      "hydration_events": [
        {
          "metric": "cart_hydration_time_ms",
          "value": 60
        }
      ],
      "cart_math_match": true,
      "css_hidden_blocks": [
        {
          "selector": "summary-row savings",
          "gated_copy": "Promo\n                                        () Remove-$0.00",
          "rendered": false
        }
      ],
      "raw_url": "http://localhost:8080/cart.html"
    }
  },
  "budget": {
    "bytes_used": 1505,
    "hard_cap": 51200,
    "tiers_dropped": []
  },
  "privacy_metadata": {
    "pii_scrubbing_version": "0.2.0",
    "local_scrubbing_applied": true,
    "inputs_scrubbed": true,
    "scripts_removed": true,
    "styles_removed": true,
    "persistent_storage_used": false
  }
}

--- [2026-08-30T12:20:11.474Z] PAYLOAD: interaction_events ---
{
  "envelope_type": "interaction_events",
  "schema_version": "0.2.0",
  "tag_version": "0.2.0",
  "client_id": "shopora-prod",
  "session_token": "70ee03a6-3cdd-471f-b0c2-d0a6cc74d2a2",
  "flush_id": "19887b90-9cff-429a-b468-01bbf5333877",
  "flush_reason": "unload",
  "events": [
    {
      "event_id": "5fd4903c-835c-47ee-887b-f648409ecfe9",
      "event_type": "add_to_cart",
      "timestamp": "2026-08-30T12:20:09.594Z",
      "page_type": "cart",
      "page_url_path": "/cart.html",
      "sku": null,
      "surface": "catalog-grid",
      "position": 2,
      "price": 34.99,
      "currency": "USD"
    },
    {
      "event_id": "7516730b-f9b8-4930-a18d-c15a15849397",
      "event_type": "add_to_cart",
      "timestamp": "2026-08-30T12:20:10.776Z",
      "page_type": "cart",
      "page_url_path": "/cart.html",
      "sku": null,
      "surface": "catalog-grid",
      "position": 3,
      "price": 29.99,
      "currency": "USD"
    }
  ]
}

--- [2026-08-30T12:20:59.036Z] PAYLOAD: interaction_events ---
{
  "envelope_type": "interaction_events",
  "schema_version": "0.2.0",
  "tag_version": "0.2.0",
  "client_id": "shopora-prod",
  "session_token": "70ee03a6-3cdd-471f-b0c2-d0a6cc74d2a2",
  "flush_id": "ec600b2e-c70b-4a41-9849-5c84e2e36841",
  "flush_reason": "unload",
  "events": [
    {
      "event_id": "58b37df6-6b89-47b2-a118-d582888e71e4",
      "event_type": "quantity_changed",
      "timestamp": "2026-08-30T12:20:58.561Z",
      "page_type": "cart",
      "page_url_path": "/cart.html",
      "sku": "el-9",
      "quantity_before": 1,
      "quantity_after": 2,
      "line_total_before": "$29.99",
      "line_total_after": "$59.98"
    }
  ]
}

--- [2026-08-30T12:21:39.189Z] PAYLOAD: interaction_events ---
{
  "envelope_type": "interaction_events",
  "schema_version": "0.2.0",
  "tag_version": "0.2.0",
  "client_id": "shopora-prod",
  "session_token": "70ee03a6-3cdd-471f-b0c2-d0a6cc74d2a2",
  "flush_id": "08ea7d91-32b2-4ae3-9e9d-97d7fada22ea",
  "flush_reason": "immediate_navigation",
  "events": [
    {
      "event_id": "b7cf9b8d-a66d-49c8-8b30-722e30b63d1f",
      "event_type": "product_card_clicked",
      "timestamp": "2026-08-30T12:21:39.192Z",
      "page_type": "cart",
      "page_url_path": "/cart.html",
      "sku": "el-9",
      "surface": "catalog-grid",
      "position": 3,
      "price": 29.99,
      "currency": "USD"
    }
  ]
}

--- [2026-08-30T12:21:39.442Z] PAYLOAD: tier0-9 ---
{
  "schema_version": "0.2.0",
  "beacon_id": "22558ebb-9e19-40d4-8a66-c0a72fc5deea",
  "client_id": "shopora-prod",
  "session_token": "22baf66b-6d60-4f9a-9a0b-3c020057e0a2",
  "tag_version": "0.2.0",
  "timestamp": "2026-08-30T12:21:39.444Z",
  "sampled": true,
  "page_type": "pdp",
  "page_url_path": "/pdp.html?id=el-9",
  "sequence_no": 1,
  "page_heading": "Orbit Pro Gaming Mouse",
  "breadcrumb": [
    "HOME /",
    "ELECTRONICS /",
    "ORBIT"
  ],
  "viewport": {
    "width": 889,
    "height": 950
  },
  "surface_id": "492b6b2c-6ae0-44fa-92dd-4692fa695505",
  "region": "en",
  "identity_summary": {
    "state": "unknown"
  },
  "visible_query": null,
  "program_match": null,
  "page": {
    "page_type": "pdp",
    "page_url": "http://localhost:8080/pdp.html?id=el-9"
  },
  "signals": {
    "t1": [
      {
        "position": 1,
        "surface": "hero",
        "name": "Product Specifications",
        "brand": "Orbit Official",
        "price": 29.99,
        "currency": "USD",
        "old_price": 39.99,
        "has_markdown": true,
        "availability": "in-stock",
        "sponsored": false,
        "delivery_promise": "Order within 5 hrs",
        "visible_category_words": [
          "electronics"
        ],
        "badges": [
          "• High Demand"
        ]
      }
    ],
    "t4": {
      "hydration_events": [
        {
          "metric": "cart_hydration_time_ms",
          "value": 0
        }
      ],
      "css_hidden_blocks": [
        {
          "selector": "pdp-accordion-content",
          "gated_copy": "Standard Delivery: 3-5 business days. Free for orders over $50.\n                \n                \n  ",
          "rendered": false
        }
      ],
      "raw_url": "http://localhost:8080/pdp.html?id=el-9"
    }
  },
  "budget": {
    "bytes_used": 1127,
    "hard_cap": 51200,
    "tiers_dropped": []
  },
  "privacy_metadata": {
    "pii_scrubbing_version": "0.2.0",
    "local_scrubbing_applied": true,
    "inputs_scrubbed": true,
    "scripts_removed": true,
    "styles_removed": true,
    "persistent_storage_used": false
  }
}

--- [2026-08-30T12:22:30.149Z] PAYLOAD: tier0-9 ---
{
  "schema_version": "0.2.0",
  "beacon_id": "ff4a805a-1c20-4d93-89ae-83f6998d5326",
  "client_id": "shopora-prod",
  "session_token": "229ec422-bf49-4492-b163-d14325e2f393",
  "tag_version": "0.2.0",
  "timestamp": "2026-08-30T12:22:30.151Z",
  "sampled": true,
  "page_type": "homepage",
  "page_url_path": "/",
  "sequence_no": 1,
  "page_heading": "Upgrade your everyday for less.",
  "breadcrumb": [],
  "viewport": {
    "width": 889,
    "height": 950
  },
  "surface_id": "ec18ec3c-0d4e-4d85-a888-4472b7e61c30",
  "region": "en",
  "identity_summary": {
    "state": "unknown"
  },
  "visible_query": null,
  "program_match": null,
  "page": {
    "page_type": "homepage",
    "page_url": "http://localhost:8080/index.html"
  },
  "signals": {
    "t1": [
      {
        "position": 1,
        "surface": "featured",
        "name": "VoltMax 15.6\" Laptop",
        "brand": "VoltMax",
        "price": 729.99,
        "currency": "USD",
        "old_price": 849.99,
        "has_markdown": true,
        "badge": "14% OFF",
        "discount_pct": 14,
        "availability": "in-stock",
        "sponsored": false,
        "delivery_promise": "FREE delivery Tomorrow",
        "discount_amount": "Save $120.00"
      },
      {
        "position": 2,
        "surface": "featured",
        "name": "PulseTune Wireless Headphones",
        "brand": "PulseTune",
        "price": 89.99,
        "currency": "USD",
        "old_price": 119.99,
        "has_markdown": true,
        "badge": "25% OFF",
        "discount_pct": 25,
        "availability": "in-stock",
        "sponsored": false,
        "delivery_promise": "FREE delivery Tomorrow",
        "discount_amount": "Save $30.00"
      },
      {
        "position": 3,
        "surface": "featured",
        "name": "Luna Cotton Graphic Tee",
        "brand": "Luna",
        "price": 18.99,
        "currency": "USD",
        "old_price": 24.99,
        "has_markdown": true,
        "badge": "24% OFF",
        "discount_pct": 24,
        "availability": "in-stock",
        "sponsored": false,
        "delivery_promise": "FREE delivery Tomorrow",
        "discount_amount": "Save $6.00"
      },
      {
        "position": 4,
        "surface": "featured",
        "name": "MetroStride Running Shoes",
        "brand": "MetroStride",
        "price": 74.99,
        "currency": "USD",
        "old_price": 94.99,
        "has_markdown": true,
        "badge": "21% OFF",
        "discount_pct": 21,
        "availability": "in-stock",
        "sponsored": false,
        "delivery_promise": "FREE delivery Tomorrow",
        "discount_amount": "Save $20.00"
      },
      {
        "position": 5,
        "surface": "featured",
        "name": "OakLine Coffee Table",
        "brand": "OakLine",
        "price": 129.99,
        "currency": "USD",
        "old_price": 159.99,
        "has_markdown": true,
        "badge": "19% OFF",
        "discount_pct": 19,
        "availability": "in-stock",
        "sponsored": false,
        "delivery_promise": "FREE delivery Tomorrow",
        "discount_amount": "Save $30.00"
      },
      {
        "position": 6,
        "surface": "featured",
        "name": "SoftNest Throw Blanket",
        "brand": "SoftNest",
        "price": 27.99,
        "currency": "USD",
        "old_price": 35.99,
        "has_markdown": true,
        "badge": "22% OFF",
        "discount_pct": 22,
        "availability": "in-stock",
        "sponsored": false,
        "delivery_promise": "FREE delivery Tomorrow",
        "discount_amount": "Save $8.00"
      },
      {
        "position": 7,
        "surface": "featured",
        "name": "The Last Library",
        "brand": "The",
        "price": 14.99,
        "currency": "USD",
        "old_price": 19.99,
        "has_markdown": true,
        "badge": "25% OFF",
        "discount_pct": 25,
        "availability": "in-stock",
        "sponsored": false,
        "delivery_promise": "FREE delivery Tomorrow",
        "discount_amount": "Save $5.00"
      },
      {
        "position": 8,
        "surface": "featured",
        "name": "Coding for Everyone",
        "brand": "Coding",
        "price": 21.99,
        "currency": "USD",
        "old_price": 26.99,
        "has_markdown": true,
        "badge": "19% OFF",
        "discount_pct": 19,
        "availability": "in-stock",
        "sponsored": false,
        "delivery_promise": "FREE delivery Tomorrow",
        "discount_amount": "Save $5.00"
      }
    ],
    "t3": {
      "total_products": 8,
      "sponsored_count": 0,
      "organic_count": 8,
      "discounted_count": 8,
      "full_price_count": 0,
      "out_of_stock_count": 0,
      "low_stock_count": 0,
      "discount_pct_min": 14,
      "discount_pct_max": 25,
      "discount_pct_median": 22,
      "price_min": 14.99,
      "price_max": 729.99,
      "price_currency": "USD"
    },
    "t4": {
      "hydration_events": [
        {
          "metric": "cart_hydration_time_ms",
          "value": 0
        }
      ],
      "css_hidden_blocks": [
        {
          "selector": "sr-only",
          "gated_copy": "Email address",
          "rendered": false
        }
      ],
      "metadata": {
        "meta_description": "Shop electronics, fashion, home essentials and books at SHOPORA with fast delivery and secure checkout."
      },
      "raw_url": "http://localhost:8080/index.html"
    }
  },
  "budget": {
    "bytes_used": 3571,
    "hard_cap": 51200,
    "tiers_dropped": []
  },
  "privacy_metadata": {
    "pii_scrubbing_version": "0.2.0",
    "local_scrubbing_applied": true,
    "inputs_scrubbed": true,
    "scripts_removed": true,
    "styles_removed": true,
    "persistent_storage_used": false
  }
}

--- [2026-08-30T12:22:36.386Z] PAYLOAD: interaction_events ---
{
  "envelope_type": "interaction_events",
  "schema_version": "0.2.0",
  "tag_version": "0.2.0",
  "client_id": "shopora-prod",
  "session_token": "229ec422-bf49-4492-b163-d14325e2f393",
  "flush_id": "b73fba42-7408-4051-9ade-8829a7fe0f57",
  "flush_reason": "immediate_navigation",
  "events": [
    {
      "event_id": "ca4f8621-8cfe-4dfd-85f7-b8288e9550a3",
      "event_type": "product_card_clicked",
      "timestamp": "2026-08-30T12:22:36.391Z",
      "page_type": "homepage",
      "page_url_path": "/",
      "sku": "ho-4",
      "surface": "catalog-grid",
      "position": 6,
      "price": 27.99,
      "currency": "USD"
    }
  ]
}

--- [2026-08-30T12:22:36.737Z] PAYLOAD: tier0-9 ---
{
  "schema_version": "0.2.0",
  "beacon_id": "0d11bb86-0cee-4d10-a90f-6eda52626d81",
  "client_id": "shopora-prod",
  "session_token": "63ee231b-b36b-4cf5-914c-b26446fe817d",
  "tag_version": "0.2.0",
  "timestamp": "2026-08-30T12:22:36.741Z",
  "sampled": true,
  "page_type": "pdp",
  "page_url_path": "/pdp.html?id=ho-4",
  "sequence_no": 1,
  "page_heading": "SoftNest Throw Blanket",
  "breadcrumb": [
    "HOME /",
    "HOME /",
    "SOFTNEST"
  ],
  "viewport": {
    "width": 889,
    "height": 950
  },
  "surface_id": "1cb2f79f-6b40-4035-8a6d-1bdf5f65b1c9",
  "region": "en",
  "identity_summary": {
    "state": "unknown"
  },
  "visible_query": null,
  "program_match": null,
  "page": {
    "page_type": "pdp",
    "page_url": "http://localhost:8080/pdp.html?id=ho-4"
  },
  "signals": {
    "t1": [
      {
        "position": 1,
        "surface": "hero",
        "name": "Product Specifications",
        "brand": "SoftNest Official",
        "price": 27.99,
        "currency": "USD",
        "old_price": 35.99,
        "has_markdown": true,
        "badge": "SAVE 22%",
        "discount_pct": 22,
        "availability": "in-stock",
        "sponsored": false,
        "delivery_promise": "Order within 5 hrs",
        "visible_category_words": [
          "home"
        ],
        "badges": [
          "• High Demand"
        ]
      }
    ],
    "t4": {
      "hydration_events": [
        {
          "metric": "cart_hydration_time_ms",
          "value": 0
        }
      ],
      "css_hidden_blocks": [
        {
          "selector": "pdp-accordion-content",
          "gated_copy": "Standard Delivery: 3-5 business days. Free for orders over $50.\n                \n                \n  ",
          "rendered": false
        }
      ],
      "raw_url": "http://localhost:8080/pdp.html?id=ho-4"
    }
  },
  "budget": {
    "bytes_used": 1156,
    "hard_cap": 51200,
    "tiers_dropped": []
  },
  "privacy_metadata": {
    "pii_scrubbing_version": "0.2.0",
    "local_scrubbing_applied": true,
    "inputs_scrubbed": true,
    "scripts_removed": true,
    "styles_removed": true,
    "persistent_storage_used": false
  }
}

--- [2026-08-30T12:52:00.199Z] PAYLOAD: tier0-9 ---
{
  "schema_version": "0.2.0",
  "beacon_id": "7e11810e-20e5-4c81-9cba-0dacad4e6e9f",
  "client_id": "shopora-prod",
  "session_token": "7ada9fed-b0bd-47fa-afce-c2730c59ba5c",
  "tag_version": "0.2.0",
  "timestamp": "2026-08-30T12:52:00.189Z",
  "sampled": true,
  "page_type": "homepage",
  "page_url_path": "/",
  "sequence_no": 1,
  "page_heading": "Upgrade your everyday for less.",
  "breadcrumb": [],
  "viewport": {
    "width": 889,
    "height": 950
  },
  "surface_id": "ad97668e-0e16-440c-b96e-d14e8e713435",
  "region": "en",
  "identity_summary": {
    "state": "unknown"
  },
  "visible_query": null,
  "program_match": null,
  "page": {
    "page_type": "homepage",
    "page_url": "http://localhost:8080/index.html"
  },
  "signals": {
    "t1": [
      {
        "position": 1,
        "surface": "featured",
        "name": "VoltMax 15.6\" Laptop",
        "brand": "VoltMax",
        "price": 729.99,
        "currency": "USD",
        "old_price": 849.99,
        "has_markdown": true,
        "badge": "14% OFF",
        "discount_pct": 14,
        "availability": "in-stock",
        "sponsored": false,
        "delivery_promise": "FREE delivery Tomorrow",
        "discount_amount": "Save $120.00"
      },
      {
        "position": 2,
        "surface": "featured",
        "name": "PulseTune Wireless Headphones",
        "brand": "PulseTune",
        "price": 89.99,
        "currency": "USD",
        "old_price": 119.99,
        "has_markdown": true,
        "badge": "25% OFF",
        "discount_pct": 25,
        "availability": "in-stock",
        "sponsored": false,
        "delivery_promise": "FREE delivery Tomorrow",
        "discount_amount": "Save $30.00"
      },
      {
        "position": 3,
        "surface": "featured",
        "name": "Luna Cotton Graphic Tee",
        "brand": "Luna",
        "price": 18.99,
        "currency": "USD",
        "old_price": 24.99,
        "has_markdown": true,
        "badge": "24% OFF",
        "discount_pct": 24,
        "availability": "in-stock",
        "sponsored": false,
        "delivery_promise": "FREE delivery Tomorrow",
        "discount_amount": "Save $6.00"
      },
      {
        "position": 4,
        "surface": "featured",
        "name": "MetroStride Running Shoes",
        "brand": "MetroStride",
        "price": 74.99,
        "currency": "USD",
        "old_price": 94.99,
        "has_markdown": true,
        "badge": "21% OFF",
        "discount_pct": 21,
        "availability": "in-stock",
        "sponsored": false,
        "delivery_promise": "FREE delivery Tomorrow",
        "discount_amount": "Save $20.00"
      },
      {
        "position": 5,
        "surface": "featured",
        "name": "OakLine Coffee Table",
        "brand": "OakLine",
        "price": 129.99,
        "currency": "USD",
        "old_price": 159.99,
        "has_markdown": true,
        "badge": "19% OFF",
        "discount_pct": 19,
        "availability": "in-stock",
        "sponsored": false,
        "delivery_promise": "FREE delivery Tomorrow",
        "discount_amount": "Save $30.00"
      },
      {
        "position": 6,
        "surface": "featured",
        "name": "SoftNest Throw Blanket",
        "brand": "SoftNest",
        "price": 27.99,
        "currency": "USD",
        "old_price": 35.99,
        "has_markdown": true,
        "badge": "22% OFF",
        "discount_pct": 22,
        "availability": "in-stock",
        "sponsored": false,
        "delivery_promise": "FREE delivery Tomorrow",
        "discount_amount": "Save $8.00"
      },
      {
        "position": 7,
        "surface": "featured",
        "name": "The Last Library",
        "brand": "The",
        "price": 14.99,
        "currency": "USD",
        "old_price": 19.99,
        "has_markdown": true,
        "badge": "25% OFF",
        "discount_pct": 25,
        "availability": "in-stock",
        "sponsored": false,
        "delivery_promise": "FREE delivery Tomorrow",
        "discount_amount": "Save $5.00"
      },
      {
        "position": 8,
        "surface": "featured",
        "name": "Coding for Everyone",
        "brand": "Coding",
        "price": 21.99,
        "currency": "USD",
        "old_price": 26.99,
        "has_markdown": true,
        "badge": "19% OFF",
        "discount_pct": 19,
        "availability": "in-stock",
        "sponsored": false,
        "delivery_promise": "FREE delivery Tomorrow",
        "discount_amount": "Save $5.00"
      }
    ],
    "t3": {
      "total_products": 8,
      "sponsored_count": 0,
      "organic_count": 8,
      "discounted_count": 8,
      "full_price_count": 0,
      "out_of_stock_count": 0,
      "low_stock_count": 0,
      "discount_pct_min": 14,
      "discount_pct_max": 25,
      "discount_pct_median": 22,
      "price_min": 14.99,
      "price_max": 729.99,
      "price_currency": "USD"
    },
    "t4": {
      "hydration_events": [
        {
          "metric": "cart_hydration_time_ms",
          "value": 0
        }
      ],
      "css_hidden_blocks": [
        {
          "selector": "sr-only",
          "gated_copy": "Email address",
          "rendered": false
        }
      ],
      "metadata": {
        "meta_description": "Shop electronics, fashion, home essentials and books at SHOPORA with fast delivery and secure checkout."
      },
      "raw_url": "http://localhost:8080/index.html"
    }
  },
  "budget": {
    "bytes_used": 3571,
    "hard_cap": 51200,
    "tiers_dropped": []
  },
  "privacy_metadata": {
    "pii_scrubbing_version": "0.2.0",
    "local_scrubbing_applied": true,
    "inputs_scrubbed": true,
    "scripts_removed": true,
    "styles_removed": true,
    "persistent_storage_used": false
  }
}

--- [2026-08-30T12:52:10.917Z] PAYLOAD: interaction_events ---
{
  "envelope_type": "interaction_events",
  "schema_version": "0.2.0",
  "tag_version": "0.2.0",
  "client_id": "shopora-prod",
  "session_token": "7ada9fed-b0bd-47fa-afce-c2730c59ba5c",
  "flush_id": "c4e52f56-d050-4c4b-8650-e23fef77cc43",
  "flush_reason": "unload",
  "events": [
    {
      "event_id": "8d498ea6-8c0c-4cc1-855f-6c7d98186bd4",
      "event_type": "add_to_cart",
      "timestamp": "2026-08-30T12:52:09.902Z",
      "page_type": "homepage",
      "page_url_path": "/",
      "sku": null,
      "surface": "catalog-grid",
      "position": 2,
      "price": 89.99,
      "currency": "USD"
    }
  ]
}

--- [2026-08-30T12:52:21.135Z] PAYLOAD: tier0-9 ---
{
  "schema_version": "0.2.0",
  "beacon_id": "c5d2996f-66a1-4b0c-9a7a-7e33371b1423",
  "client_id": "shopora-prod",
  "session_token": "61a896ea-a6c7-4510-b8e0-5081d7106489",
  "tag_version": "0.2.0",
  "timestamp": "2026-08-30T12:52:21.126Z",
  "sampled": true,
  "page_type": "homepage",
  "page_url_path": "/",
  "sequence_no": 1,
  "page_heading": "Upgrade your everyday for less.",
  "breadcrumb": [],
  "viewport": {
    "width": 889,
    "height": 950
  },
  "surface_id": "bd6ef9e6-1bcd-4ba7-87e4-455cf6b20a61",
  "region": "en",
  "identity_summary": {
    "state": "unknown"
  },
  "visible_query": null,
  "program_match": null,
  "page": {
    "page_type": "homepage",
    "page_url": "http://localhost:8080/index.html"
  },
  "signals": {
    "t1": [],
    "t4": {
      "hydration_events": [
        {
          "metric": "cart_hydration_time_ms",
          "value": 0
        }
      ],
      "css_hidden_blocks": [
        {
          "selector": "sr-only",
          "gated_copy": "Email address",
          "rendered": false
        }
      ],
      "metadata": {
        "meta_description": "Shop electronics, fashion, home essentials and books at SHOPORA with fast delivery and secure checkout."
      },
      "raw_url": "http://localhost:8080/index.html"
    }
  },
  "budget": {
    "bytes_used": 812,
    "hard_cap": 51200,
    "tiers_dropped": []
  },
  "privacy_metadata": {
    "pii_scrubbing_version": "0.2.0",
    "local_scrubbing_applied": true,
    "inputs_scrubbed": true,
    "scripts_removed": true,
    "styles_removed": true,
    "persistent_storage_used": false
  }
}

--- [2026-08-30T12:52:35.123Z] PAYLOAD: tier0-9 ---
{
  "schema_version": "0.2.0",
  "beacon_id": "e6d041e6-9334-4b67-8d68-3a4ccc262aba",
  "client_id": "shopora-prod",
  "session_token": "5ee456e9-63cc-4f53-99b5-a11f7253c4aa",
  "tag_version": "0.2.0",
  "timestamp": "2026-08-30T12:52:35.119Z",
  "sampled": true,
  "page_type": "homepage",
  "page_url_path": "/",
  "sequence_no": 1,
  "page_heading": "Upgrade your everyday for less.",
  "breadcrumb": [],
  "viewport": {
    "width": 889,
    "height": 950
  },
  "surface_id": "b09f04ac-cfd4-429e-baca-edef92ff0c3e",
  "region": "en",
  "identity_summary": {
    "state": "unknown"
  },
  "visible_query": null,
  "program_match": null,
  "page": {
    "page_type": "homepage",
    "page_url": "http://localhost:8080/index.html"
  },
  "signals": {
    "t1": [],
    "t4": {
      "hydration_events": [
        {
          "metric": "cart_hydration_time_ms",
          "value": 0
        }
      ],
      "css_hidden_blocks": [
        {
          "selector": "sr-only",
          "gated_copy": "Email address",
          "rendered": false
        }
      ],
      "metadata": {
        "meta_description": "Shop electronics, fashion, home essentials and books at SHOPORA with fast delivery and secure checkout."
      },
      "raw_url": "http://localhost:8080/index.html"
    }
  },
  "budget": {
    "bytes_used": 812,
    "hard_cap": 51200,
    "tiers_dropped": []
  },
  "privacy_metadata": {
    "pii_scrubbing_version": "0.2.0",
    "local_scrubbing_applied": true,
    "inputs_scrubbed": true,
    "scripts_removed": true,
    "styles_removed": true,
    "persistent_storage_used": false
  }
}

--- [2026-08-30T12:53:01.196Z] PAYLOAD: tier0-9 ---
{
  "schema_version": "0.2.0",
  "beacon_id": "847d5945-048b-4e31-aea7-d42a3e29a9b0",
  "client_id": "shopora-prod",
  "session_token": "bb81bb79-411b-4d53-9b1f-a6ccffd3ca0c",
  "tag_version": "0.2.0",
  "timestamp": "2026-08-30T12:53:01.186Z",
  "sampled": true,
  "page_type": "homepage",
  "page_url_path": "/",
  "sequence_no": 1,
  "page_heading": "Upgrade your everyday for less.",
  "breadcrumb": [],
  "viewport": {
    "width": 889,
    "height": 950
  },
  "surface_id": "720edf3e-f3e5-4f83-977b-e23ee48cfff8",
  "region": "en",
  "identity_summary": {
    "state": "unknown"
  },
  "visible_query": null,
  "program_match": null,
  "page": {
    "page_type": "homepage",
    "page_url": "http://127.0.0.1:8080/index.html"
  },
  "signals": {
    "t1": [
      {
        "position": 1,
        "surface": "featured",
        "name": "VoltMax 15.6\" Laptop",
        "brand": "VoltMax",
        "price": 729.99,
        "currency": "USD",
        "old_price": 849.99,
        "has_markdown": true,
        "badge": "14% OFF",
        "discount_pct": 14,
        "availability": "in-stock",
        "sponsored": false,
        "delivery_promise": "FREE delivery Tomorrow",
        "discount_amount": "Save $120.00"
      },
      {
        "position": 2,
        "surface": "featured",
        "name": "PulseTune Wireless Headphones",
        "brand": "PulseTune",
        "price": 89.99,
        "currency": "USD",
        "old_price": 119.99,
        "has_markdown": true,
        "badge": "25% OFF",
        "discount_pct": 25,
        "availability": "in-stock",
        "sponsored": false,
        "delivery_promise": "FREE delivery Tomorrow",
        "discount_amount": "Save $30.00"
      },
      {
        "position": 3,
        "surface": "featured",
        "name": "Luna Cotton Graphic Tee",
        "brand": "Luna",
        "price": 18.99,
        "currency": "USD",
        "old_price": 24.99,
        "has_markdown": true,
        "badge": "24% OFF",
        "discount_pct": 24,
        "availability": "in-stock",
        "sponsored": false,
        "delivery_promise": "FREE delivery Tomorrow",
        "discount_amount": "Save $6.00"
      },
      {
        "position": 4,
        "surface": "featured",
        "name": "MetroStride Running Shoes",
        "brand": "MetroStride",
        "price": 74.99,
        "currency": "USD",
        "old_price": 94.99,
        "has_markdown": true,
        "badge": "21% OFF",
        "discount_pct": 21,
        "availability": "in-stock",
        "sponsored": false,
        "delivery_promise": "FREE delivery Tomorrow",
        "discount_amount": "Save $20.00"
      },
      {
        "position": 5,
        "surface": "featured",
        "name": "OakLine Coffee Table",
        "brand": "OakLine",
        "price": 129.99,
        "currency": "USD",
        "old_price": 159.99,
        "has_markdown": true,
        "badge": "19% OFF",
        "discount_pct": 19,
        "availability": "in-stock",
        "sponsored": false,
        "delivery_promise": "FREE delivery Tomorrow",
        "discount_amount": "Save $30.00"
      },
      {
        "position": 6,
        "surface": "featured",
        "name": "SoftNest Throw Blanket",
        "brand": "SoftNest",
        "price": 27.99,
        "currency": "USD",
        "old_price": 35.99,
        "has_markdown": true,
        "badge": "22% OFF",
        "discount_pct": 22,
        "availability": "in-stock",
        "sponsored": false,
        "delivery_promise": "FREE delivery Tomorrow",
        "discount_amount": "Save $8.00"
      },
      {
        "position": 7,
        "surface": "featured",
        "name": "The Last Library",
        "brand": "The",
        "price": 14.99,
        "currency": "USD",
        "old_price": 19.99,
        "has_markdown": true,
        "badge": "25% OFF",
        "discount_pct": 25,
        "availability": "in-stock",
        "sponsored": false,
        "delivery_promise": "FREE delivery Tomorrow",
        "discount_amount": "Save $5.00"
      },
      {
        "position": 8,
        "surface": "featured",
        "name": "Coding for Everyone",
        "brand": "Coding",
        "price": 21.99,
        "currency": "USD",
        "old_price": 26.99,
        "has_markdown": true,
        "badge": "19% OFF",
        "discount_pct": 19,
        "availability": "in-stock",
        "sponsored": false,
        "delivery_promise": "FREE delivery Tomorrow",
        "discount_amount": "Save $5.00"
      }
    ],
    "t3": {
      "total_products": 8,
      "sponsored_count": 0,
      "organic_count": 8,
      "discounted_count": 8,
      "full_price_count": 0,
      "out_of_stock_count": 0,
      "low_stock_count": 0,
      "discount_pct_min": 14,
      "discount_pct_max": 25,
      "discount_pct_median": 22,
      "price_min": 14.99,
      "price_max": 729.99,
      "price_currency": "USD"
    },
    "t4": {
      "hydration_events": [
        {
          "metric": "cart_hydration_time_ms",
          "value": 0
        }
      ],
      "css_hidden_blocks": [
        {
          "selector": "sr-only",
          "gated_copy": "Email address",
          "rendered": false
        }
      ],
      "metadata": {
        "meta_description": "Shop electronics, fashion, home essentials and books at SHOPORA with fast delivery and secure checkout."
      },
      "raw_url": "http://127.0.0.1:8080/index.html"
    }
  },
  "budget": {
    "bytes_used": 3571,
    "hard_cap": 51200,
    "tiers_dropped": []
  },
  "privacy_metadata": {
    "pii_scrubbing_version": "0.2.0",
    "local_scrubbing_applied": true,
    "inputs_scrubbed": true,
    "scripts_removed": true,
    "styles_removed": true,
    "persistent_storage_used": false
  }
}

--- [2026-08-30T12:53:14.519Z] PAYLOAD: interaction_events ---
{
  "envelope_type": "interaction_events",
  "schema_version": "0.2.0",
  "tag_version": "0.2.0",
  "client_id": "shopora-prod",
  "session_token": "bb81bb79-411b-4d53-9b1f-a6ccffd3ca0c",
  "flush_id": "437a9c9f-e329-44bd-9d23-ce7d390df7b0",
  "flush_reason": "unload",
  "events": [
    {
      "event_id": "f3998fb9-0c4b-4c30-b2f9-ef8d29ea5cb1",
      "event_type": "add_to_cart",
      "timestamp": "2026-08-30T12:53:13.573Z",
      "page_type": "homepage",
      "page_url_path": "/",
      "sku": null,
      "surface": "catalog-grid",
      "position": 2,
      "price": 89.99,
      "currency": "USD"
    }
  ]
}

--- [2026-08-30T12:54:06.744Z] PAYLOAD: tier0-9 ---
{
  "schema_version": "0.2.0",
  "beacon_id": "ec27b8fd-edec-4c3e-b9bb-f0d6eddfaa9d",
  "client_id": "shopora-prod",
  "session_token": "17814fed-7e60-45ba-9a98-57beaf5234a4",
  "tag_version": "0.2.0",
  "timestamp": "2026-08-30T12:54:06.726Z",
  "sampled": true,
  "page_type": "category",
  "page_url_path": "/category.html?category=home",
  "sequence_no": 1,
  "page_heading": "Home Decor",
  "breadcrumb": [],
  "viewport": {
    "width": 889,
    "height": 950
  },
  "surface_id": "4be613e1-7546-4733-beb6-969f43a293b0",
  "region": "en",
  "identity_summary": {
    "state": "unknown"
  },
  "visible_query": null,
  "program_match": null,
  "page": {
    "page_type": "category",
    "page_url": "http://127.0.0.1:8080/category.html?category=home"
  },
  "signals": {
    "t1": [
      {
        "position": 1,
        "surface": "catalog-grid",
        "name": "SoftNest Throw Blanket",
        "brand": "SoftNest",
        "price": 27.99,
        "currency": "USD",
        "old_price": 35.99,
        "has_markdown": true,
        "badge": "22% OFF",
        "discount_pct": 22,
        "availability": "in-stock",
        "sponsored": false,
        "delivery_promise": "FREE delivery Tomorrow",
        "discount_amount": "Save $8.00"
      },
      {
        "position": 2,
        "surface": "catalog-grid",
        "name": "PebbleBath Towel Set",
        "brand": "PebbleBath",
        "price": 31.99,
        "currency": "USD",
        "old_price": 41.99,
        "has_markdown": true,
        "badge": "24% OFF",
        "discount_pct": 24,
        "availability": "in-stock",
        "sponsored": false,
        "delivery_promise": "FREE delivery Tomorrow",
        "discount_amount": "Save $10.00"
      },
      {
        "position": 3,
        "surface": "catalog-grid",
        "name": "OakLine Coffee Table",
        "brand": "OakLine",
        "price": 129.99,
        "currency": "USD",
        "old_price": 159.99,
        "has_markdown": true,
        "badge": "19% OFF",
        "discount_pct": 19,
        "availability": "in-stock",
        "sponsored": false,
        "delivery_promise": "FREE delivery Tomorrow",
        "discount_amount": "Save $30.00"
      },
      {
        "position": 4,
        "surface": "catalog-grid",
        "name": "SparkStone Candle Set",
        "brand": "SparkStone",
        "price": 22.99,
        "currency": "USD",
        "old_price": 28.99,
        "has_markdown": true,
        "badge": "21% OFF",
        "discount_pct": 21,
        "availability": "in-stock",
        "sponsored": false,
        "delivery_promise": "FREE delivery Tomorrow",
        "discount_amount": "Save $6.00"
      },
      {
        "position": 5,
        "surface": "catalog-grid",
        "name": "LuxeGlow Table Lamp",
        "brand": "LuxeGlow",
        "price": 39.99,
        "currency": "USD",
        "old_price": 49.99,
        "has_markdown": true,
        "badge": "20% OFF",
        "discount_pct": 20,
        "availability": "in-stock",
        "sponsored": false,
        "delivery_promise": "FREE delivery Tomorrow",
        "discount_amount": "Save $10.00"
      },
      {
        "position": 6,
        "surface": "catalog-grid",
        "name": "MarbleTone Side Table",
        "brand": "MarbleTone",
        "price": 74.99,
        "currency": "USD",
        "old_price": 94.99,
        "has_markdown": true,
        "badge": "21% OFF",
        "discount_pct": 21,
        "availability": "in-stock",
        "sponsored": false,
        "delivery_promise": "FREE delivery Tomorrow",
        "discount_amount": "Save $20.00"
      },
      {
        "position": 7,
        "surface": "catalog-grid",
        "name": "NestGrid Storage Basket",
        "brand": "NestGrid",
        "price": 19.99,
        "currency": "USD",
        "old_price": 25.99,
        "has_markdown": true,
        "badge": "23% OFF",
        "discount_pct": 23,
        "availability": "in-stock",
        "sponsored": false,
        "delivery_promise": "FREE delivery Tomorrow",
        "discount_amount": "Save $6.00"
      },
      {
        "position": 8,
        "surface": "catalog-grid",
        "name": "AuraMirror Wall Mirror",
        "brand": "AuraMirror",
        "price": 59.99,
        "currency": "USD",
        "old_price": 74.99,
        "has_markdown": true,
        "badge": "20% OFF",
        "discount_pct": 20,
        "availability": "in-stock",
        "sponsored": false,
        "delivery_promise": "FREE delivery Tomorrow",
        "discount_amount": "Save $15.00"
      },
      {
        "position": 9,
        "surface": "catalog-grid",
        "name": "FrameLine Wall Art Set",
        "brand": "FrameLine",
        "price": 44.99,
        "currency": "USD",
        "old_price": 56.99,
        "has_markdown": true,
        "badge": "21% OFF",
        "discount_pct": 21,
        "availability": "in-stock",
        "sponsored": false,
        "delivery_promise": "FREE delivery Tomorrow",
        "discount_amount": "Save $12.00"
      },
      {
        "position": 10,
        "surface": "catalog-grid",
        "name": "SlateLine Shelf Organizer",
        "brand": "SlateLine",
        "price": 26.99,
        "currency": "USD",
        "old_price": 34.99,
        "has_markdown": true,
        "badge": "23% OFF",
        "discount_pct": 23,
        "availability": "in-stock",
        "sponsored": false,
        "delivery_promise": "FREE delivery Tomorrow",
        "discount_amount": "Save $8.00"
      },
      {
        "position": 11,
        "surface": "catalog-grid",
        "name": "Cinder Ceramic Vase",
        "brand": "Cinder",
        "price": 24.99,
        "currency": "USD",
        "old_price": 31.99,
        "has_markdown": true,
        "badge": "22% OFF",
        "discount_pct": 22,
        "availability": "in-stock",
        "sponsored": false,
        "delivery_promise": "FREE delivery Tomorrow",
        "discount_amount": "Save $7.00"
      },
      {
        "position": 12,
        "surface": "catalog-grid",
        "name": "PureDrop Humidifier",
        "brand": "PureDrop",
        "price": 49.99,
        "currency": "USD",
        "old_price": 64.99,
        "has_markdown": true,
        "badge": "23% OFF",
        "discount_pct": 23,
        "availability": "in-stock",
        "sponsored": false,
        "delivery_promise": "FREE delivery Tomorrow",
        "discount_amount": "Save $15.00"
      },
      {
        "position": 13,
        "surface": "catalog-grid",
        "name": "CloudSeat Cushion Set",
        "brand": "CloudSeat",
        "price": 29.99,
        "currency": "USD",
        "old_price": 38.99,
        "has_markdown": true,
        "badge": "23% OFF",
        "discount_pct": 23,
        "availability": "in-stock",
        "sponsored": false,
        "delivery_promise": "FREE delivery Tomorrow",
        "discount_amount": "Save $9.00"
      },
      {
        "position": 14,
        "surface": "catalog-grid",
        "name": "BreezeCurtain Panel Pair",
        "brand": "BreezeCurtain",
        "price": 34.99,
        "currency": "USD",
        "old_price": 44.99,
        "has_markdown": true,
        "badge": "22% OFF",
        "discount_pct": 22,
        "availability": "in-stock",
        "sponsored": false,
        "delivery_promise": "FREE delivery Tomorrow",
        "discount_amount": "Save $10.00"
      },
      {
        "position": 15,
        "surface": "catalog-grid",
        "name": "KitchenBloom Herb Planter",
        "brand": "KitchenBloom",
        "price": 18.99,
        "currency": "USD",
        "old_price": 24.99,
        "has_markdown": true,
        "badge": "24% OFF",
        "discount_pct": 24,
        "availability": "in-stock",
        "sponsored": false,
        "delivery_promise": "FREE delivery Tomorrow",
        "discount_amount": "Save $6.00"
      }
    ],
    "t3": {
      "total_products": 15,
      "sponsored_count": 0,
      "organic_count": 15,
      "discounted_count": 15,
      "full_price_count": 0,
      "out_of_stock_count": 0,
      "low_stock_count": 0,
      "discount_pct_min": 19,
      "discount_pct_max": 24,
      "discount_pct_median": 22,
      "price_min": 18.99,
      "price_max": 129.99,
      "price_currency": "USD"
    },
    "t4": {
      "hydration_events": [
        {
          "metric": "cart_hydration_time_ms",
          "value": 64
        }
      ],
      "result_count_stated": 15,
      "result_count_rendered": 15,
      "result_count_match": true,
      "css_hidden_blocks": [
        {
          "selector": "empty-results",
          "gated_copy": "⌕\n                                        No products found\n                                        ",
          "rendered": false
        }
      ],
      "metadata": {
        "meta_description": "Browse and filter all SHOPORA products."
      },
      "raw_url": "http://127.0.0.1:8080/category.html?category=home"
    }
  },
  "budget": {
    "bytes_used": 5970,
    "hard_cap": 51200,
    "tiers_dropped": []
  },
  "privacy_metadata": {
    "pii_scrubbing_version": "0.2.0",
    "local_scrubbing_applied": true,
    "inputs_scrubbed": true,
    "scripts_removed": true,
    "styles_removed": true,
    "persistent_storage_used": false
  }
}

--- [2026-08-30T12:54:22.627Z] PAYLOAD: interaction_events ---
{
  "envelope_type": "interaction_events",
  "schema_version": "0.2.0",
  "tag_version": "0.2.0",
  "client_id": "shopora-prod",
  "session_token": "17814fed-7e60-45ba-9a98-57beaf5234a4",
  "flush_id": "13b639e4-fd7f-4b8e-858e-43e610a1a94a",
  "flush_reason": "unload",
  "events": [
    {
      "event_id": "00a51653-8fb0-4cd8-b132-95652c51f181",
      "event_type": "add_to_cart",
      "timestamp": "2026-08-30T12:54:21.706Z",
      "page_type": "category",
      "page_url_path": "/category.html",
      "sku": null,
      "surface": "catalog-grid",
      "position": 2,
      "price": 31.99,
      "currency": "USD"
    }
  ]
}

--- [2026-08-30T12:55:20.592Z] PAYLOAD: tier0-9 ---
{
  "schema_version": "0.2.0",
  "beacon_id": "cde2d847-11a5-4b6e-b5ac-af8db6646593",
  "client_id": "shopora-prod",
  "session_token": "ae90c491-da7c-4e1d-bb11-adcec4953c42",
  "tag_version": "0.2.0",
  "timestamp": "2026-08-30T12:55:20.584Z",
  "sampled": true,
  "page_type": "homepage",
  "page_url_path": "/",
  "sequence_no": 1,
  "page_heading": "Upgrade your everyday for less.",
  "breadcrumb": [],
  "viewport": {
    "width": 889,
    "height": 950
  },
  "surface_id": "95f63c21-cfb4-46d2-8062-341cba61eaf2",
  "region": "en",
  "identity_summary": {
    "state": "unknown"
  },
  "visible_query": null,
  "program_match": null,
  "page": {
    "page_type": "homepage",
    "page_url": "http://127.0.0.1:8080/index.html"
  },
  "signals": {
    "t1": [
      {
        "position": 1,
        "surface": "featured",
        "name": "VoltMax 15.6\" Laptop",
        "brand": "VoltMax",
        "price": 729.99,
        "currency": "USD",
        "old_price": 849.99,
        "has_markdown": true,
        "badge": "14% OFF",
        "discount_pct": 14,
        "availability": "in-stock",
        "sponsored": false,
        "delivery_promise": "FREE delivery Tomorrow",
        "discount_amount": "Save $120.00"
      },
      {
        "position": 2,
        "surface": "featured",
        "name": "PulseTune Wireless Headphones",
        "brand": "PulseTune",
        "price": 89.99,
        "currency": "USD",
        "old_price": 119.99,
        "has_markdown": true,
        "badge": "25% OFF",
        "discount_pct": 25,
        "availability": "in-stock",
        "sponsored": false,
        "delivery_promise": "FREE delivery Tomorrow",
        "discount_amount": "Save $30.00"
      },
      {
        "position": 3,
        "surface": "featured",
        "name": "Luna Cotton Graphic Tee",
        "brand": "Luna",
        "price": 18.99,
        "currency": "USD",
        "old_price": 24.99,
        "has_markdown": true,
        "badge": "24% OFF",
        "discount_pct": 24,
        "availability": "in-stock",
        "sponsored": false,
        "delivery_promise": "FREE delivery Tomorrow",
        "discount_amount": "Save $6.00"
      },
      {
        "position": 4,
        "surface": "featured",
        "name": "MetroStride Running Shoes",
        "brand": "MetroStride",
        "price": 74.99,
        "currency": "USD",
        "old_price": 94.99,
        "has_markdown": true,
        "badge": "21% OFF",
        "discount_pct": 21,
        "availability": "in-stock",
        "sponsored": false,
        "delivery_promise": "FREE delivery Tomorrow",
        "discount_amount": "Save $20.00"
      },
      {
        "position": 5,
        "surface": "featured",
        "name": "OakLine Coffee Table",
        "brand": "OakLine",
        "price": 129.99,
        "currency": "USD",
        "old_price": 159.99,
        "has_markdown": true,
        "badge": "19% OFF",
        "discount_pct": 19,
        "availability": "in-stock",
        "sponsored": false,
        "delivery_promise": "FREE delivery Tomorrow",
        "discount_amount": "Save $30.00"
      },
      {
        "position": 6,
        "surface": "featured",
        "name": "SoftNest Throw Blanket",
        "brand": "SoftNest",
        "price": 27.99,
        "currency": "USD",
        "old_price": 35.99,
        "has_markdown": true,
        "badge": "22% OFF",
        "discount_pct": 22,
        "availability": "in-stock",
        "sponsored": false,
        "delivery_promise": "FREE delivery Tomorrow",
        "discount_amount": "Save $8.00"
      },
      {
        "position": 7,
        "surface": "featured",
        "name": "The Last Library",
        "brand": "The",
        "price": 14.99,
        "currency": "USD",
        "old_price": 19.99,
        "has_markdown": true,
        "badge": "25% OFF",
        "discount_pct": 25,
        "availability": "in-stock",
        "sponsored": false,
        "delivery_promise": "FREE delivery Tomorrow",
        "discount_amount": "Save $5.00"
      },
      {
        "position": 8,
        "surface": "featured",
        "name": "Coding for Everyone",
        "brand": "Coding",
        "price": 21.99,
        "currency": "USD",
        "old_price": 26.99,
        "has_markdown": true,
        "badge": "19% OFF",
        "discount_pct": 19,
        "availability": "in-stock",
        "sponsored": false,
        "delivery_promise": "FREE delivery Tomorrow",
        "discount_amount": "Save $5.00"
      }
    ],
    "t3": {
      "total_products": 8,
      "sponsored_count": 0,
      "organic_count": 8,
      "discounted_count": 8,
      "full_price_count": 0,
      "out_of_stock_count": 0,
      "low_stock_count": 0,
      "discount_pct_min": 14,
      "discount_pct_max": 25,
      "discount_pct_median": 22,
      "price_min": 14.99,
      "price_max": 729.99,
      "price_currency": "USD"
    },
    "t4": {
      "hydration_events": [
        {
          "metric": "cart_hydration_time_ms",
          "value": 0
        }
      ],
      "css_hidden_blocks": [
        {
          "selector": "sr-only",
          "gated_copy": "Email address",
          "rendered": false
        }
      ],
      "metadata": {
        "meta_description": "Shop electronics, fashion, home essentials and books at SHOPORA with fast delivery and secure checkout."
      },
      "raw_url": "http://127.0.0.1:8080/index.html"
    }
  },
  "budget": {
    "bytes_used": 3571,
    "hard_cap": 51200,
    "tiers_dropped": []
  },
  "privacy_metadata": {
    "pii_scrubbing_version": "0.2.0",
    "local_scrubbing_applied": true,
    "inputs_scrubbed": true,
    "scripts_removed": true,
    "styles_removed": true,
    "persistent_storage_used": false
  }
}

--- [2026-08-30T12:55:22.978Z] PAYLOAD: interaction_events ---
{
  "envelope_type": "interaction_events",
  "schema_version": "0.2.0",
  "tag_version": "0.2.0",
  "client_id": "shopora-prod",
  "session_token": "ae90c491-da7c-4e1d-bb11-adcec4953c42",
  "flush_id": "343968f8-c4f7-4b58-b03a-cb83ae0b8c6a",
  "flush_reason": "immediate_navigation",
  "events": [
    {
      "event_id": "c44d9b29-debb-48a3-88ac-4200780429de",
      "event_type": "product_card_clicked",
      "timestamp": "2026-08-30T12:55:22.973Z",
      "page_type": "homepage",
      "page_url_path": "/",
      "sku": "el-3",
      "surface": "catalog-grid",
      "position": 2,
      "price": 89.99,
      "currency": "USD"
    }
  ]
}

--- [2026-08-30T12:55:23.304Z] PAYLOAD: tier0-9 ---
{
  "schema_version": "0.2.0",
  "beacon_id": "40a6f3e8-6c7a-4c40-968d-dc501153c513",
  "client_id": "shopora-prod",
  "session_token": "be82aac7-b03a-4218-980a-a1ba41ce1624",
  "tag_version": "0.2.0",
  "timestamp": "2026-08-30T12:55:23.295Z",
  "sampled": true,
  "page_type": "pdp",
  "page_url_path": "/pdp.html?id=el-3",
  "sequence_no": 1,
  "page_heading": "PulseTune Wireless Headphones",
  "breadcrumb": [
    "HOME /",
    "ELECTRONICS /",
    "PULSETUNE"
  ],
  "viewport": {
    "width": 889,
    "height": 950
  },
  "surface_id": "42dd49da-4224-4a6b-abb6-c431da369cb9",
  "region": "en",
  "identity_summary": {
    "state": "unknown"
  },
  "visible_query": null,
  "program_match": null,
  "page": {
    "page_type": "pdp",
    "page_url": "http://127.0.0.1:8080/pdp.html?id=el-3"
  },
  "signals": {
    "t1": [
      {
        "position": 1,
        "surface": "hero",
        "name": "Product Specifications",
        "brand": "PulseTune Official",
        "price": 89.99,
        "currency": "USD",
        "old_price": 119.99,
        "has_markdown": true,
        "badge": "SAVE 25%",
        "discount_pct": 25,
        "availability": "in-stock",
        "sponsored": false,
        "delivery_promise": "Order within 5 hrs",
        "visible_category_words": [
          "electronics"
        ],
        "badges": [
          "• High Demand"
        ]
      }
    ],
    "t4": {
      "hydration_events": [
        {
          "metric": "cart_hydration_time_ms",
          "value": 0
        }
      ],
      "css_hidden_blocks": [
        {
          "selector": "pdp-accordion-content",
          "gated_copy": "Standard Delivery: 3-5 business days. Free for orders over $50.\n                \n                \n  ",
          "rendered": false
        }
      ],
      "raw_url": "http://127.0.0.1:8080/pdp.html?id=el-3"
    }
  },
  "budget": {
    "bytes_used": 1180,
    "hard_cap": 51200,
    "tiers_dropped": []
  },
  "privacy_metadata": {
    "pii_scrubbing_version": "0.2.0",
    "local_scrubbing_applied": true,
    "inputs_scrubbed": true,
    "scripts_removed": true,
    "styles_removed": true,
    "persistent_storage_used": false
  }
}

--- [2026-08-30T12:55:38.163Z] PAYLOAD: interaction_events ---
{
  "envelope_type": "interaction_events",
  "schema_version": "0.2.0",
  "tag_version": "0.2.0",
  "client_id": "shopora-prod",
  "session_token": "be82aac7-b03a-4218-980a-a1ba41ce1624",
  "flush_id": "aad78cce-1245-4bd2-aa8a-87a2180798ba",
  "flush_reason": "time",
  "events": [
    {
      "event_id": "c5177fef-77dc-4004-aa66-1ceecd83e2eb",
      "event_type": "add_to_cart",
      "timestamp": "2026-08-30T12:55:37.726Z",
      "page_type": "pdp",
      "page_url_path": "/pdp.html",
      "sku": null,
      "surface": "catalog-grid",
      "position": 1,
      "price": null,
      "currency": null
    }
  ]
}

--- [2026-08-30T12:56:53.941Z] PAYLOAD: tier0-9 ---
{
  "schema_version": "0.2.0",
  "beacon_id": "4fb00ff1-3a86-450e-ae46-95e66ab3982d",
  "client_id": "shopora-prod",
  "session_token": "46376494-61b2-4091-804a-6ab4aae4b76d",
  "tag_version": "0.2.0",
  "timestamp": "2026-08-30T12:56:53.934Z",
  "sampled": true,
  "page_type": "cart",
  "page_url_path": "/cart.html",
  "sequence_no": 1,
  "page_heading": "Shopping cart",
  "breadcrumb": [],
  "viewport": {
    "width": 889,
    "height": 950
  },
  "surface_id": "f70f86ac-e176-4ec6-bcbe-8f6efd5c9766",
  "region": "en",
  "identity_summary": {
    "state": "unknown"
  },
  "visible_query": null,
  "program_match": null,
  "page": {
    "page_type": "cart",
    "page_url": "http://127.0.0.1:8080/cart.html"
  },
  "signals": {
    "t1": [],
    "t2": {
      "page_context": "cart",
      "line_items": [
        {
          "name": "PulseTune Wireless Headphones",
          "quantity": 2,
          "line_total": "$179.98",
          "price": "$179.98",
          "old_price": "$239.98",
          "discount": "25% off"
        },
        {
          "name": "PebbleBath Towel Set",
          "quantity": 1,
          "line_total": "$31.99",
          "price": "$31.99",
          "old_price": "$41.99",
          "discount": "24% off"
        }
      ],
      "subtotal": "$211.97",
      "total": "$211.97",
      "savings_shown": "$70.00",
      "delivery_cost": "FREE",
      "subtotal_numeric": 211.97,
      "total_numeric": 211.97,
      "savings_numeric": 70,
      "item_count": 3,
      "promo_field_state": "hidden",
      "promo_field_present": true,
      "checkout_reachable": true,
      "shipping_bar_shown": true,
      "loyalty_balance_rendered": false,
      "promotions": [
        {
          "name": "",
          "amount": "-$0.00"
        }
      ],
      "shipping_threshold_message": "✓ You unlocked FREE delivery!",
      "free_shipping_eligibility": "unknown"
    },
    "t4": {
      "hydration_events": [
        {
          "metric": "cart_hydration_time_ms",
          "value": 42
        }
      ],
      "cart_math_match": true,
      "css_hidden_blocks": [
        {
          "selector": "summary-row savings",
          "gated_copy": "Promo\n                                        () Remove-$0.00",
          "rendered": false
        }
      ],
      "raw_url": "http://127.0.0.1:8080/cart.html"
    }
  },
  "budget": {
    "bytes_used": 1504,
    "hard_cap": 51200,
    "tiers_dropped": []
  },
  "privacy_metadata": {
    "pii_scrubbing_version": "0.2.0",
    "local_scrubbing_applied": true,
    "inputs_scrubbed": true,
    "scripts_removed": true,
    "styles_removed": true,
    "persistent_storage_used": false
  }
}

--- [2026-08-30T12:56:56.722Z] PAYLOAD: interaction_events ---
{
  "envelope_type": "interaction_events",
  "schema_version": "0.2.0",
  "tag_version": "0.2.0",
  "client_id": "shopora-prod",
  "session_token": "46376494-61b2-4091-804a-6ab4aae4b76d",
  "flush_id": "240dbe73-1b09-4fa6-a4aa-f7be855650b9",
  "flush_reason": "unload",
  "events": [
    {
      "event_id": "d9bf6d9b-bb74-4cb6-965f-0af9a966c5cc",
      "event_type": "remove_from_cart",
      "timestamp": "2026-08-30T12:56:55.854Z",
      "page_type": "cart",
      "page_url_path": "/cart.html",
      "sku": null,
      "quantity_before_remove": 2,
      "displayed_line_total": "$179.98"
    }
  ]
}

--- [2026-08-30T13:27:03.635Z] PAYLOAD: tier0-9 ---
{
  "schema_version": "0.2.0",
  "beacon_id": "e535f509-3141-4c88-ab24-faf9b2668ec3",
  "client_id": "shopora-prod",
  "session_token": "3bed1e1c-d3ec-46ec-8a96-fab435a4ef6d",
  "tag_version": "0.2.0",
  "timestamp": "2026-08-30T13:27:03.502Z",
  "sampled": true,
  "page_type": "homepage",
  "page_url_path": "/",
  "sequence_no": 1,
  "page_heading": "Upgrade your everyday for less.",
  "breadcrumb": [],
  "viewport": {
    "width": 889,
    "height": 950
  },
  "surface_id": "56b858b9-571d-439f-b388-624f0003b2de",
  "region": "en",
  "identity_summary": {
    "state": "unknown"
  },
  "visible_query": null,
  "program_match": null,
  "page": {
    "page_type": "homepage",
    "page_url": "http://127.0.0.1:8080/index.html"
  },
  "signals": {
    "t1": [
      {
        "position": 1,
        "surface": "featured",
        "name": "VoltMax 15.6\" Laptop",
        "brand": "VoltMax",
        "price": 729.99,
        "currency": "USD",
        "old_price": 849.99,
        "has_markdown": true,
        "badge": "14% OFF",
        "discount_pct": 14,
        "availability": "in-stock",
        "sponsored": false,
        "delivery_promise": "FREE delivery Tomorrow",
        "discount_amount": "Save $120.00"
      },
      {
        "position": 2,
        "surface": "featured",
        "name": "PulseTune Wireless Headphones",
        "brand": "PulseTune",
        "price": 89.99,
        "currency": "USD",
        "old_price": 119.99,
        "has_markdown": true,
        "badge": "25% OFF",
        "discount_pct": 25,
        "availability": "in-stock",
        "sponsored": false,
        "delivery_promise": "FREE delivery Tomorrow",
        "discount_amount": "Save $30.00"
      },
      {
        "position": 3,
        "surface": "featured",
        "name": "Luna Cotton Graphic Tee",
        "brand": "Luna",
        "price": 18.99,
        "currency": "USD",
        "old_price": 24.99,
        "has_markdown": true,
        "badge": "24% OFF",
        "discount_pct": 24,
        "availability": "in-stock",
        "sponsored": false,
        "delivery_promise": "FREE delivery Tomorrow",
        "discount_amount": "Save $6.00"
      },
      {
        "position": 4,
        "surface": "featured",
        "name": "MetroStride Running Shoes",
        "brand": "MetroStride",
        "price": 74.99,
        "currency": "USD",
        "old_price": 94.99,
        "has_markdown": true,
        "badge": "21% OFF",
        "discount_pct": 21,
        "availability": "in-stock",
        "sponsored": false,
        "delivery_promise": "FREE delivery Tomorrow",
        "discount_amount": "Save $20.00"
      },
      {
        "position": 5,
        "surface": "featured",
        "name": "OakLine Coffee Table",
        "brand": "OakLine",
        "price": 129.99,
        "currency": "USD",
        "old_price": 159.99,
        "has_markdown": true,
        "badge": "19% OFF",
        "discount_pct": 19,
        "availability": "in-stock",
        "sponsored": false,
        "delivery_promise": "FREE delivery Tomorrow",
        "discount_amount": "Save $30.00"
      },
      {
        "position": 6,
        "surface": "featured",
        "name": "SoftNest Throw Blanket",
        "brand": "SoftNest",
        "price": 27.99,
        "currency": "USD",
        "old_price": 35.99,
        "has_markdown": true,
        "badge": "22% OFF",
        "discount_pct": 22,
        "availability": "in-stock",
        "sponsored": false,
        "delivery_promise": "FREE delivery Tomorrow",
        "discount_amount": "Save $8.00"
      },
      {
        "position": 7,
        "surface": "featured",
        "name": "The Last Library",
        "brand": "The",
        "price": 14.99,
        "currency": "USD",
        "old_price": 19.99,
        "has_markdown": true,
        "badge": "25% OFF",
        "discount_pct": 25,
        "availability": "in-stock",
        "sponsored": false,
        "delivery_promise": "FREE delivery Tomorrow",
        "discount_amount": "Save $5.00"
      },
      {
        "position": 8,
        "surface": "featured",
        "name": "Coding for Everyone",
        "brand": "Coding",
        "price": 21.99,
        "currency": "USD",
        "old_price": 26.99,
        "has_markdown": true,
        "badge": "19% OFF",
        "discount_pct": 19,
        "availability": "in-stock",
        "sponsored": false,
        "delivery_promise": "FREE delivery Tomorrow",
        "discount_amount": "Save $5.00"
      }
    ],
    "t3": {
      "total_products": 8,
      "sponsored_count": 0,
      "organic_count": 8,
      "discounted_count": 8,
      "full_price_count": 0,
      "out_of_stock_count": 0,
      "low_stock_count": 0,
      "discount_pct_min": 14,
      "discount_pct_max": 25,
      "discount_pct_median": 22,
      "price_min": 14.99,
      "price_max": 729.99,
      "price_currency": "USD"
    },
    "t4": {
      "hydration_events": [
        {
          "metric": "cart_hydration_time_ms",
          "value": 0
        }
      ],
      "css_hidden_blocks": [
        {
          "selector": "sr-only",
          "gated_copy": "Email address",
          "rendered": false
        }
      ],
      "metadata": {
        "meta_description": "Shop electronics, fashion, home essentials and books at SHOPORA with fast delivery and secure checkout."
      },
      "raw_url": "http://127.0.0.1:8080/index.html"
    }
  },
  "budget": {
    "bytes_used": 3571,
    "hard_cap": 51200,
    "tiers_dropped": []
  },
  "privacy_metadata": {
    "pii_scrubbing_version": "0.2.0",
    "local_scrubbing_applied": true,
    "inputs_scrubbed": true,
    "scripts_removed": true,
    "styles_removed": true,
    "persistent_storage_used": false
  }
}

--- [2026-08-30T13:27:51.274Z] PAYLOAD: interaction_events ---
{
  "envelope_type": "interaction_events",
  "schema_version": "0.2.0",
  "tag_version": "0.2.0",
  "client_id": "shopora-prod",
  "session_token": "3bed1e1c-d3ec-46ec-8a96-fab435a4ef6d",
  "flush_id": "448042e7-d816-4c09-9835-25ac1ecded4c",
  "flush_reason": "immediate_navigation",
  "events": [
    {
      "event_id": "9692e97c-329b-4485-b628-e9d979597c50",
      "event_type": "product_card_clicked",
      "timestamp": "2026-08-30T13:27:51.264Z",
      "page_type": "homepage",
      "page_url_path": "/",
      "sku": "fa-2",
      "surface": "catalog-grid",
      "position": 3,
      "price": 18.99,
      "currency": "USD"
    }
  ]
}

--- [2026-08-30T13:27:51.722Z] PAYLOAD: tier0-9 ---
{
  "schema_version": "0.2.0",
  "beacon_id": "fec90abb-6b83-4996-acf2-90acf8855ad7",
  "client_id": "shopora-prod",
  "session_token": "b9a97ed5-9736-498f-8b48-4bb4f53ddafc",
  "tag_version": "0.2.0",
  "timestamp": "2026-08-30T13:27:51.695Z",
  "sampled": true,
  "page_type": "pdp",
  "page_url_path": "/pdp.html?id=fa-2",
  "sequence_no": 1,
  "page_heading": "Luna Cotton Graphic Tee",
  "breadcrumb": [
    "HOME /",
    "FASHION /",
    "LUNA"
  ],
  "viewport": {
    "width": 889,
    "height": 950
  },
  "surface_id": "038b1ab2-7d44-4242-86be-51f4c751a589",
  "region": "en",
  "identity_summary": {
    "state": "unknown"
  },
  "visible_query": null,
  "program_match": null,
  "page": {
    "page_type": "pdp",
    "page_url": "http://127.0.0.1:8080/pdp.html?id=fa-2"
  },
  "signals": {
    "t1": [
      {
        "position": 1,
        "surface": "hero",
        "name": "Product Specifications",
        "brand": "Luna Official",
        "price": 18.99,
        "currency": "USD",
        "old_price": 24.99,
        "has_markdown": true,
        "availability": "in-stock",
        "sponsored": false,
        "delivery_promise": "Order within 5 hrs",
        "visible_category_words": [
          "fashion"
        ],
        "badges": [
          "• High Demand"
        ]
      }
    ],
    "t4": {
      "hydration_events": [
        {
          "metric": "cart_hydration_time_ms",
          "value": 0
        }
      ],
      "css_hidden_blocks": [
        {
          "selector": "pdp-accordion-content",
          "gated_copy": "Standard Delivery: 3-5 business days. Free for orders over $50.\n                \n                \n  ",
          "rendered": false
        }
      ],
      "raw_url": "http://127.0.0.1:8080/pdp.html?id=fa-2"
    }
  },
  "budget": {
    "bytes_used": 1118,
    "hard_cap": 51200,
    "tiers_dropped": []
  },
  "privacy_metadata": {
    "pii_scrubbing_version": "0.2.0",
    "local_scrubbing_applied": true,
    "inputs_scrubbed": true,
    "scripts_removed": true,
    "styles_removed": true,
    "persistent_storage_used": false
  }
}

--- [2026-08-30T13:28:14.762Z] PAYLOAD: interaction_events ---
{
  "envelope_type": "interaction_events",
  "schema_version": "0.2.0",
  "tag_version": "0.2.0",
  "client_id": "shopora-prod",
  "session_token": "b9a97ed5-9736-498f-8b48-4bb4f53ddafc",
  "flush_id": "bec2b788-1b87-4c82-9a5f-5d989517b433",
  "flush_reason": "unload",
  "events": [
    {
      "event_id": "7b99e24f-e02f-4005-b17a-08310179a9a2",
      "event_type": "add_to_cart",
      "timestamp": "2026-08-30T13:28:13.722Z",
      "page_type": "pdp",
      "page_url_path": "/pdp.html",
      "sku": null,
      "surface": "catalog-grid",
      "position": 1,
      "price": null,
      "currency": null
    }
  ]
}

--- [2026-08-30T13:28:26.183Z] PAYLOAD: tier0-9 ---
{
  "schema_version": "0.2.0",
  "beacon_id": "16847485-bd5e-408c-8712-95175f22386a",
  "client_id": "shopora-prod",
  "session_token": "46cb2be1-c226-46ba-ba68-9a5f31d5b361",
  "tag_version": "0.2.0",
  "timestamp": "2026-08-30T13:28:26.142Z",
  "sampled": true,
  "page_type": "pdp",
  "page_url_path": "/pdp.html?id=fa-2",
  "sequence_no": 1,
  "page_heading": "Super Widget 3000",
  "breadcrumb": [],
  "viewport": {
    "width": 889,
    "height": 950
  },
  "surface_id": "b46ad6b1-9153-4baa-ae0a-d04beffbe85f",
  "region": "en",
  "identity_summary": {
    "state": "unknown"
  },
  "visible_query": null,
  "program_match": null,
  "page": {
    "page_type": "pdp",
    "page_url": "http://127.0.0.1:8080/pdp.html?id=fa-2"
  },
  "signals": {
    "t1": [],
    "t4": {
      "hydration_events": [
        {
          "metric": "cart_hydration_time_ms",
          "value": 0
        }
      ],
      "raw_url": "http://127.0.0.1:8080/pdp.html?id=fa-2"
    }
  },
  "budget": {
    "bytes_used": 586,
    "hard_cap": 51200,
    "tiers_dropped": []
  },
  "privacy_metadata": {
    "pii_scrubbing_version": "0.2.0",
    "local_scrubbing_applied": true,
    "inputs_scrubbed": true,
    "scripts_removed": true,
    "styles_removed": true,
    "persistent_storage_used": false
  }
}

--- [2026-08-30T13:28:45.393Z] PAYLOAD: interaction_events ---
{
  "envelope_type": "interaction_events",
  "schema_version": "0.2.0",
  "tag_version": "0.2.0",
  "client_id": "shopora-prod",
  "session_token": "46cb2be1-c226-46ba-ba68-9a5f31d5b361",
  "flush_id": "3411f90a-a814-4a4a-9617-461ee169e781",
  "flush_reason": "unload",
  "events": [
    {
      "event_id": "478cda57-e165-4d96-95f1-446c4304d42e",
      "event_type": "add_to_cart",
      "timestamp": "2026-08-30T13:28:44.502Z",
      "page_type": "pdp",
      "page_url_path": "/pdp.html",
      "sku": "fa-2",
      "surface": "catalog-grid",
      "position": 2,
      "price": 18.99,
      "currency": "USD"
    }
  ]
}

--- [2026-08-30T13:29:07.112Z] PAYLOAD: tier0-9 ---
{
  "schema_version": "0.2.0",
  "beacon_id": "a5553be4-cbc9-4ecf-a88c-d03516b597b0",
  "client_id": "shopora-prod",
  "session_token": "4283bed0-ee31-4051-9485-76456b5076ba",
  "tag_version": "0.2.0",
  "timestamp": "2026-08-30T13:29:07.051Z",
  "sampled": true,
  "page_type": "homepage",
  "page_url_path": "/",
  "sequence_no": 1,
  "page_heading": "Upgrade your everyday for less.",
  "breadcrumb": [],
  "viewport": {
    "width": 889,
    "height": 950
  },
  "surface_id": "a3f5e628-f7f2-437d-98b6-7e0645de049a",
  "region": "en",
  "identity_summary": {
    "state": "unknown"
  },
  "visible_query": null,
  "program_match": null,
  "page": {
    "page_type": "homepage",
    "page_url": "http://127.0.0.1:8080/index.html"
  },
  "signals": {
    "t1": [
      {
        "position": 1,
        "surface": "featured",
        "name": "VoltMax 15.6\" Laptop",
        "brand": "VoltMax",
        "price": 729.99,
        "currency": "USD",
        "old_price": 849.99,
        "has_markdown": true,
        "badge": "14% OFF",
        "discount_pct": 14,
        "availability": "in-stock",
        "sponsored": false,
        "delivery_promise": "FREE delivery Tomorrow",
        "discount_amount": "Save $120.00"
      },
      {
        "position": 2,
        "surface": "featured",
        "name": "PulseTune Wireless Headphones",
        "brand": "PulseTune",
        "price": 89.99,
        "currency": "USD",
        "old_price": 119.99,
        "has_markdown": true,
        "badge": "25% OFF",
        "discount_pct": 25,
        "availability": "in-stock",
        "sponsored": false,
        "delivery_promise": "FREE delivery Tomorrow",
        "discount_amount": "Save $30.00"
      },
      {
        "position": 3,
        "surface": "featured",
        "name": "Luna Cotton Graphic Tee",
        "brand": "Luna",
        "price": 18.99,
        "currency": "USD",
        "old_price": 24.99,
        "has_markdown": true,
        "badge": "24% OFF",
        "discount_pct": 24,
        "availability": "in-stock",
        "sponsored": false,
        "delivery_promise": "FREE delivery Tomorrow",
        "discount_amount": "Save $6.00"
      },
      {
        "position": 4,
        "surface": "featured",
        "name": "MetroStride Running Shoes",
        "brand": "MetroStride",
        "price": 74.99,
        "currency": "USD",
        "old_price": 94.99,
        "has_markdown": true,
        "badge": "21% OFF",
        "discount_pct": 21,
        "availability": "in-stock",
        "sponsored": false,
        "delivery_promise": "FREE delivery Tomorrow",
        "discount_amount": "Save $20.00"
      },
      {
        "position": 5,
        "surface": "featured",
        "name": "OakLine Coffee Table",
        "brand": "OakLine",
        "price": 129.99,
        "currency": "USD",
        "old_price": 159.99,
        "has_markdown": true,
        "badge": "19% OFF",
        "discount_pct": 19,
        "availability": "in-stock",
        "sponsored": false,
        "delivery_promise": "FREE delivery Tomorrow",
        "discount_amount": "Save $30.00"
      },
      {
        "position": 6,
        "surface": "featured",
        "name": "SoftNest Throw Blanket",
        "brand": "SoftNest",
        "price": 27.99,
        "currency": "USD",
        "old_price": 35.99,
        "has_markdown": true,
        "badge": "22% OFF",
        "discount_pct": 22,
        "availability": "in-stock",
        "sponsored": false,
        "delivery_promise": "FREE delivery Tomorrow",
        "discount_amount": "Save $8.00"
      },
      {
        "position": 7,
        "surface": "featured",
        "name": "The Last Library",
        "brand": "The",
        "price": 14.99,
        "currency": "USD",
        "old_price": 19.99,
        "has_markdown": true,
        "badge": "25% OFF",
        "discount_pct": 25,
        "availability": "in-stock",
        "sponsored": false,
        "delivery_promise": "FREE delivery Tomorrow",
        "discount_amount": "Save $5.00"
      },
      {
        "position": 8,
        "surface": "featured",
        "name": "Coding for Everyone",
        "brand": "Coding",
        "price": 21.99,
        "currency": "USD",
        "old_price": 26.99,
        "has_markdown": true,
        "badge": "19% OFF",
        "discount_pct": 19,
        "availability": "in-stock",
        "sponsored": false,
        "delivery_promise": "FREE delivery Tomorrow",
        "discount_amount": "Save $5.00"
      }
    ],
    "t3": {
      "total_products": 8,
      "sponsored_count": 0,
      "organic_count": 8,
      "discounted_count": 8,
      "full_price_count": 0,
      "out_of_stock_count": 0,
      "low_stock_count": 0,
      "discount_pct_min": 14,
      "discount_pct_max": 25,
      "discount_pct_median": 22,
      "price_min": 14.99,
      "price_max": 729.99,
      "price_currency": "USD"
    },
    "t4": {
      "hydration_events": [
        {
          "metric": "cart_hydration_time_ms",
          "value": 0
        }
      ],
      "css_hidden_blocks": [
        {
          "selector": "sr-only",
          "gated_copy": "Email address",
          "rendered": false
        }
      ],
      "metadata": {
        "meta_description": "Shop electronics, fashion, home essentials and books at SHOPORA with fast delivery and secure checkout."
      },
      "raw_url": "http://127.0.0.1:8080/index.html"
    }
  },
  "budget": {
    "bytes_used": 3571,
    "hard_cap": 51200,
    "tiers_dropped": []
  },
  "privacy_metadata": {
    "pii_scrubbing_version": "0.2.0",
    "local_scrubbing_applied": true,
    "inputs_scrubbed": true,
    "scripts_removed": true,
    "styles_removed": true,
    "persistent_storage_used": false
  }
}

--- [2026-08-30T13:29:19.662Z] PAYLOAD: interaction_events ---
{
  "envelope_type": "interaction_events",
  "schema_version": "0.2.0",
  "tag_version": "0.2.0",
  "client_id": "shopora-prod",
  "session_token": "4283bed0-ee31-4051-9485-76456b5076ba",
  "flush_id": "1e7d5141-b963-4b7e-aed6-803dc1d0c548",
  "flush_reason": "immediate_navigation",
  "events": [
    {
      "event_id": "958f7922-3081-4215-9406-5f263fab1ba5",
      "event_type": "product_card_clicked",
      "timestamp": "2026-08-30T13:29:19.652Z",
      "page_type": "homepage",
      "page_url_path": "/",
      "sku": "fa-3",
      "surface": "catalog-grid",
      "position": 4,
      "price": 74.99,
      "currency": "USD"
    }
  ]
}

--- [2026-08-30T13:29:20.106Z] PAYLOAD: tier0-9 ---
{
  "schema_version": "0.2.0",
  "beacon_id": "432c9d31-08d8-496d-bd87-57c210fde952",
  "client_id": "shopora-prod",
  "session_token": "58bb1b3a-6596-4fa5-bc1c-fdf1c3c65cf6",
  "tag_version": "0.2.0",
  "timestamp": "2026-08-30T13:29:20.050Z",
  "sampled": true,
  "page_type": "pdp",
  "page_url_path": "/pdp.html?id=fa-3",
  "sequence_no": 1,
  "page_heading": "MetroStride Running Shoes",
  "breadcrumb": [
    "HOME /",
    "FASHION /",
    "METROSTRIDE"
  ],
  "viewport": {
    "width": 889,
    "height": 950
  },
  "surface_id": "a485a42f-730e-4a1e-9c15-0981c481cfd3",
  "region": "en",
  "identity_summary": {
    "state": "unknown"
  },
  "visible_query": null,
  "program_match": null,
  "page": {
    "page_type": "pdp",
    "page_url": "http://127.0.0.1:8080/pdp.html?id=fa-3"
  },
  "signals": {
    "t1": [
      {
        "position": 1,
        "surface": "hero",
        "name": "Product Specifications",
        "brand": "MetroStride Official",
        "price": 74.99,
        "currency": "USD",
        "old_price": 94.99,
        "has_markdown": true,
        "badge": "SAVE 21%",
        "discount_pct": 21,
        "availability": "in-stock",
        "sponsored": false,
        "delivery_promise": "Order within 5 hrs",
        "visible_category_words": [
          "fashion"
        ],
        "badges": [
          "• High Demand"
        ]
      }
    ],
    "t4": {
      "hydration_events": [
        {
          "metric": "cart_hydration_time_ms",
          "value": 0
        }
      ],
      "css_hidden_blocks": [
        {
          "selector": "pdp-accordion-content",
          "gated_copy": "Standard Delivery: 3-5 business days. Free for orders over $50.\n                \n                \n  ",
          "rendered": false
        }
      ],
      "raw_url": "http://127.0.0.1:8080/pdp.html?id=fa-3"
    }
  },
  "budget": {
    "bytes_used": 1171,
    "hard_cap": 51200,
    "tiers_dropped": []
  },
  "privacy_metadata": {
    "pii_scrubbing_version": "0.2.0",
    "local_scrubbing_applied": true,
    "inputs_scrubbed": true,
    "scripts_removed": true,
    "styles_removed": true,
    "persistent_storage_used": false
  }
}

--- [2026-08-30T13:31:53.758Z] PAYLOAD: tier0-9 ---
{
  "schema_version": "0.2.0",
  "beacon_id": "ee6b74a0-a62c-406a-ac26-9f0e5100e6d0",
  "client_id": "shopora-prod",
  "session_token": "87e691c0-bedf-4ea5-a5df-2252d8c7611d",
  "tag_version": "0.2.0",
  "timestamp": "2026-08-30T13:31:53.748Z",
  "sampled": true,
  "page_type": "cart",
  "page_url_path": "/cart.html",
  "sequence_no": 1,
  "page_heading": "Shopping cart",
  "breadcrumb": [],
  "viewport": {
    "width": 889,
    "height": 950
  },
  "surface_id": "0d8733a2-a2be-4c8c-b62f-032512356fcd",
  "region": "en",
  "identity_summary": {
    "state": "unknown"
  },
  "visible_query": null,
  "program_match": null,
  "page": {
    "page_type": "cart",
    "page_url": "http://127.0.0.1:8080/cart.html"
  },
  "signals": {
    "t1": [],
    "t2": {
      "page_context": "cart",
      "line_items": [
        {
          "name": "PebbleBath Towel Set",
          "quantity": 1,
          "line_total": "$31.99",
          "price": "$31.99",
          "old_price": "$41.99",
          "discount": "24% off"
        },
        {
          "name": "Luna Cotton Graphic Tee",
          "quantity": 2,
          "line_total": "$37.98",
          "price": "$37.98",
          "old_price": "$49.98",
          "discount": "24% off"
        }
      ],
      "subtotal": "$69.97",
      "total": "$69.97",
      "savings_shown": "$22.00",
      "delivery_cost": "FREE",
      "subtotal_numeric": 69.97,
      "total_numeric": 69.97,
      "savings_numeric": 22,
      "item_count": 3,
      "promo_field_state": "hidden",
      "promo_field_present": true,
      "checkout_reachable": true,
      "shipping_bar_shown": true,
      "loyalty_balance_rendered": false,
      "promotions": [
        {
          "name": "",
          "amount": "-$0.00"
        }
      ],
      "shipping_threshold_message": "✓ You unlocked FREE delivery!",
      "free_shipping_eligibility": "unknown"
    },
    "t4": {
      "hydration_events": [
        {
          "metric": "cart_hydration_time_ms",
          "value": 178
        }
      ],
      "cart_math_match": true,
      "css_hidden_blocks": [
        {
          "selector": "summary-row savings",
          "gated_copy": "Promo\n                                        () Remove-$0.00",
          "rendered": false
        }
      ],
      "raw_url": "http://127.0.0.1:8080/cart.html"
    }
  },
  "budget": {
    "bytes_used": 1492,
    "hard_cap": 51200,
    "tiers_dropped": []
  },
  "privacy_metadata": {
    "pii_scrubbing_version": "0.2.0",
    "local_scrubbing_applied": true,
    "inputs_scrubbed": true,
    "scripts_removed": true,
    "styles_removed": true,
    "persistent_storage_used": false
  }
}

--- [2026-08-30T13:33:52.640Z] PAYLOAD: interaction_events ---
{
  "envelope_type": "interaction_events",
  "schema_version": "0.2.0",
  "tag_version": "0.2.0",
  "client_id": "shopora-prod",
  "session_token": "87e691c0-bedf-4ea5-a5df-2252d8c7611d",
  "flush_id": "3567a884-84b9-43cb-9ad2-64090757fb0c",
  "flush_reason": "unload",
  "events": [
    {
      "event_id": "0f0ca1c1-9f38-4900-a6fe-0739a37e7d07",
      "event_type": "remove_from_cart",
      "timestamp": "2026-08-30T13:33:51.552Z",
      "page_type": "cart",
      "page_url_path": "/cart.html",
      "sku": null,
      "quantity_before_remove": 1,
      "line_total": 31.99,
      "currency": "USD"
    }
  ]
}

--- [2026-08-30T13:34:01.410Z] PAYLOAD: tier0-9 ---
{
  "schema_version": "0.2.0",
  "beacon_id": "d27b1318-a787-4e34-9dff-bb5b03648568",
  "client_id": "shopora-prod",
  "session_token": "63466fb9-77fd-43b4-9d8e-7020cdf641c0",
  "tag_version": "0.2.0",
  "timestamp": "2026-08-30T13:34:01.386Z",
  "sampled": true,
  "page_type": "homepage",
  "page_url_path": "/",
  "sequence_no": 1,
  "page_heading": "Upgrade your everyday for less.",
  "breadcrumb": [],
  "viewport": {
    "width": 889,
    "height": 950
  },
  "surface_id": "9ff01a63-a30e-40e9-80f8-67dee87fde4d",
  "region": "en",
  "identity_summary": {
    "state": "unknown"
  },
  "visible_query": null,
  "program_match": null,
  "page": {
    "page_type": "homepage",
    "page_url": "http://127.0.0.1:8080/index.html"
  },
  "signals": {
    "t1": [
      {
        "position": 1,
        "surface": "featured",
        "name": "VoltMax 15.6\" Laptop",
        "brand": "VoltMax",
        "price": 729.99,
        "currency": "USD",
        "old_price": 849.99,
        "has_markdown": true,
        "badge": "14% OFF",
        "discount_pct": 14,
        "availability": "in-stock",
        "sponsored": false,
        "delivery_promise": "FREE delivery Tomorrow",
        "discount_amount": "Save $120.00"
      },
      {
        "position": 2,
        "surface": "featured",
        "name": "PulseTune Wireless Headphones",
        "brand": "PulseTune",
        "price": 89.99,
        "currency": "USD",
        "old_price": 119.99,
        "has_markdown": true,
        "badge": "25% OFF",
        "discount_pct": 25,
        "availability": "in-stock",
        "sponsored": false,
        "delivery_promise": "FREE delivery Tomorrow",
        "discount_amount": "Save $30.00"
      },
      {
        "position": 3,
        "surface": "featured",
        "name": "Luna Cotton Graphic Tee",
        "brand": "Luna",
        "price": 18.99,
        "currency": "USD",
        "old_price": 24.99,
        "has_markdown": true,
        "badge": "24% OFF",
        "discount_pct": 24,
        "availability": "in-stock",
        "sponsored": false,
        "delivery_promise": "FREE delivery Tomorrow",
        "discount_amount": "Save $6.00"
      },
      {
        "position": 4,
        "surface": "featured",
        "name": "MetroStride Running Shoes",
        "brand": "MetroStride",
        "price": 74.99,
        "currency": "USD",
        "old_price": 94.99,
        "has_markdown": true,
        "badge": "21% OFF",
        "discount_pct": 21,
        "availability": "in-stock",
        "sponsored": false,
        "delivery_promise": "FREE delivery Tomorrow",
        "discount_amount": "Save $20.00"
      },
      {
        "position": 5,
        "surface": "featured",
        "name": "OakLine Coffee Table",
        "brand": "OakLine",
        "price": 129.99,
        "currency": "USD",
        "old_price": 159.99,
        "has_markdown": true,
        "badge": "19% OFF",
        "discount_pct": 19,
        "availability": "in-stock",
        "sponsored": false,
        "delivery_promise": "FREE delivery Tomorrow",
        "discount_amount": "Save $30.00"
      },
      {
        "position": 6,
        "surface": "featured",
        "name": "SoftNest Throw Blanket",
        "brand": "SoftNest",
        "price": 27.99,
        "currency": "USD",
        "old_price": 35.99,
        "has_markdown": true,
        "badge": "22% OFF",
        "discount_pct": 22,
        "availability": "in-stock",
        "sponsored": false,
        "delivery_promise": "FREE delivery Tomorrow",
        "discount_amount": "Save $8.00"
      },
      {
        "position": 7,
        "surface": "featured",
        "name": "The Last Library",
        "brand": "The",
        "price": 14.99,
        "currency": "USD",
        "old_price": 19.99,
        "has_markdown": true,
        "badge": "25% OFF",
        "discount_pct": 25,
        "availability": "in-stock",
        "sponsored": false,
        "delivery_promise": "FREE delivery Tomorrow",
        "discount_amount": "Save $5.00"
      },
      {
        "position": 8,
        "surface": "featured",
        "name": "Coding for Everyone",
        "brand": "Coding",
        "price": 21.99,
        "currency": "USD",
        "old_price": 26.99,
        "has_markdown": true,
        "badge": "19% OFF",
        "discount_pct": 19,
        "availability": "in-stock",
        "sponsored": false,
        "delivery_promise": "FREE delivery Tomorrow",
        "discount_amount": "Save $5.00"
      }
    ],
    "t3": {
      "total_products": 8,
      "sponsored_count": 0,
      "organic_count": 8,
      "discounted_count": 8,
      "full_price_count": 0,
      "out_of_stock_count": 0,
      "low_stock_count": 0,
      "discount_pct_min": 14,
      "discount_pct_max": 25,
      "discount_pct_median": 22,
      "price_min": 14.99,
      "price_max": 729.99,
      "price_currency": "USD"
    },
    "t4": {
      "hydration_events": [
        {
          "metric": "cart_hydration_time_ms",
          "value": 0
        }
      ],
      "css_hidden_blocks": [
        {
          "selector": "sr-only",
          "gated_copy": "Email address",
          "rendered": false
        }
      ],
      "metadata": {
        "meta_description": "Shop electronics, fashion, home essentials and books at SHOPORA with fast delivery and secure checkout."
      },
      "raw_url": "http://127.0.0.1:8080/index.html"
    }
  },
  "budget": {
    "bytes_used": 3571,
    "hard_cap": 51200,
    "tiers_dropped": []
  },
  "privacy_metadata": {
    "pii_scrubbing_version": "0.2.0",
    "local_scrubbing_applied": true,
    "inputs_scrubbed": true,
    "scripts_removed": true,
    "styles_removed": true,
    "persistent_storage_used": false
  }
}

--- [2026-08-30T13:34:03.770Z] PAYLOAD: tier0-9 ---
{
  "schema_version": "0.2.0",
  "beacon_id": "c657eb33-22cd-4f47-b01b-d47c74d438c4",
  "client_id": "shopora-prod",
  "session_token": "7bab46f2-8433-43a9-989e-a99d92945074",
  "tag_version": "0.2.0",
  "timestamp": "2026-08-30T13:34:03.614Z",
  "sampled": true,
  "page_type": "cart",
  "page_url_path": "/cart.html",
  "sequence_no": 1,
  "page_heading": "Shopping cart",
  "breadcrumb": [],
  "viewport": {
    "width": 889,
    "height": 950
  },
  "surface_id": "a1253605-c61c-44c1-bd94-938d8d399f4c",
  "region": "en",
  "identity_summary": {
    "state": "unknown"
  },
  "visible_query": null,
  "program_match": null,
  "page": {
    "page_type": "cart",
    "page_url": "http://127.0.0.1:8080/cart.html"
  },
  "signals": {
    "t1": [],
    "t2": {
      "page_context": "cart",
      "line_items": [
        {
          "name": "Luna Cotton Graphic Tee",
          "quantity": 2,
          "line_total": "$37.98",
          "price": "$37.98",
          "old_price": "$49.98",
          "discount": "24% off"
        }
      ],
      "subtotal": "$37.98",
      "total": "$37.98",
      "savings_shown": "$12.00",
      "delivery_cost": "FREE",
      "subtotal_numeric": 37.98,
      "total_numeric": 37.98,
      "savings_numeric": 12,
      "item_count": 2,
      "promo_field_state": "hidden",
      "promo_field_present": true,
      "checkout_reachable": true,
      "shipping_bar_shown": true,
      "loyalty_balance_rendered": false,
      "promotions": [
        {
          "name": "",
          "amount": "-$0.00"
        }
      ],
      "shipping_threshold_message": "✓ You unlocked FREE delivery!",
      "free_shipping_eligibility": "unknown"
    },
    "t4": {
      "hydration_events": [
        {
          "metric": "cart_hydration_time_ms",
          "value": 98
        }
      ],
      "cart_math_match": true,
      "css_hidden_blocks": [
        {
          "selector": "summary-row savings",
          "gated_copy": "Promo\n                                        () Remove-$0.00",
          "rendered": false
        }
      ],
      "raw_url": "http://127.0.0.1:8080/cart.html"
    }
  },
  "budget": {
    "bytes_used": 1365,
    "hard_cap": 51200,
    "tiers_dropped": []
  },
  "privacy_metadata": {
    "pii_scrubbing_version": "0.2.0",
    "local_scrubbing_applied": true,
    "inputs_scrubbed": true,
    "scripts_removed": true,
    "styles_removed": true,
    "persistent_storage_used": false
  }
}

--- [2026-08-30T13:43:13.848Z] PAYLOAD: tier0-9 ---
{
  "schema_version": "0.2.0",
  "beacon_id": "89dce5a5-8a73-4ed8-93a2-6ff3a829c145",
  "client_id": "shopora-prod",
  "session_token": "6898fa7e-ddbb-4002-a258-bdea4856b5de",
  "tag_version": "0.2.0",
  "timestamp": "2026-08-30T13:43:13.816Z",
  "sampled": true,
  "page_type": "cart",
  "page_url_path": "/cart.html",
  "sequence_no": 1,
  "page_heading": "Shopping cart",
  "breadcrumb": [],
  "viewport": {
    "width": 889,
    "height": 950
  },
  "surface_id": "25cbf29b-7487-495a-9473-01fa7ba26064",
  "region": "en",
  "identity_summary": {
    "state": "unknown"
  },
  "visible_query": null,
  "program_match": null,
  "page": {
    "page_type": "cart",
    "page_url": "http://127.0.0.1:8080/cart.html"
  },
  "signals": {
    "t1": [],
    "t2": {
      "page_context": "cart",
      "line_items": [
        {
          "name": "Luna Cotton Graphic Tee",
          "quantity": 2,
          "line_total": "$37.98",
          "price": "$37.98",
          "old_price": "$49.98",
          "discount": "24% off"
        }
      ],
      "subtotal": "$37.98",
      "total": "$37.98",
      "savings_shown": "$12.00",
      "delivery_cost": "FREE",
      "subtotal_numeric": 37.98,
      "total_numeric": 37.98,
      "savings_numeric": 12,
      "item_count": 2,
      "promo_field_state": "hidden",
      "promo_field_present": true,
      "checkout_reachable": true,
      "shipping_bar_shown": true,
      "loyalty_balance_rendered": false,
      "promotions": [
        {
          "name": "",
          "amount": "-$0.00"
        }
      ],
      "shipping_threshold_message": "✓ You unlocked FREE delivery!",
      "free_shipping_eligibility": "unknown"
    },
    "t4": {
      "hydration_events": [
        {
          "metric": "cart_hydration_time_ms",
          "value": 175
        }
      ],
      "cart_math_match": true,
      "css_hidden_blocks": [
        {
          "selector": "summary-row savings",
          "gated_copy": "Promo\n                                        () Remove-$0.00",
          "rendered": false
        }
      ],
      "raw_url": "http://127.0.0.1:8080/cart.html"
    }
  },
  "budget": {
    "bytes_used": 1366,
    "hard_cap": 51200,
    "tiers_dropped": []
  },
  "privacy_metadata": {
    "pii_scrubbing_version": "0.2.0",
    "local_scrubbing_applied": true,
    "inputs_scrubbed": true,
    "scripts_removed": true,
    "styles_removed": true,
    "persistent_storage_used": false
  }
}

--- [2026-08-30T13:43:32.398Z] PAYLOAD: tier0-9 ---
{
  "schema_version": "0.2.0",
  "beacon_id": "d83b724e-3993-4dd5-85e5-7d24eb195178",
  "client_id": "shopora-prod",
  "session_token": "e7d20b2a-ac41-4b88-808c-679656872f93",
  "tag_version": "0.2.0",
  "timestamp": "2026-08-30T13:43:32.383Z",
  "sampled": true,
  "page_type": "cart",
  "page_url_path": "/cart.html",
  "sequence_no": 1,
  "page_heading": "Shopping cart",
  "breadcrumb": [],
  "viewport": {
    "width": 889,
    "height": 950
  },
  "surface_id": "3b538f0f-8186-4ff7-8195-26b0f4ee7dd8",
  "region": "en",
  "identity_summary": {
    "state": "unknown"
  },
  "visible_query": null,
  "program_match": null,
  "page": {
    "page_type": "cart",
    "page_url": "http://127.0.0.1:8080/cart.html"
  },
  "signals": {
    "t1": [],
    "t2": {
      "page_context": "cart",
      "line_items": [
        {
          "name": "Luna Cotton Graphic Tee",
          "quantity": 2,
          "line_total": "$37.98",
          "price": "$37.98",
          "old_price": "$49.98",
          "discount": "24% off"
        }
      ],
      "subtotal": "$37.98",
      "total": "$37.98",
      "savings_shown": "$12.00",
      "delivery_cost": "FREE",
      "subtotal_numeric": 37.98,
      "total_numeric": 37.98,
      "savings_numeric": 12,
      "item_count": 2,
      "promo_field_state": "hidden",
      "promo_field_present": true,
      "checkout_reachable": true,
      "shipping_bar_shown": true,
      "loyalty_balance_rendered": false,
      "promotions": [
        {
          "name": "",
          "amount": "-$0.00"
        }
      ],
      "shipping_threshold_message": "✓ You unlocked FREE delivery!",
      "free_shipping_eligibility": "unknown"
    },
    "t4": {
      "hydration_events": [
        {
          "metric": "cart_hydration_time_ms",
          "value": 131
        }
      ],
      "cart_math_match": true,
      "css_hidden_blocks": [
        {
          "selector": "summary-row savings",
          "gated_copy": "Promo\n                                        () Remove-$0.00",
          "rendered": false
        }
      ],
      "raw_url": "http://127.0.0.1:8080/cart.html"
    }
  },
  "budget": {
    "bytes_used": 1366,
    "hard_cap": 51200,
    "tiers_dropped": []
  },
  "privacy_metadata": {
    "pii_scrubbing_version": "0.2.0",
    "local_scrubbing_applied": true,
    "inputs_scrubbed": true,
    "scripts_removed": true,
    "styles_removed": true,
    "persistent_storage_used": false
  }
}

--- [2026-08-30T13:43:55.833Z] PAYLOAD: interaction_events ---
{
  "envelope_type": "interaction_events",
  "schema_version": "0.2.0",
  "tag_version": "0.2.0",
  "client_id": "shopora-prod",
  "session_token": "e7d20b2a-ac41-4b88-808c-679656872f93",
  "flush_id": "d324f409-0f06-4773-9228-c6e3c16690e0",
  "flush_reason": "unload",
  "events": [
    {
      "event_id": "30a312bd-c13a-40d4-b27f-e63872eb59a7",
      "event_type": "add_to_cart",
      "timestamp": "2026-08-30T13:43:54.875Z",
      "page_type": "cart",
      "page_url_path": "/cart.html",
      "sku": "el-7",
      "surface": "catalog-grid",
      "position": 2,
      "price": 159.99,
      "currency": "USD"
    }
  ]
}

--- [2026-08-30T13:44:06.493Z] PAYLOAD: tier0-9 ---
{
  "schema_version": "0.2.0",
  "beacon_id": "26c70f0e-31d6-4340-bbc8-4ddbf4ee34d9",
  "client_id": "shopora-prod",
  "session_token": "623a775d-1d16-4bef-b474-0894445a843e",
  "tag_version": "0.2.0",
  "timestamp": "2026-08-30T13:44:06.450Z",
  "sampled": true,
  "page_type": "homepage",
  "page_url_path": "/",
  "sequence_no": 1,
  "page_heading": "Upgrade your everyday for less.",
  "breadcrumb": [],
  "viewport": {
    "width": 889,
    "height": 950
  },
  "surface_id": "710c3bfb-2d2c-4b0e-b72c-9461168a7980",
  "region": "en",
  "identity_summary": {
    "state": "unknown"
  },
  "visible_query": null,
  "program_match": null,
  "page": {
    "page_type": "homepage",
    "page_url": "http://127.0.0.1:8080/index.html"
  },
  "signals": {
    "t1": [
      {
        "position": 1,
        "surface": "featured",
        "name": "VoltMax 15.6\" Laptop",
        "brand": "VoltMax",
        "price": 729.99,
        "currency": "USD",
        "old_price": 849.99,
        "has_markdown": true,
        "badge": "14% OFF",
        "discount_pct": 14,
        "availability": "in-stock",
        "sponsored": false,
        "delivery_promise": "FREE delivery Tomorrow",
        "discount_amount": "Save $120.00"
      },
      {
        "position": 2,
        "surface": "featured",
        "name": "PulseTune Wireless Headphones",
        "brand": "PulseTune",
        "price": 89.99,
        "currency": "USD",
        "old_price": 119.99,
        "has_markdown": true,
        "badge": "25% OFF",
        "discount_pct": 25,
        "availability": "in-stock",
        "sponsored": false,
        "delivery_promise": "FREE delivery Tomorrow",
        "discount_amount": "Save $30.00"
      },
      {
        "position": 3,
        "surface": "featured",
        "name": "Luna Cotton Graphic Tee",
        "brand": "Luna",
        "price": 18.99,
        "currency": "USD",
        "old_price": 24.99,
        "has_markdown": true,
        "badge": "24% OFF",
        "discount_pct": 24,
        "availability": "in-stock",
        "sponsored": false,
        "delivery_promise": "FREE delivery Tomorrow",
        "discount_amount": "Save $6.00"
      },
      {
        "position": 4,
        "surface": "featured",
        "name": "MetroStride Running Shoes",
        "brand": "MetroStride",
        "price": 74.99,
        "currency": "USD",
        "old_price": 94.99,
        "has_markdown": true,
        "badge": "21% OFF",
        "discount_pct": 21,
        "availability": "in-stock",
        "sponsored": false,
        "delivery_promise": "FREE delivery Tomorrow",
        "discount_amount": "Save $20.00"
      },
      {
        "position": 5,
        "surface": "featured",
        "name": "OakLine Coffee Table",
        "brand": "OakLine",
        "price": 129.99,
        "currency": "USD",
        "old_price": 159.99,
        "has_markdown": true,
        "badge": "19% OFF",
        "discount_pct": 19,
        "availability": "in-stock",
        "sponsored": false,
        "delivery_promise": "FREE delivery Tomorrow",
        "discount_amount": "Save $30.00"
      },
      {
        "position": 6,
        "surface": "featured",
        "name": "SoftNest Throw Blanket",
        "brand": "SoftNest",
        "price": 27.99,
        "currency": "USD",
        "old_price": 35.99,
        "has_markdown": true,
        "badge": "22% OFF",
        "discount_pct": 22,
        "availability": "in-stock",
        "sponsored": false,
        "delivery_promise": "FREE delivery Tomorrow",
        "discount_amount": "Save $8.00"
      },
      {
        "position": 7,
        "surface": "featured",
        "name": "The Last Library",
        "brand": "The",
        "price": 14.99,
        "currency": "USD",
        "old_price": 19.99,
        "has_markdown": true,
        "badge": "25% OFF",
        "discount_pct": 25,
        "availability": "in-stock",
        "sponsored": false,
        "delivery_promise": "FREE delivery Tomorrow",
        "discount_amount": "Save $5.00"
      },
      {
        "position": 8,
        "surface": "featured",
        "name": "Coding for Everyone",
        "brand": "Coding",
        "price": 21.99,
        "currency": "USD",
        "old_price": 26.99,
        "has_markdown": true,
        "badge": "19% OFF",
        "discount_pct": 19,
        "availability": "in-stock",
        "sponsored": false,
        "delivery_promise": "FREE delivery Tomorrow",
        "discount_amount": "Save $5.00"
      }
    ],
    "t3": {
      "total_products": 8,
      "sponsored_count": 0,
      "organic_count": 8,
      "discounted_count": 8,
      "full_price_count": 0,
      "out_of_stock_count": 0,
      "low_stock_count": 0,
      "discount_pct_min": 14,
      "discount_pct_max": 25,
      "discount_pct_median": 22,
      "price_min": 14.99,
      "price_max": 729.99,
      "price_currency": "USD"
    },
    "t4": {
      "hydration_events": [
        {
          "metric": "cart_hydration_time_ms",
          "value": 0
        }
      ],
      "css_hidden_blocks": [
        {
          "selector": "sr-only",
          "gated_copy": "Email address",
          "rendered": false
        }
      ],
      "metadata": {
        "meta_description": "Shop electronics, fashion, home essentials and books at SHOPORA with fast delivery and secure checkout."
      },
      "raw_url": "http://127.0.0.1:8080/index.html"
    }
  },
  "budget": {
    "bytes_used": 3571,
    "hard_cap": 51200,
    "tiers_dropped": []
  },
  "privacy_metadata": {
    "pii_scrubbing_version": "0.2.0",
    "local_scrubbing_applied": true,
    "inputs_scrubbed": true,
    "scripts_removed": true,
    "styles_removed": true,
    "persistent_storage_used": false
  }
}

--- [2026-08-30T13:44:08.767Z] PAYLOAD: tier0-9 ---
{
  "schema_version": "0.2.0",
  "beacon_id": "b0c46220-1bfb-4a81-bab3-abef0d1c2634",
  "client_id": "shopora-prod",
  "session_token": "b3276377-8173-4f3c-9202-27e77cf539bc",
  "tag_version": "0.2.0",
  "timestamp": "2026-08-30T13:44:08.635Z",
  "sampled": true,
  "page_type": "cart",
  "page_url_path": "/cart.html",
  "sequence_no": 1,
  "page_heading": "Shopping cart",
  "breadcrumb": [],
  "viewport": {
    "width": 889,
    "height": 950
  },
  "surface_id": "85f784b5-29ed-4f8b-a48c-d4f1b47bb14f",
  "region": "en",
  "identity_summary": {
    "state": "unknown"
  },
  "visible_query": null,
  "program_match": null,
  "page": {
    "page_type": "cart",
    "page_url": "http://127.0.0.1:8080/cart.html"
  },
  "signals": {
    "t1": [],
    "t2": {
      "page_context": "cart",
      "line_items": [
        {
          "name": "Luna Cotton Graphic Tee",
          "quantity": 2,
          "line_total": "$37.98",
          "price": "$37.98",
          "old_price": "$49.98",
          "discount": "24% off"
        },
        {
          "name": "SnapCam 4K Action Camera",
          "quantity": 1,
          "line_total": "$159.99",
          "price": "$159.99",
          "old_price": "$199.99",
          "discount": "20% off"
        }
      ],
      "subtotal": "$197.97",
      "total": "$197.97",
      "savings_shown": "$52.00",
      "delivery_cost": "FREE",
      "subtotal_numeric": 197.97,
      "total_numeric": 197.97,
      "savings_numeric": 52,
      "item_count": 3,
      "promo_field_state": "hidden",
      "promo_field_present": true,
      "checkout_reachable": true,
      "shipping_bar_shown": true,
      "loyalty_balance_rendered": false,
      "promotions": [
        {
          "name": "",
          "amount": "-$0.00"
        }
      ],
      "shipping_threshold_message": "✓ You unlocked FREE delivery!",
      "free_shipping_eligibility": "unknown"
    },
    "t4": {
      "hydration_events": [
        {
          "metric": "cart_hydration_time_ms",
          "value": 58
        }
      ],
      "cart_math_match": true,
      "css_hidden_blocks": [
        {
          "selector": "summary-row savings",
          "gated_copy": "Promo\n                                        () Remove-$0.00",
          "rendered": false
        }
      ],
      "raw_url": "http://127.0.0.1:8080/cart.html"
    }
  },
  "budget": {
    "bytes_used": 1502,
    "hard_cap": 51200,
    "tiers_dropped": []
  },
  "privacy_metadata": {
    "pii_scrubbing_version": "0.2.0",
    "local_scrubbing_applied": true,
    "inputs_scrubbed": true,
    "scripts_removed": true,
    "styles_removed": true,
    "persistent_storage_used": false
  }
}

--- [2026-08-30T13:46:12.878Z] PAYLOAD: interaction_events ---
{
  "envelope_type": "interaction_events",
  "schema_version": "0.2.0",
  "tag_version": "0.2.0",
  "client_id": "shopora-prod",
  "session_token": "b3276377-8173-4f3c-9202-27e77cf539bc",
  "flush_id": "ebaac0d7-9964-4a24-ad98-53258362bc1e",
  "flush_reason": "unload",
  "events": [
    {
      "event_id": "d2d78507-6a71-476a-a99e-bebfe5b17c87",
      "event_type": "promo_code_applied",
      "timestamp": "2026-08-30T13:46:10.457Z",
      "page_type": "cart",
      "page_url_path": "/cart.html",
      "code": "WELCOME10",
      "result": "accepted",
      "discount_amount_shown": "-$19.80"
    }
  ]
}

--- [2026-08-30T13:46:27.243Z] PAYLOAD: tier0-9 ---
{
  "schema_version": "0.2.0",
  "beacon_id": "72d9c9be-39e9-4997-880f-ea8b49c713d9",
  "client_id": "shopora-prod",
  "session_token": "1651a716-0d7f-47e5-8c55-2c28570c9df8",
  "tag_version": "0.2.0",
  "timestamp": "2026-08-30T13:46:27.231Z",
  "sampled": true,
  "page_type": "cart",
  "page_url_path": "/cart.html",
  "sequence_no": 1,
  "page_heading": "Shopping cart",
  "breadcrumb": [],
  "viewport": {
    "width": 889,
    "height": 950
  },
  "surface_id": "c9275b8c-5f58-44f4-b9a7-18c0d5639ef6",
  "region": "en",
  "identity_summary": {
    "state": "unknown"
  },
  "visible_query": null,
  "program_match": null,
  "page": {
    "page_type": "cart",
    "page_url": "http://127.0.0.1:8080/cart.html"
  },
  "signals": {
    "t1": [],
    "t2": {
      "page_context": "cart",
      "line_items": [
        {
          "name": "Luna Cotton Graphic Tee",
          "quantity": 2,
          "line_total": "$37.98",
          "price": "$37.98",
          "old_price": "$49.98",
          "discount": "24% off"
        },
        {
          "name": "SnapCam 4K Action Camera",
          "quantity": 1,
          "line_total": "$159.99",
          "price": "$159.99",
          "old_price": "$199.99",
          "discount": "20% off"
        }
      ],
      "subtotal": "$197.97",
      "total": "$178.17",
      "savings_shown": "$52.00",
      "delivery_cost": "FREE",
      "subtotal_numeric": 197.97,
      "total_numeric": 178.17,
      "savings_numeric": 52,
      "item_count": 3,
      "promo_field_state": "hidden",
      "promo_field_present": true,
      "checkout_reachable": true,
      "shipping_bar_shown": true,
      "loyalty_balance_rendered": false,
      "promotions": [
        {
          "name": "WELCOME10",
          "amount": "-$19.80"
        }
      ],
      "shipping_threshold_message": "✓ You unlocked FREE delivery!",
      "free_shipping_eligibility": "unknown"
    },
    "t4": {
      "hydration_events": [
        {
          "metric": "cart_hydration_time_ms",
          "value": 84
        }
      ],
      "cart_math_match": false,
      "css_hidden_blocks": [
        {
          "selector": "summary-row savings",
          "gated_copy": "Promo\n                                        (WELCOME10) Remove-$19.80",
          "rendered": false
        }
      ],
      "raw_url": "http://127.0.0.1:8080/cart.html"
    }
  },
  "budget": {
    "bytes_used": 1523,
    "hard_cap": 51200,
    "tiers_dropped": []
  },
  "privacy_metadata": {
    "pii_scrubbing_version": "0.2.0",
    "local_scrubbing_applied": true,
    "inputs_scrubbed": true,
    "scripts_removed": true,
    "styles_removed": true,
    "persistent_storage_used": false
  }
}

--- [2026-08-31T10:08:23.398Z] PAYLOAD: tier0-9 ---
{
  "schema_version": "0.2.0",
  "beacon_id": "b62cf3cc-bca6-4251-94aa-a2fd3cde57d5",
  "client_id": "shopora-prod",
  "session_token": "d13567e1-83b2-4360-961d-64e0260e834a",
  "tag_version": "0.2.0",
  "timestamp": "2026-08-31T10:08:23.324Z",
  "sampled": true,
  "page_type": "homepage",
  "page_url_path": "/",
  "sequence_no": 1,
  "page_heading": "Upgrade your everyday for less.",
  "breadcrumb": [],
  "viewport": {
    "width": 1790,
    "height": 950
  },
  "surface_id": "de5cf062-adce-425f-807a-eb038e36ec83",
  "region": "en",
  "identity_summary": {
    "state": "unknown"
  },
  "visible_query": null,
  "program_match": null,
  "page": {
    "page_type": "homepage",
    "page_url": "http://127.0.0.1:8080/"
  },
  "signals": {
    "t1": [
      {
        "position": 1,
        "surface": "featured",
        "name": "VoltMax 15.6\" Laptop",
        "brand": "VoltMax",
        "price": 729.99,
        "currency": "USD",
        "old_price": 849.99,
        "has_markdown": true,
        "badge": "14% OFF",
        "discount_pct": 14,
        "availability": "in-stock",
        "sponsored": false,
        "delivery_promise": "FREE delivery Tomorrow",
        "discount_amount": "Save $120.00"
      },
      {
        "position": 2,
        "surface": "featured",
        "name": "PulseTune Wireless Headphones",
        "brand": "PulseTune",
        "price": 89.99,
        "currency": "USD",
        "old_price": 119.99,
        "has_markdown": true,
        "badge": "25% OFF",
        "discount_pct": 25,
        "availability": "in-stock",
        "sponsored": false,
        "delivery_promise": "FREE delivery Tomorrow",
        "discount_amount": "Save $30.00"
      },
      {
        "position": 3,
        "surface": "featured",
        "name": "Luna Cotton Graphic Tee",
        "brand": "Luna",
        "price": 18.99,
        "currency": "USD",
        "old_price": 24.99,
        "has_markdown": true,
        "badge": "24% OFF",
        "discount_pct": 24,
        "availability": "in-stock",
        "sponsored": false,
        "delivery_promise": "FREE delivery Tomorrow",
        "discount_amount": "Save $6.00"
      },
      {
        "position": 4,
        "surface": "featured",
        "name": "MetroStride Running Shoes",
        "brand": "MetroStride",
        "price": 74.99,
        "currency": "USD",
        "old_price": 94.99,
        "has_markdown": true,
        "badge": "21% OFF",
        "discount_pct": 21,
        "availability": "in-stock",
        "sponsored": false,
        "delivery_promise": "FREE delivery Tomorrow",
        "discount_amount": "Save $20.00"
      },
      {
        "position": 5,
        "surface": "featured",
        "name": "OakLine Coffee Table",
        "brand": "OakLine",
        "price": 129.99,
        "currency": "USD",
        "old_price": 159.99,
        "has_markdown": true,
        "badge": "19% OFF",
        "discount_pct": 19,
        "availability": "in-stock",
        "sponsored": false,
        "delivery_promise": "FREE delivery Tomorrow",
        "discount_amount": "Save $30.00"
      },
      {
        "position": 6,
        "surface": "featured",
        "name": "SoftNest Throw Blanket",
        "brand": "SoftNest",
        "price": 27.99,
        "currency": "USD",
        "old_price": 35.99,
        "has_markdown": true,
        "badge": "22% OFF",
        "discount_pct": 22,
        "availability": "in-stock",
        "sponsored": false,
        "delivery_promise": "FREE delivery Tomorrow",
        "discount_amount": "Save $8.00"
      },
      {
        "position": 7,
        "surface": "featured",
        "name": "The Last Library",
        "brand": "The",
        "price": 14.99,
        "currency": "USD",
        "old_price": 19.99,
        "has_markdown": true,
        "badge": "25% OFF",
        "discount_pct": 25,
        "availability": "in-stock",
        "sponsored": false,
        "delivery_promise": "FREE delivery Tomorrow",
        "discount_amount": "Save $5.00"
      },
      {
        "position": 8,
        "surface": "featured",
        "name": "Coding for Everyone",
        "brand": "Coding",
        "price": 21.99,
        "currency": "USD",
        "old_price": 26.99,
        "has_markdown": true,
        "badge": "19% OFF",
        "discount_pct": 19,
        "availability": "in-stock",
        "sponsored": false,
        "delivery_promise": "FREE delivery Tomorrow",
        "discount_amount": "Save $5.00"
      }
    ],
    "t3": {
      "total_products": 8,
      "sponsored_count": 0,
      "organic_count": 8,
      "discounted_count": 8,
      "full_price_count": 0,
      "out_of_stock_count": 0,
      "low_stock_count": 0,
      "discount_pct_min": 14,
      "discount_pct_max": 25,
      "discount_pct_median": 22,
      "price_min": 14.99,
      "price_max": 729.99,
      "price_currency": "USD"
    },
    "t4": {
      "hydration_events": [
        {
          "metric": "cart_hydration_time_ms",
          "value": 0
        }
      ],
      "css_hidden_blocks": [
        {
          "selector": "sr-only",
          "gated_copy": "Email address",
          "rendered": false
        }
      ],
      "metadata": {
        "meta_description": "Shop electronics, fashion, home essentials and books at SHOPORA with fast delivery and secure checkout."
      },
      "raw_url": "http://127.0.0.1:8080/"
    }
  },
  "budget": {
    "bytes_used": 3562,
    "hard_cap": 51200,
    "tiers_dropped": []
  },
  "privacy_metadata": {
    "pii_scrubbing_version": "0.2.0",
    "local_scrubbing_applied": true,
    "inputs_scrubbed": true,
    "scripts_removed": true,
    "styles_removed": true,
    "persistent_storage_used": false
  }
}

--- [2026-08-31T10:17:18.172Z] PAYLOAD: tier0-9 ---
{
  "schema_version": "0.2.0",
  "beacon_id": "231fa27a-686f-4c22-90d3-4bc8b953f8ff",
  "client_id": "shopora-prod",
  "session_token": "55299213-9e2e-481e-8428-0100c8ca4f8c",
  "tag_version": "0.2.0",
  "timestamp": "2026-08-31T10:17:18.156Z",
  "sampled": true,
  "page_type": "homepage",
  "page_url_path": "/",
  "sequence_no": 1,
  "page_heading": "Upgrade your everyday for less.",
  "breadcrumb": [],
  "viewport": {
    "width": 1790,
    "height": 950
  },
  "surface_id": "9beb0bb9-6218-4fd2-860b-b7739d8b2812",
  "region": "en",
  "identity_summary": {
    "state": "unknown"
  },
  "visible_query": null,
  "program_match": null,
  "page": {
    "page_type": "homepage",
    "page_url": "http://127.0.0.1:8080/"
  },
  "signals": {
    "t1": [],
    "t4": {
      "hydration_events": [
        {
          "metric": "cart_hydration_time_ms",
          "value": 0
        }
      ],
      "css_hidden_blocks": [
        {
          "selector": "sr-only",
          "gated_copy": "Email address",
          "rendered": false
        }
      ],
      "metadata": {
        "meta_description": "Shop electronics, fashion, home essentials and books at SHOPORA with fast delivery and secure checkout."
      },
      "raw_url": "http://127.0.0.1:8080/"
    }
  },
  "budget": {
    "bytes_used": 803,
    "hard_cap": 51200,
    "tiers_dropped": []
  },
  "privacy_metadata": {
    "pii_scrubbing_version": "0.2.0",
    "local_scrubbing_applied": true,
    "inputs_scrubbed": true,
    "scripts_removed": true,
    "styles_removed": true,
    "persistent_storage_used": false
  }
}

--- [2026-08-31T10:17:47.676Z] PAYLOAD: tier0-9 ---
{
  "schema_version": "0.2.0",
  "beacon_id": "2f5b548c-e0ed-4259-91c1-0e8f20968423",
  "client_id": "shopora-prod",
  "session_token": "8f04fcb3-1f41-4735-88fa-fd694a633acf",
  "tag_version": "0.2.0",
  "timestamp": "2026-08-31T10:17:47.636Z",
  "sampled": true,
  "page_type": "homepage",
  "page_url_path": "/",
  "sequence_no": 1,
  "page_heading": "Upgrade your everyday for less.",
  "breadcrumb": [],
  "viewport": {
    "width": 1790,
    "height": 950
  },
  "surface_id": "bd9be53e-8d39-40f7-9c19-ab1255c816da",
  "region": "en",
  "identity_summary": {
    "state": "unknown"
  },
  "visible_query": null,
  "program_match": null,
  "page": {
    "page_type": "homepage",
    "page_url": "http://127.0.0.1:8080/"
  },
  "signals": {
    "t1": [
      {
        "position": 1,
        "surface": "featured",
        "name": "VoltMax 15.6\" Laptop",
        "brand": "VoltMax",
        "price": 729.99,
        "currency": "USD",
        "old_price": 849.99,
        "has_markdown": true,
        "badge": "14% OFF",
        "discount_pct": 14,
        "availability": "in-stock",
        "sponsored": false,
        "delivery_promise": "FREE delivery Tomorrow",
        "discount_amount": "Save $120.00"
      },
      {
        "position": 2,
        "surface": "featured",
        "name": "PulseTune Wireless Headphones",
        "brand": "PulseTune",
        "price": 89.99,
        "currency": "USD",
        "old_price": 119.99,
        "has_markdown": true,
        "badge": "25% OFF",
        "discount_pct": 25,
        "availability": "in-stock",
        "sponsored": false,
        "delivery_promise": "FREE delivery Tomorrow",
        "discount_amount": "Save $30.00"
      },
      {
        "position": 3,
        "surface": "featured",
        "name": "Luna Cotton Graphic Tee",
        "brand": "Luna",
        "price": 18.99,
        "currency": "USD",
        "old_price": 24.99,
        "has_markdown": true,
        "badge": "24% OFF",
        "discount_pct": 24,
        "availability": "in-stock",
        "sponsored": false,
        "delivery_promise": "FREE delivery Tomorrow",
        "discount_amount": "Save $6.00"
      },
      {
        "position": 4,
        "surface": "featured",
        "name": "MetroStride Running Shoes",
        "brand": "MetroStride",
        "price": 74.99,
        "currency": "USD",
        "old_price": 94.99,
        "has_markdown": true,
        "badge": "21% OFF",
        "discount_pct": 21,
        "availability": "in-stock",
        "sponsored": false,
        "delivery_promise": "FREE delivery Tomorrow",
        "discount_amount": "Save $20.00"
      },
      {
        "position": 5,
        "surface": "featured",
        "name": "OakLine Coffee Table",
        "brand": "OakLine",
        "price": 129.99,
        "currency": "USD",
        "old_price": 159.99,
        "has_markdown": true,
        "badge": "19% OFF",
        "discount_pct": 19,
        "availability": "in-stock",
        "sponsored": false,
        "delivery_promise": "FREE delivery Tomorrow",
        "discount_amount": "Save $30.00"
      },
      {
        "position": 6,
        "surface": "featured",
        "name": "SoftNest Throw Blanket",
        "brand": "SoftNest",
        "price": 27.99,
        "currency": "USD",
        "old_price": 35.99,
        "has_markdown": true,
        "badge": "22% OFF",
        "discount_pct": 22,
        "availability": "in-stock",
        "sponsored": false,
        "delivery_promise": "FREE delivery Tomorrow",
        "discount_amount": "Save $8.00"
      },
      {
        "position": 7,
        "surface": "featured",
        "name": "The Last Library",
        "brand": "The",
        "price": 14.99,
        "currency": "USD",
        "old_price": 19.99,
        "has_markdown": true,
        "badge": "25% OFF",
        "discount_pct": 25,
        "availability": "in-stock",
        "sponsored": false,
        "delivery_promise": "FREE delivery Tomorrow",
        "discount_amount": "Save $5.00"
      },
      {
        "position": 8,
        "surface": "featured",
        "name": "Coding for Everyone",
        "brand": "Coding",
        "price": 21.99,
        "currency": "USD",
        "old_price": 26.99,
        "has_markdown": true,
        "badge": "19% OFF",
        "discount_pct": 19,
        "availability": "in-stock",
        "sponsored": false,
        "delivery_promise": "FREE delivery Tomorrow",
        "discount_amount": "Save $5.00"
      }
    ],
    "t3": {
      "total_products": 8,
      "sponsored_count": 0,
      "organic_count": 8,
      "discounted_count": 8,
      "full_price_count": 0,
      "out_of_stock_count": 0,
      "low_stock_count": 0,
      "discount_pct_min": 14,
      "discount_pct_max": 25,
      "discount_pct_median": 22,
      "price_min": 14.99,
      "price_max": 729.99,
      "price_currency": "USD"
    },
    "t4": {
      "hydration_events": [
        {
          "metric": "cart_hydration_time_ms",
          "value": 1
        }
      ],
      "css_hidden_blocks": [
        {
          "selector": "sr-only",
          "gated_copy": "Email address",
          "rendered": false
        }
      ],
      "metadata": {
        "meta_description": "Shop electronics, fashion, home essentials and books at SHOPORA with fast delivery and secure checkout."
      },
      "raw_url": "http://127.0.0.1:8080/"
    }
  },
  "budget": {
    "bytes_used": 3562,
    "hard_cap": 51200,
    "tiers_dropped": []
  },
  "privacy_metadata": {
    "pii_scrubbing_version": "0.2.0",
    "local_scrubbing_applied": true,
    "inputs_scrubbed": true,
    "scripts_removed": true,
    "styles_removed": true,
    "persistent_storage_used": false
  }
}

--- [2026-08-31T10:21:00.795Z] PAYLOAD: tier0-9 ---
{
  "schema_version": "0.2.0",
  "beacon_id": "cc2a8e05-463e-4d6a-8a89-0c361bbc2825",
  "client_id": "shopora-prod",
  "session_token": "20ec73e8-ee57-44ff-95fb-c8a682c9c6c5",
  "tag_version": "0.2.0",
  "timestamp": "2026-08-31T10:21:00.767Z",
  "sampled": true,
  "page_type": "category",
  "page_url_path": "/category.html?category=fashion",
  "sequence_no": 1,
  "page_heading": "Fashion",
  "breadcrumb": [],
  "viewport": {
    "width": 1790,
    "height": 950
  },
  "surface_id": "0968c0e8-b3b2-48eb-9c49-665337dc5122",
  "region": "en",
  "identity_summary": {
    "state": "unknown"
  },
  "visible_query": null,
  "program_match": null,
  "page": {
    "page_type": "category",
    "page_url": "http://127.0.0.1:8080/category.html?category=fashion"
  },
  "signals": {
    "t1": [
      {
        "position": 1,
        "surface": "catalog-grid",
        "name": "MetroStride Running Shoes",
        "brand": "MetroStride",
        "price": 74.99,
        "currency": "USD",
        "old_price": 94.99,
        "has_markdown": true,
        "badge": "21% OFF",
        "discount_pct": 21,
        "availability": "in-stock",
        "sponsored": false,
        "delivery_promise": "FREE delivery Tomorrow",
        "discount_amount": "Save $20.00"
      },
      {
        "position": 2,
        "surface": "catalog-grid",
        "name": "UrbanWeave Denim Jacket",
        "brand": "UrbanWeave",
        "price": 54.99,
        "currency": "USD",
        "old_price": 69.99,
        "has_markdown": true,
        "badge": "21% OFF",
        "discount_pct": 21,
        "availability": "in-stock",
        "sponsored": false,
        "delivery_promise": "FREE delivery Tomorrow",
        "discount_amount": "Save $15.00"
      },
      {
        "position": 3,
        "surface": "catalog-grid",
        "name": "SilkLine Summer Dress",
        "brand": "SilkLine",
        "price": 48.99,
        "currency": "USD",
        "old_price": 59.99,
        "has_markdown": true,
        "badge": "18% OFF",
        "discount_pct": 18,
        "availability": "in-stock",
        "sponsored": false,
        "delivery_promise": "FREE delivery Tomorrow",
        "discount_amount": "Save $11.00"
      },
      {
        "position": 4,
        "surface": "catalog-grid",
        "name": "Halo Knit Sweater",
        "brand": "Halo",
        "price": 44.99,
        "currency": "USD",
        "old_price": 58.99,
        "has_markdown": true,
        "badge": "24% OFF",
        "discount_pct": 24,
        "availability": "in-stock",
        "sponsored": false,
        "delivery_promise": "FREE delivery Tomorrow",
        "discount_amount": "Save $14.00"
      },
      {
        "position": 5,
        "surface": "catalog-grid",
        "name": "Frontier Leather Belt",
        "brand": "Frontier",
        "price": 24.99,
        "currency": "USD",
        "old_price": 31.99,
        "has_markdown": true,
        "badge": "22% OFF",
        "discount_pct": 22,
        "availability": "in-stock",
        "sponsored": false,
        "delivery_promise": "FREE delivery Tomorrow",
        "discount_amount": "Save $7.00"
      },
      {
        "position": 6,
        "surface": "catalog-grid",
        "name": "Northline Hoodie",
        "brand": "Northline",
        "price": 42.99,
        "currency": "USD",
        "old_price": 54.99,
        "has_markdown": true,
        "badge": "22% OFF",
        "discount_pct": 22,
        "availability": "in-stock",
        "sponsored": false,
        "delivery_promise": "FREE delivery Tomorrow",
        "discount_amount": "Save $12.00"
      },
      {
        "position": 7,
        "surface": "catalog-grid",
        "name": "AeroTrack Joggers",
        "brand": "AeroTrack",
        "price": 33.99,
        "currency": "USD",
        "old_price": 43.99,
        "has_markdown": true,
        "badge": "23% OFF",
        "discount_pct": 23,
        "availability": "in-stock",
        "sponsored": false,
        "delivery_promise": "FREE delivery Tomorrow",
        "discount_amount": "Save $10.00"
      },
      {
        "position": 8,
        "surface": "catalog-grid",
        "name": "PrimeLayer Blazer",
        "brand": "PrimeLayer",
        "price": 89.99,
        "currency": "USD",
        "old_price": 109.99,
        "has_markdown": true,
        "badge": "18% OFF",
        "discount_pct": 18,
        "availability": "in-stock",
        "sponsored": false,
        "delivery_promise": "FREE delivery Tomorrow",
        "discount_amount": "Save $20.00"
      },
      {
        "position": 9,
        "surface": "catalog-grid",
        "name": "Luna Cotton Graphic Tee",
        "brand": "Luna",
        "price": 18.99,
        "currency": "USD",
        "old_price": 24.99,
        "has_markdown": true,
        "badge": "24% OFF",
        "discount_pct": 24,
        "availability": "in-stock",
        "sponsored": false,
        "delivery_promise": "FREE delivery Tomorrow",
        "discount_amount": "Save $6.00"
      },
      {
        "position": 10,
        "surface": "catalog-grid",
        "name": "CityFlow Backpack",
        "brand": "CityFlow",
        "price": 36.99,
        "currency": "USD",
        "old_price": 45.99,
        "has_markdown": true,
        "badge": "20% OFF",
        "discount_pct": 20,
        "availability": "in-stock",
        "sponsored": false,
        "delivery_promise": "FREE delivery Tomorrow",
        "discount_amount": "Save $9.00"
      },
      {
        "position": 11,
        "surface": "catalog-grid",
        "name": "ClassicFit Chino Pants",
        "brand": "ClassicFit",
        "price": 39.99,
        "currency": "USD",
        "old_price": 49.99,
        "has_markdown": true,
        "badge": "20% OFF",
        "discount_pct": 20,
        "availability": "in-stock",
        "sponsored": false,
        "delivery_promise": "FREE delivery Tomorrow",
        "discount_amount": "Save $10.00"
      },
      {
        "position": 12,
        "surface": "catalog-grid",
        "name": "Strata Formal Shirt",
        "brand": "Strata",
        "price": 31.99,
        "currency": "USD",
        "old_price": 39.99,
        "has_markdown": true,
        "badge": "20% OFF",
        "discount_pct": 20,
        "availability": "in-stock",
        "sponsored": false,
        "delivery_promise": "FREE delivery Tomorrow",
        "discount_amount": "Save $8.00"
      },
      {
        "position": 13,
        "surface": "catalog-grid",
        "name": "PulseFlex Training Shorts",
        "brand": "PulseFlex",
        "price": 22.99,
        "currency": "USD",
        "old_price": 29.99,
        "has_markdown": true,
        "badge": "23% OFF",
        "discount_pct": 23,
        "availability": "in-stock",
        "sponsored": false,
        "delivery_promise": "FREE delivery Tomorrow",
        "discount_amount": "Save $7.00"
      },
      {
        "position": 14,
        "surface": "catalog-grid",
        "name": "GlowStep Sandals",
        "brand": "GlowStep",
        "price": 28.99,
        "currency": "USD",
        "old_price": 36.99,
        "has_markdown": true,
        "badge": "22% OFF",
        "discount_pct": 22,
        "availability": "in-stock",
        "sponsored": false,
        "delivery_promise": "FREE delivery Tomorrow",
        "discount_amount": "Save $8.00"
      },
      {
        "position": 15,
        "surface": "catalog-grid",
        "name": "BloomWrap Scarf",
        "brand": "BloomWrap",
        "price": 16.99,
        "currency": "USD",
        "old_price": 21.99,
        "has_markdown": true,
        "badge": "23% OFF",
        "discount_pct": 23,
        "availability": "in-stock",
        "sponsored": false,
        "delivery_promise": "FREE delivery Tomorrow",
        "discount_amount": "Save $5.00"
      }
    ],
    "t3": {
      "total_products": 15,
      "sponsored_count": 0,
      "organic_count": 15,
      "discounted_count": 15,
      "full_price_count": 0,
      "out_of_stock_count": 0,
      "low_stock_count": 0,
      "discount_pct_min": 18,
      "discount_pct_max": 24,
      "discount_pct_median": 22,
      "price_min": 16.99,
      "price_max": 89.99,
      "price_currency": "USD"
    },
    "t4": {
      "hydration_events": [
        {
          "metric": "cart_hydration_time_ms",
          "value": 57
        }
      ],
      "result_count_stated": 15,
      "result_count_rendered": 15,
      "result_count_match": true,
      "css_hidden_blocks": [
        {
          "selector": "empty-results",
          "gated_copy": "⌕\n                                        No products found\n                                        ",
          "rendered": false
        }
      ],
      "metadata": {
        "meta_description": "Browse and filter all SHOPORA products."
      },
      "raw_url": "http://127.0.0.1:8080/category.html?category=fashion"
    }
  },
  "budget": {
    "bytes_used": 5929,
    "hard_cap": 51200,
    "tiers_dropped": []
  },
  "privacy_metadata": {
    "pii_scrubbing_version": "0.2.0",
    "local_scrubbing_applied": true,
    "inputs_scrubbed": true,
    "scripts_removed": true,
    "styles_removed": true,
    "persistent_storage_used": false
  }
}

--- [2026-08-31T10:22:35.023Z] PAYLOAD: interaction_events ---
{
  "envelope_type": "interaction_events",
  "schema_version": "0.2.0",
  "tag_version": "0.2.0",
  "client_id": "shopora-prod",
  "session_token": "20ec73e8-ee57-44ff-95fb-c8a682c9c6c5",
  "flush_id": "45d4c8c7-cfc9-4d5e-94d3-8e9f4df086ac",
  "flush_reason": "unload",
  "events": [
    {
      "event_id": "e47ea105-8fd3-468a-857e-f4f95bd32034",
      "event_type": "add_to_cart",
      "timestamp": "2026-08-31T10:22:33.601Z",
      "page_type": "category",
      "page_url_path": "/category.html",
      "sku": "fa-1",
      "surface": "catalog-grid",
      "position": 2,
      "price": 54.99,
      "currency": "USD"
    }
  ]
}

--- [2026-08-31T10:22:46.576Z] PAYLOAD: tier0-9 ---
{
  "schema_version": "0.2.0",
  "beacon_id": "398521c6-60d5-4abe-98dd-632bc679eeef",
  "client_id": "shopora-prod",
  "session_token": "c2c07d8f-8c57-47ff-a1b9-723b9878d342",
  "tag_version": "0.2.0",
  "timestamp": "2026-08-31T10:22:46.561Z",
  "sampled": true,
  "page_type": "cart",
  "page_url_path": "/cart.html",
  "sequence_no": 1,
  "page_heading": "Shopping cart",
  "breadcrumb": [],
  "viewport": {
    "width": 1790,
    "height": 950
  },
  "surface_id": "9680f246-851f-4ee7-a664-b329fec9fd08",
  "region": "en",
  "identity_summary": {
    "state": "unknown"
  },
  "visible_query": null,
  "program_match": null,
  "page": {
    "page_type": "cart",
    "page_url": "http://127.0.0.1:8080/cart.html"
  },
  "signals": {
    "t1": [],
    "t2": {
      "page_context": "cart",
      "line_items": [
        {
          "name": "UrbanWeave Denim Jacket",
          "quantity": 1,
          "line_total": "$54.99",
          "price": "$54.99",
          "old_price": "$69.99",
          "discount": "21% off"
        }
      ],
      "subtotal": "$54.99",
      "total": "$54.99",
      "savings_shown": "$15.00",
      "delivery_cost": "FREE",
      "subtotal_numeric": 54.99,
      "total_numeric": 54.99,
      "savings_numeric": 15,
      "item_count": 1,
      "promo_field_state": "active",
      "promo_field_present": true,
      "checkout_reachable": true,
      "shipping_bar_shown": true,
      "loyalty_balance_rendered": false,
      "promotions": [
        {
          "name": "",
          "amount": "-$0.00"
        }
      ],
      "shipping_threshold_message": "✓ You unlocked FREE delivery!",
      "free_shipping_eligibility": "unknown"
    },
    "t4": {
      "hydration_events": [
        {
          "metric": "cart_hydration_time_ms",
          "value": 67
        }
      ],
      "cart_math_match": true,
      "css_hidden_blocks": [
        {
          "selector": "summary-row savings",
          "gated_copy": "Promo\n                                        () Remove-$0.00",
          "rendered": false
        }
      ],
      "raw_url": "http://127.0.0.1:8080/cart.html"
    }
  },
  "budget": {
    "bytes_used": 1366,
    "hard_cap": 51200,
    "tiers_dropped": []
  },
  "privacy_metadata": {
    "pii_scrubbing_version": "0.2.0",
    "local_scrubbing_applied": true,
    "inputs_scrubbed": true,
    "scripts_removed": true,
    "styles_removed": true,
    "persistent_storage_used": false
  }
}

--- [2026-08-31T10:55:59.500Z] PAYLOAD: tier0-9 ---
{
  "schema_version": "0.2.0",
  "beacon_id": "92ce82aa-40d8-4318-8ca8-93d13726926a",
  "client_id": "shopora-prod",
  "session_token": "c4cbe08c-9da9-46a1-ba42-b743bff9a8bb",
  "tag_version": "0.2.0",
  "timestamp": "2026-08-31T10:55:59.472Z",
  "sampled": true,
  "page_type": "cart",
  "page_url_path": "/cart.html",
  "sequence_no": 1,
  "page_heading": "Shopping cart",
  "breadcrumb": [],
  "viewport": {
    "width": 1790,
    "height": 950
  },
  "surface_id": "b14de473-470d-4fa4-ac90-b4e3839c149d",
  "region": "en",
  "identity_summary": {
    "state": "unknown"
  },
  "visible_query": null,
  "program_match": null,
  "page": {
    "page_type": "cart",
    "page_url": "http://127.0.0.1:8080/cart.html"
  },
  "signals": {
    "t1": [],
    "t2": {
      "page_context": "cart",
      "line_items": [
        {
          "name": "UrbanWeave Denim Jacket",
          "quantity": 1,
          "line_total": "$54.99",
          "price": "$54.99",
          "old_price": "$69.99",
          "discount": "21% off"
        }
      ],
      "subtotal": "$54.99",
      "total": "$54.99",
      "savings_shown": "$15.00",
      "delivery_cost": "FREE",
      "subtotal_numeric": 54.99,
      "total_numeric": 54.99,
      "savings_numeric": 15,
      "item_count": 1,
      "promo_field_state": "active",
      "promo_field_present": true,
      "checkout_reachable": true,
      "shipping_bar_shown": true,
      "loyalty_balance_rendered": false,
      "promotions": [
        {
          "name": "",
          "amount": "-$0.00"
        }
      ],
      "shipping_threshold_message": "✓ You unlocked FREE delivery!",
      "free_shipping_eligibility": "unknown"
    },
    "t4": {
      "hydration_events": [
        {
          "metric": "cart_hydration_time_ms",
          "value": 158
        }
      ],
      "cart_math_match": true,
      "css_hidden_blocks": [
        {
          "selector": "summary-row savings",
          "gated_copy": "Promo\n                                        () Remove-$0.00",
          "rendered": false
        }
      ],
      "raw_url": "http://127.0.0.1:8080/cart.html"
    }
  },
  "budget": {
    "bytes_used": 1367,
    "hard_cap": 51200,
    "tiers_dropped": []
  },
  "privacy_metadata": {
    "pii_scrubbing_version": "0.2.0",
    "local_scrubbing_applied": true,
    "inputs_scrubbed": true,
    "scripts_removed": true,
    "styles_removed": true,
    "persistent_storage_used": false
  }
}

--- [2026-08-31T10:56:14.310Z] PAYLOAD: tier0-9 ---
{
  "schema_version": "0.2.0",
  "beacon_id": "c5411fd7-6925-4dfb-b682-43b1ce4e70b7",
  "client_id": "shopora-prod",
  "session_token": "5690ba16-2d85-4d6d-be09-2c82aa52c11b",
  "tag_version": "0.2.0",
  "timestamp": "2026-08-31T10:56:14.287Z",
  "sampled": true,
  "page_type": "cart",
  "page_url_path": "/cart.html",
  "sequence_no": 1,
  "page_heading": "Shopping cart",
  "breadcrumb": [],
  "viewport": {
    "width": 1790,
    "height": 950
  },
  "surface_id": "655e8db9-e4cb-4d14-b114-f6627561815e",
  "region": "en",
  "identity_summary": {
    "state": "unknown"
  },
  "visible_query": null,
  "program_match": null,
  "page": {
    "page_type": "cart",
    "page_url": "http://127.0.0.1:8080/cart.html"
  },
  "signals": {
    "t1": [],
    "t2": {
      "page_context": "cart",
      "line_items": [
        {
          "name": "UrbanWeave Denim Jacket",
          "price": 54.99,
          "currency": "USD",
          "old_price": 69.99,
          "discount": "21% off",
          "quantity": 1,
          "line_total": 54.99
        }
      ],
      "subtotal": "$54.99",
      "subtotal_numeric": 54.99,
      "currency": "USD",
      "total": "$54.99",
      "total_numeric": 54.99,
      "savings_shown": "$15.00",
      "savings_numeric": 15,
      "delivery_cost": "FREE",
      "item_count": 1,
      "promo_field_state": "active",
      "promo_field_present": true,
      "checkout_reachable": true,
      "shipping_bar_shown": true,
      "loyalty_balance_rendered": false,
      "promotions": [
        {
          "name": "",
          "amount": "-$0.00"
        }
      ],
      "shipping_threshold_message": "✓ You unlocked FREE delivery!",
      "free_shipping_eligibility": "unknown"
    },
    "t4": {
      "hydration_events": [
        {
          "metric": "cart_hydration_time_ms",
          "value": 129
        }
      ],
      "cart_math_match": true,
      "css_hidden_blocks": [
        {
          "selector": "summary-row savings",
          "gated_copy": "Promo\n                                        () Remove-$0.00",
          "rendered": false
        }
      ],
      "raw_url": "http://127.0.0.1:8080/cart.html"
    }
  },
  "budget": {
    "bytes_used": 1392,
    "hard_cap": 51200,
    "tiers_dropped": []
  },
  "privacy_metadata": {
    "pii_scrubbing_version": "0.2.0",
    "local_scrubbing_applied": true,
    "inputs_scrubbed": true,
    "scripts_removed": true,
    "styles_removed": true,
    "persistent_storage_used": false
  }
}

--- [2026-08-31T10:57:04.155Z] PAYLOAD: tier0-9 ---
{
  "schema_version": "0.2.0",
  "beacon_id": "78cc3526-82ae-42d2-89d0-1c60040e6515",
  "client_id": "shopora-prod",
  "session_token": "804d6f5f-72c7-4599-badb-7e99c9ea3518",
  "tag_version": "0.2.0",
  "timestamp": "2026-08-31T10:57:04.138Z",
  "sampled": true,
  "page_type": "homepage",
  "page_url_path": "/",
  "sequence_no": 1,
  "page_heading": "Upgrade your everyday for less.",
  "breadcrumb": [],
  "viewport": {
    "width": 1790,
    "height": 950
  },
  "surface_id": "32f55226-e1a3-4441-992d-ffecced901a2",
  "region": "en",
  "identity_summary": {
    "state": "unknown"
  },
  "visible_query": null,
  "program_match": null,
  "page": {
    "page_type": "homepage",
    "page_url": "http://127.0.0.1:8080/index.html"
  },
  "signals": {
    "t1": [
      {
        "position": 1,
        "surface": "featured",
        "name": "VoltMax 15.6\" Laptop",
        "brand": "VoltMax",
        "price": 729.99,
        "currency": "USD",
        "old_price": 849.99,
        "has_markdown": true,
        "badge": "14% OFF",
        "discount_pct": 14,
        "availability": "in-stock",
        "sponsored": false,
        "delivery_promise": "FREE delivery Tomorrow",
        "discount_amount": "Save $120.00"
      },
      {
        "position": 2,
        "surface": "featured",
        "name": "PulseTune Wireless Headphones",
        "brand": "PulseTune",
        "price": 89.99,
        "currency": "USD",
        "old_price": 119.99,
        "has_markdown": true,
        "badge": "25% OFF",
        "discount_pct": 25,
        "availability": "in-stock",
        "sponsored": false,
        "delivery_promise": "FREE delivery Tomorrow",
        "discount_amount": "Save $30.00"
      },
      {
        "position": 3,
        "surface": "featured",
        "name": "Luna Cotton Graphic Tee",
        "brand": "Luna",
        "price": 18.99,
        "currency": "USD",
        "old_price": 24.99,
        "has_markdown": true,
        "badge": "24% OFF",
        "discount_pct": 24,
        "availability": "in-stock",
        "sponsored": false,
        "delivery_promise": "FREE delivery Tomorrow",
        "discount_amount": "Save $6.00"
      },
      {
        "position": 4,
        "surface": "featured",
        "name": "MetroStride Running Shoes",
        "brand": "MetroStride",
        "price": 74.99,
        "currency": "USD",
        "old_price": 94.99,
        "has_markdown": true,
        "badge": "21% OFF",
        "discount_pct": 21,
        "availability": "in-stock",
        "sponsored": false,
        "delivery_promise": "FREE delivery Tomorrow",
        "discount_amount": "Save $20.00"
      },
      {
        "position": 5,
        "surface": "featured",
        "name": "OakLine Coffee Table",
        "brand": "OakLine",
        "price": 129.99,
        "currency": "USD",
        "old_price": 159.99,
        "has_markdown": true,
        "badge": "19% OFF",
        "discount_pct": 19,
        "availability": "in-stock",
        "sponsored": false,
        "delivery_promise": "FREE delivery Tomorrow",
        "discount_amount": "Save $30.00"
      },
      {
        "position": 6,
        "surface": "featured",
        "name": "SoftNest Throw Blanket",
        "brand": "SoftNest",
        "price": 27.99,
        "currency": "USD",
        "old_price": 35.99,
        "has_markdown": true,
        "badge": "22% OFF",
        "discount_pct": 22,
        "availability": "in-stock",
        "sponsored": false,
        "delivery_promise": "FREE delivery Tomorrow",
        "discount_amount": "Save $8.00"
      },
      {
        "position": 7,
        "surface": "featured",
        "name": "The Last Library",
        "brand": "The",
        "price": 14.99,
        "currency": "USD",
        "old_price": 19.99,
        "has_markdown": true,
        "badge": "25% OFF",
        "discount_pct": 25,
        "availability": "in-stock",
        "sponsored": false,
        "delivery_promise": "FREE delivery Tomorrow",
        "discount_amount": "Save $5.00"
      },
      {
        "position": 8,
        "surface": "featured",
        "name": "Coding for Everyone",
        "brand": "Coding",
        "price": 21.99,
        "currency": "USD",
        "old_price": 26.99,
        "has_markdown": true,
        "badge": "19% OFF",
        "discount_pct": 19,
        "availability": "in-stock",
        "sponsored": false,
        "delivery_promise": "FREE delivery Tomorrow",
        "discount_amount": "Save $5.00"
      }
    ],
    "t3": {
      "total_products": 8,
      "sponsored_count": 0,
      "organic_count": 8,
      "discounted_count": 8,
      "full_price_count": 0,
      "out_of_stock_count": 0,
      "low_stock_count": 0,
      "discount_pct_min": 14,
      "discount_pct_max": 25,
      "discount_pct_median": 22,
      "price_min": 14.99,
      "price_max": 729.99,
      "price_currency": "USD"
    },
    "t4": {
      "hydration_events": [
        {
          "metric": "cart_hydration_time_ms",
          "value": 0
        }
      ],
      "css_hidden_blocks": [
        {
          "selector": "sr-only",
          "gated_copy": "Email address",
          "rendered": false
        }
      ],
      "metadata": {
        "meta_description": "Shop electronics, fashion, home essentials and books at SHOPORA with fast delivery and secure checkout."
      },
      "raw_url": "http://127.0.0.1:8080/index.html"
    }
  },
  "budget": {
    "bytes_used": 3572,
    "hard_cap": 51200,
    "tiers_dropped": []
  },
  "privacy_metadata": {
    "pii_scrubbing_version": "0.2.0",
    "local_scrubbing_applied": true,
    "inputs_scrubbed": true,
    "scripts_removed": true,
    "styles_removed": true,
    "persistent_storage_used": false
  }
}

--- [2026-08-31T10:57:20.420Z] PAYLOAD: interaction_events ---
{
  "envelope_type": "interaction_events",
  "schema_version": "0.2.0",
  "tag_version": "0.2.0",
  "client_id": "shopora-prod",
  "session_token": "804d6f5f-72c7-4599-badb-7e99c9ea3518",
  "flush_id": "12f98e0b-adf2-48ff-8cdc-b25f3d7588f2",
  "flush_reason": "unload",
  "events": [
    {
      "event_id": "bc1bebcf-2df6-48a6-9de1-be28a1e0a252",
      "event_type": "add_to_cart",
      "timestamp": "2026-08-31T10:57:18.850Z",
      "page_type": "homepage",
      "page_url_path": "/",
      "sku": "fa-3",
      "surface": "catalog-grid",
      "position": 4,
      "price": 74.99,
      "currency": "USD"
    }
  ]
}

--- [2026-08-31T10:57:36.788Z] PAYLOAD: tier0-9 ---
{
  "schema_version": "0.2.0",
  "beacon_id": "638ac42a-bbff-4ebc-abf3-1147a705a3a1",
  "client_id": "shopora-prod",
  "session_token": "c3040fc6-c7fc-4094-b03b-9f6278588435",
  "tag_version": "0.2.0",
  "timestamp": "2026-08-31T10:57:36.686Z",
  "sampled": true,
  "page_type": "category",
  "page_url_path": "/category.html?category=books",
  "sequence_no": 1,
  "page_heading": "Books",
  "breadcrumb": [],
  "viewport": {
    "width": 1790,
    "height": 950
  },
  "surface_id": "6e2ac96f-2f61-4731-883e-dee60d5a36aa",
  "region": "en",
  "identity_summary": {
    "state": "unknown"
  },
  "visible_query": null,
  "program_match": null,
  "page": {
    "page_type": "category",
    "page_url": "http://127.0.0.1:8080/category.html?category=books"
  },
  "signals": {
    "t1": [
      {
        "position": 1,
        "surface": "catalog-grid",
        "name": "The Last Library",
        "brand": "The",
        "price": 14.99,
        "currency": "USD",
        "old_price": 19.99,
        "has_markdown": true,
        "badge": "25% OFF",
        "discount_pct": 25,
        "availability": "in-stock",
        "sponsored": false,
        "delivery_promise": "FREE delivery Tomorrow",
        "discount_amount": "Save $5.00"
      },
      {
        "position": 2,
        "surface": "catalog-grid",
        "name": "Mastering Home Cooking",
        "brand": "Mastering",
        "price": 24.99,
        "currency": "USD",
        "old_price": 29.99,
        "has_markdown": true,
        "badge": "17% OFF",
        "discount_pct": 17,
        "availability": "in-stock",
        "sponsored": false,
        "delivery_promise": "FREE delivery Tomorrow",
        "discount_amount": "Save $5.00"
      },
      {
        "position": 3,
        "surface": "catalog-grid",
        "name": "Coding for Everyone",
        "brand": "Coding",
        "price": 21.99,
        "currency": "USD",
        "old_price": 26.99,
        "has_markdown": true,
        "badge": "19% OFF",
        "discount_pct": 19,
        "availability": "in-stock",
        "sponsored": false,
        "delivery_promise": "FREE delivery Tomorrow",
        "discount_amount": "Save $5.00"
      },
      {
        "position": 4,
        "surface": "catalog-grid",
        "name": "A Year of Sketches",
        "brand": "A",
        "price": 20.99,
        "currency": "USD",
        "old_price": 25.99,
        "has_markdown": true,
        "badge": "19% OFF",
        "discount_pct": 19,
        "availability": "in-stock",
        "sponsored": false,
        "delivery_promise": "FREE delivery Tomorrow",
        "discount_amount": "Save $5.00"
      },
      {
        "position": 5,
        "surface": "catalog-grid",
        "name": "World Atlas for Kids",
        "brand": "World",
        "price": 18.99,
        "currency": "USD",
        "old_price": 22.99,
        "has_markdown": true,
        "badge": "17% OFF",
        "discount_pct": 17,
        "availability": "in-stock",
        "sponsored": false,
        "delivery_promise": "FREE delivery Tomorrow",
        "discount_amount": "Save $4.00"
      },
      {
        "position": 6,
        "surface": "catalog-grid",
        "name": "History in 100 Objects",
        "brand": "History",
        "price": 23.99,
        "currency": "USD",
        "old_price": 29.99,
        "has_markdown": true,
        "badge": "20% OFF",
        "discount_pct": 20,
        "availability": "in-stock",
        "sponsored": false,
        "delivery_promise": "FREE delivery Tomorrow",
        "discount_amount": "Save $6.00"
      },
      {
        "position": 7,
        "surface": "catalog-grid",
        "name": "Build Better Habits",
        "brand": "Build",
        "price": 12.99,
        "currency": "USD",
        "old_price": 16.99,
        "has_markdown": true,
        "badge": "24% OFF",
        "discount_pct": 24,
        "availability": "in-stock",
        "sponsored": false,
        "delivery_promise": "FREE delivery Tomorrow",
        "discount_amount": "Save $4.00"
      },
      {
        "position": 8,
        "surface": "catalog-grid",
        "name": "Deep Work Notes",
        "brand": "Deep",
        "price": 15.99,
        "currency": "USD",
        "old_price": 20.99,
        "has_markdown": true,
        "badge": "24% OFF",
        "discount_pct": 24,
        "availability": "in-stock",
        "sponsored": false,
        "delivery_promise": "FREE delivery Tomorrow",
        "discount_amount": "Save $5.00"
      },
      {
        "position": 9,
        "surface": "catalog-grid",
        "name": "Stock Market Basics",
        "brand": "Stock",
        "price": 17.99,
        "currency": "USD",
        "old_price": 22.99,
        "has_markdown": true,
        "badge": "22% OFF",
        "discount_pct": 22,
        "availability": "in-stock",
        "sponsored": false,
        "delivery_promise": "FREE delivery Tomorrow",
        "discount_amount": "Save $5.00"
      },
      {
        "position": 10,
        "surface": "catalog-grid",
        "name": "Garden at Noon",
        "brand": "Garden",
        "price": 13.99,
        "currency": "USD",
        "old_price": 17.99,
        "has_markdown": true,
        "badge": "22% OFF",
        "discount_pct": 22,
        "availability": "in-stock",
        "sponsored": false,
        "delivery_promise": "FREE delivery Tomorrow",
        "discount_amount": "Save $4.00"
      },
      {
        "position": 11,
        "surface": "catalog-grid",
        "name": "Space Explorers",
        "brand": "Space",
        "price": 16.99,
        "currency": "USD",
        "old_price": 21.99,
        "has_markdown": true,
        "badge": "23% OFF",
        "discount_pct": 23,
        "availability": "in-stock",
        "sponsored": false,
        "delivery_promise": "FREE delivery Tomorrow",
        "discount_amount": "Save $5.00"
      },
      {
        "position": 12,
        "surface": "catalog-grid",
        "name": "The Art of Small Spaces",
        "brand": "The",
        "price": 19.99,
        "currency": "USD",
        "old_price": 24.99,
        "has_markdown": true,
        "badge": "20% OFF",
        "discount_pct": 20,
        "availability": "in-stock",
        "sponsored": false,
        "delivery_promise": "FREE delivery Tomorrow",
        "discount_amount": "Save $5.00"
      },
      {
        "position": 13,
        "surface": "catalog-grid",
        "name": "Mystery on Maple Street",
        "brand": "Mystery",
        "price": 11.99,
        "currency": "USD",
        "old_price": 15.99,
        "has_markdown": true,
        "badge": "25% OFF",
        "discount_pct": 25,
        "availability": "in-stock",
        "sponsored": false,
        "delivery_promise": "FREE delivery Tomorrow",
        "discount_amount": "Save $4.00"
      },
      {
        "position": 14,
        "surface": "catalog-grid",
        "name": "Legends of the River",
        "brand": "Legends",
        "price": 14.49,
        "currency": "USD",
        "old_price": 18.49,
        "has_markdown": true,
        "badge": "22% OFF",
        "discount_pct": 22,
        "availability": "in-stock",
        "sponsored": false,
        "delivery_promise": "FREE delivery Tomorrow",
        "discount_amount": "Save $4.00"
      },
      {
        "position": 15,
        "surface": "catalog-grid",
        "name": "Mindful Minutes",
        "brand": "Mindful",
        "price": 10.99,
        "currency": "USD",
        "old_price": 14.99,
        "has_markdown": true,
        "badge": "27% OFF",
        "discount_pct": 27,
        "availability": "in-stock",
        "sponsored": false,
        "delivery_promise": "FREE delivery Tomorrow",
        "discount_amount": "Save $4.00"
      }
    ],
    "t3": {
      "total_products": 15,
      "sponsored_count": 0,
      "organic_count": 15,
      "discounted_count": 15,
      "full_price_count": 0,
      "out_of_stock_count": 0,
      "low_stock_count": 0,
      "discount_pct_min": 17,
      "discount_pct_max": 27,
      "discount_pct_median": 22,
      "price_min": 10.99,
      "price_max": 24.99,
      "price_currency": "USD"
    },
    "t4": {
      "hydration_events": [
        {
          "metric": "cart_hydration_time_ms",
          "value": 113
        }
      ],
      "result_count_stated": 15,
      "result_count_rendered": 15,
      "result_count_match": true,
      "css_hidden_blocks": [
        {
          "selector": "empty-results",
          "gated_copy": "⌕\n                                        No products found\n                                        ",
          "rendered": false
        }
      ],
      "metadata": {
        "meta_description": "Browse and filter all SHOPORA products."
      },
      "raw_url": "http://127.0.0.1:8080/category.html?category=books"
    }
  },
  "budget": {
    "bytes_used": 5858,
    "hard_cap": 51200,
    "tiers_dropped": []
  },
  "privacy_metadata": {
    "pii_scrubbing_version": "0.2.0",
    "local_scrubbing_applied": true,
    "inputs_scrubbed": true,
    "scripts_removed": true,
    "styles_removed": true,
    "persistent_storage_used": false
  }
}

--- [2026-08-31T10:57:40.148Z] PAYLOAD: interaction_events ---
{
  "envelope_type": "interaction_events",
  "schema_version": "0.2.0",
  "tag_version": "0.2.0",
  "client_id": "shopora-prod",
  "session_token": "c3040fc6-c7fc-4094-b03b-9f6278588435",
  "flush_id": "dd5b7254-291d-4cf0-b5c5-fb1874912ae6",
  "flush_reason": "unload",
  "events": [
    {
      "event_id": "e4a6cfdd-2bc1-4e9b-8263-78a1125251fa",
      "event_type": "add_to_cart",
      "timestamp": "2026-08-31T10:57:38.626Z",
      "page_type": "category",
      "page_url_path": "/category.html",
      "sku": "bo-5",
      "surface": "catalog-grid",
      "position": 2,
      "price": 24.99,
      "currency": "USD"
    }
  ]
}

--- [2026-08-31T10:58:01.722Z] PAYLOAD: tier0-9 ---
{
  "schema_version": "0.2.0",
  "beacon_id": "4b87393b-5dea-4a85-a775-d3b5a895572d",
  "client_id": "shopora-prod",
  "session_token": "c5413f4b-8c60-4560-b4d2-770b59ea72f8",
  "tag_version": "0.2.0",
  "timestamp": "2026-08-31T10:58:01.606Z",
  "sampled": true,
  "page_type": "cart",
  "page_url_path": "/cart.html",
  "sequence_no": 1,
  "page_heading": "Shopping cart",
  "breadcrumb": [],
  "viewport": {
    "width": 1790,
    "height": 950
  },
  "surface_id": "1bedb3d7-32e9-46fa-aa5c-6ef44d29eb3a",
  "region": "en",
  "identity_summary": {
    "state": "unknown"
  },
  "visible_query": null,
  "program_match": null,
  "page": {
    "page_type": "cart",
    "page_url": "http://127.0.0.1:8080/cart.html"
  },
  "signals": {
    "t1": [],
    "t2": {
      "page_context": "cart",
      "line_items": [
        {
          "name": "UrbanWeave Denim Jacket",
          "price": 54.99,
          "currency": "USD",
          "old_price": 69.99,
          "discount": "21% off",
          "quantity": 1,
          "line_total": 54.99
        },
        {
          "name": "MetroStride Running Shoes",
          "price": 74.99,
          "currency": "USD",
          "old_price": 94.99,
          "discount": "21% off",
          "quantity": 1,
          "line_total": 74.99
        },
        {
          "name": "Mastering Home Cooking",
          "price": 24.99,
          "currency": "USD",
          "old_price": 29.99,
          "discount": "17% off",
          "quantity": 1,
          "line_total": 24.99
        }
      ],
      "subtotal": "$154.97",
      "subtotal_numeric": 154.97,
      "currency": "USD",
      "total": "$154.97",
      "total_numeric": 154.97,
      "savings_shown": "$40.00",
      "savings_numeric": 40,
      "delivery_cost": "FREE",
      "item_count": 3,
      "promo_field_state": "active",
      "promo_field_present": true,
      "checkout_reachable": true,
      "shipping_bar_shown": true,
      "loyalty_balance_rendered": false,
      "promotions": [
        {
          "name": "",
          "amount": "-$0.00"
        }
      ],
      "shipping_threshold_message": "✓ You unlocked FREE delivery!",
      "free_shipping_eligibility": "unknown"
    },
    "t4": {
      "hydration_events": [
        {
          "metric": "cart_hydration_time_ms",
          "value": 53
        }
      ],
      "cart_math_match": true,
      "css_hidden_blocks": [
        {
          "selector": "summary-row savings",
          "gated_copy": "Promo\n                                        () Remove-$0.00",
          "rendered": false
        }
      ],
      "raw_url": "http://127.0.0.1:8080/cart.html"
    }
  },
  "budget": {
    "bytes_used": 1670,
    "hard_cap": 51200,
    "tiers_dropped": []
  },
  "privacy_metadata": {
    "pii_scrubbing_version": "0.2.0",
    "local_scrubbing_applied": true,
    "inputs_scrubbed": true,
    "scripts_removed": true,
    "styles_removed": true,
    "persistent_storage_used": false
  }
}

--- [2026-08-31T10:58:28.178Z] PAYLOAD: interaction_events ---
{
  "envelope_type": "interaction_events",
  "schema_version": "0.2.0",
  "tag_version": "0.2.0",
  "client_id": "shopora-prod",
  "session_token": "c5413f4b-8c60-4560-b4d2-770b59ea72f8",
  "flush_id": "f7f0e05d-7a85-4bb1-8abe-528bf5ca6886",
  "flush_reason": "immediate_navigation",
  "events": [
    {
      "event_id": "c6e7da92-2789-4560-90dc-f5a3ce2c7b57",
      "event_type": "product_card_clicked",
      "timestamp": "2026-08-31T10:58:28.164Z",
      "page_type": "cart",
      "page_url_path": "/cart.html",
      "sku": null,
      "surface": "catalog-grid",
      "position": 1,
      "price": 54.99,
      "currency": "USD"
    }
  ]
}

--- [2026-08-31T10:58:28.646Z] PAYLOAD: tier0-9 ---
{
  "schema_version": "0.2.0",
  "beacon_id": "af048d4a-808e-4d8b-8dcc-7e6803345153",
  "client_id": "shopora-prod",
  "session_token": "1e399c84-fdad-43b0-9394-2510db405cab",
  "tag_version": "0.2.0",
  "timestamp": "2026-08-31T10:58:28.536Z",
  "sampled": true,
  "page_type": "pdp",
  "page_url_path": "/pdp.html?id=null",
  "sequence_no": 1,
  "page_heading": "ApexView 55\" 4K HDR Smart TV",
  "breadcrumb": [
    "HOME /",
    "ELECTRONICS /",
    "APEXVIEW"
  ],
  "viewport": {
    "width": 1790,
    "height": 950
  },
  "surface_id": "8349fbd7-dc17-4652-8287-283a21972fb0",
  "region": "en",
  "identity_summary": {
    "state": "unknown"
  },
  "visible_query": null,
  "program_match": null,
  "page": {
    "page_type": "pdp",
    "page_url": "http://127.0.0.1:8080/pdp.html?id=null"
  },
  "signals": {
    "t1": [
      {
        "position": 1,
        "surface": "hero",
        "name": "Product Specifications",
        "brand": "ApexView Official",
        "price": 499.99,
        "currency": "USD",
        "old_price": 599.99,
        "has_markdown": true,
        "badge": "SAVE 17%",
        "discount_pct": 17,
        "availability": "in-stock",
        "sponsored": false,
        "delivery_promise": "Order within 5 hrs",
        "visible_category_words": [
          "electronics"
        ],
        "badges": [
          "• High Demand"
        ]
      }
    ],
    "t4": {
      "hydration_events": [
        {
          "metric": "cart_hydration_time_ms",
          "value": 0
        }
      ],
      "css_hidden_blocks": [
        {
          "selector": "pdp-accordion-content",
          "gated_copy": "Standard Delivery: 3-5 business days. Free for orders over $50.\n                \n                \n  ",
          "rendered": false
        }
      ],
      "raw_url": "http://127.0.0.1:8080/pdp.html?id=null"
    }
  },
  "budget": {
    "bytes_used": 1180,
    "hard_cap": 51200,
    "tiers_dropped": []
  },
  "privacy_metadata": {
    "pii_scrubbing_version": "0.2.0",
    "local_scrubbing_applied": true,
    "inputs_scrubbed": true,
    "scripts_removed": true,
    "styles_removed": true,
    "persistent_storage_used": false
  }
}

--- [2026-08-31T10:58:51.046Z] PAYLOAD: tier0-9 ---
{
  "schema_version": "0.2.0",
  "beacon_id": "7fa31e9c-6ca0-4098-9727-5ae6215e75ad",
  "client_id": "shopora-prod",
  "session_token": "1f3ada9b-6724-4664-8302-f633b7986d2b",
  "tag_version": "0.2.0",
  "timestamp": "2026-08-31T10:58:51.000Z",
  "sampled": true,
  "page_type": "cart",
  "page_url_path": "/cart.html",
  "sequence_no": 1,
  "page_heading": "Shopping cart",
  "breadcrumb": [],
  "viewport": {
    "width": 1790,
    "height": 950
  },
  "surface_id": "711c4c90-8fd4-426b-a12c-ff7fb8b6a469",
  "region": "en",
  "identity_summary": {
    "state": "unknown"
  },
  "visible_query": null,
  "program_match": null,
  "page": {
    "page_type": "cart",
    "page_url": "http://127.0.0.1:8080/cart.html"
  },
  "signals": {
    "t1": [],
    "t2": {
      "page_context": "cart",
      "line_items": [
        {
          "name": "UrbanWeave Denim Jacket",
          "price": 54.99,
          "currency": "USD",
          "old_price": 69.99,
          "discount": "21% off",
          "quantity": 1,
          "line_total": 54.99
        },
        {
          "name": "MetroStride Running Shoes",
          "price": 74.99,
          "currency": "USD",
          "old_price": 94.99,
          "discount": "21% off",
          "quantity": 1,
          "line_total": 74.99
        },
        {
          "name": "Mastering Home Cooking",
          "price": 24.99,
          "currency": "USD",
          "old_price": 29.99,
          "discount": "17% off",
          "quantity": 1,
          "line_total": 24.99
        }
      ],
      "subtotal": "$154.97",
      "subtotal_numeric": 154.97,
      "currency": "USD",
      "total": "$154.97",
      "total_numeric": 154.97,
      "savings_shown": "$40.00",
      "savings_numeric": 40,
      "delivery_cost": "FREE",
      "item_count": 3,
      "promo_field_state": "active",
      "promo_field_present": true,
      "checkout_reachable": true,
      "shipping_bar_shown": true,
      "loyalty_balance_rendered": false,
      "promotions": [
        {
          "name": "",
          "amount": "-$0.00"
        }
      ],
      "shipping_threshold_message": "✓ You unlocked FREE delivery!",
      "free_shipping_eligibility": "unknown"
    },
    "t4": {
      "hydration_events": [
        {
          "metric": "cart_hydration_time_ms",
          "value": 12
        }
      ],
      "cart_math_match": true,
      "css_hidden_blocks": [
        {
          "selector": "summary-row savings",
          "gated_copy": "Promo\n                                        () Remove-$0.00",
          "rendered": false
        }
      ],
      "raw_url": "http://127.0.0.1:8080/cart.html"
    }
  },
  "budget": {
    "bytes_used": 1670,
    "hard_cap": 51200,
    "tiers_dropped": []
  },
  "privacy_metadata": {
    "pii_scrubbing_version": "0.2.0",
    "local_scrubbing_applied": true,
    "inputs_scrubbed": true,
    "scripts_removed": true,
    "styles_removed": true,
    "persistent_storage_used": false
  }
}

--- [2026-08-31T10:58:52.395Z] PAYLOAD: interaction_events ---
{
  "envelope_type": "interaction_events",
  "schema_version": "0.2.0",
  "tag_version": "0.2.0",
  "client_id": "shopora-prod",
  "session_token": "1f3ada9b-6724-4664-8302-f633b7986d2b",
  "flush_id": "719d5ada-2a60-4225-9915-1941fc2a1ace",
  "flush_reason": "immediate_navigation",
  "events": [
    {
      "event_id": "c82c4827-754f-4cdc-89d4-90823d4dff59",
      "event_type": "product_card_clicked",
      "timestamp": "2026-08-31T10:58:52.390Z",
      "page_type": "cart",
      "page_url_path": "/cart.html",
      "sku": null,
      "surface": "catalog-grid",
      "position": 2,
      "price": 74.99,
      "currency": "USD"
    }
  ]
}

--- [2026-08-31T10:58:53.079Z] PAYLOAD: tier0-9 ---
{
  "schema_version": "0.2.0",
  "beacon_id": "03824db6-00f1-4ef7-9f08-fb787b26ba46",
  "client_id": "shopora-prod",
  "session_token": "37d90920-29dd-4c7e-a804-647ab99a6f8a",
  "tag_version": "0.2.0",
  "timestamp": "2026-08-31T10:58:52.676Z",
  "sampled": true,
  "page_type": "pdp",
  "page_url_path": "/pdp.html?id=null",
  "sequence_no": 1,
  "page_heading": "ApexView 55\" 4K HDR Smart TV",
  "breadcrumb": [
    "HOME /",
    "ELECTRONICS /",
    "APEXVIEW"
  ],
  "viewport": {
    "width": 1790,
    "height": 950
  },
  "surface_id": "3b3081ea-e854-426f-9291-166e7fa997de",
  "region": "en",
  "identity_summary": {
    "state": "unknown"
  },
  "visible_query": null,
  "program_match": null,
  "page": {
    "page_type": "pdp",
    "page_url": "http://127.0.0.1:8080/pdp.html?id=null"
  },
  "signals": {
    "t1": [
      {
        "position": 1,
        "surface": "hero",
        "name": "Product Specifications",
        "brand": "ApexView Official",
        "price": 499.99,
        "currency": "USD",
        "old_price": 599.99,
        "has_markdown": true,
        "badge": "SAVE 17%",
        "discount_pct": 17,
        "availability": "in-stock",
        "sponsored": false,
        "delivery_promise": "Order within 5 hrs",
        "visible_category_words": [
          "electronics"
        ],
        "badges": [
          "• High Demand"
        ]
      }
    ],
    "t4": {
      "hydration_events": [
        {
          "metric": "cart_hydration_time_ms",
          "value": 0
        }
      ],
      "css_hidden_blocks": [
        {
          "selector": "pdp-accordion-content",
          "gated_copy": "Standard Delivery: 3-5 business days. Free for orders over $50.\n                \n                \n  ",
          "rendered": false
        }
      ],
      "raw_url": "http://127.0.0.1:8080/pdp.html?id=null"
    }
  },
  "budget": {
    "bytes_used": 1180,
    "hard_cap": 51200,
    "tiers_dropped": []
  },
  "privacy_metadata": {
    "pii_scrubbing_version": "0.2.0",
    "local_scrubbing_applied": true,
    "inputs_scrubbed": true,
    "scripts_removed": true,
    "styles_removed": true,
    "persistent_storage_used": false
  }
}

--- [2026-08-31T10:58:55.205Z] PAYLOAD: interaction_events ---
{
  "envelope_type": "interaction_events",
  "schema_version": "0.2.0",
  "tag_version": "0.2.0",
  "client_id": "shopora-prod",
  "session_token": "1f3ada9b-6724-4664-8302-f633b7986d2b",
  "flush_id": "eaaef6ad-f491-4768-b508-4cab18c33eaa",
  "flush_reason": "immediate_navigation",
  "events": [
    {
      "event_id": "c15c8f0d-b698-47bd-a715-19b50fe14e06",
      "event_type": "product_card_clicked",
      "timestamp": "2026-08-31T10:58:55.196Z",
      "page_type": "cart",
      "page_url_path": "/cart.html",
      "sku": null,
      "surface": "catalog-grid",
      "position": 3,
      "price": 24.99,
      "currency": "USD"
    }
  ]
}

--- [2026-08-31T10:58:55.665Z] PAYLOAD: tier0-9 ---
{
  "schema_version": "0.2.0",
  "beacon_id": "e1601bb5-047b-46ac-a298-34cc9bb9943f",
  "client_id": "shopora-prod",
  "session_token": "cd6edc33-699d-4838-b554-5cad2dfe40ce",
  "tag_version": "0.2.0",
  "timestamp": "2026-08-31T10:58:55.654Z",
  "sampled": true,
  "page_type": "pdp",
  "page_url_path": "/pdp.html?id=null",
  "sequence_no": 1,
  "page_heading": "ApexView 55\" 4K HDR Smart TV",
  "breadcrumb": [
    "HOME /",
    "ELECTRONICS /",
    "APEXVIEW"
  ],
  "viewport": {
    "width": 1790,
    "height": 950
  },
  "surface_id": "16200a8e-1a70-4b08-8c44-0cc56e83a34d",
  "region": "en",
  "identity_summary": {
    "state": "unknown"
  },
  "visible_query": null,
  "program_match": null,
  "page": {
    "page_type": "pdp",
    "page_url": "http://127.0.0.1:8080/pdp.html?id=null"
  },
  "signals": {
    "t1": [
      {
        "position": 1,
        "surface": "hero",
        "name": "Product Specifications",
        "brand": "ApexView Official",
        "price": 499.99,
        "currency": "USD",
        "old_price": 599.99,
        "has_markdown": true,
        "badge": "SAVE 17%",
        "discount_pct": 17,
        "availability": "in-stock",
        "sponsored": false,
        "delivery_promise": "Order within 5 hrs",
        "visible_category_words": [
          "electronics"
        ],
        "badges": [
          "• High Demand"
        ]
      }
    ],
    "t4": {
      "hydration_events": [
        {
          "metric": "cart_hydration_time_ms",
          "value": 0
        }
      ],
      "css_hidden_blocks": [
        {
          "selector": "pdp-accordion-content",
          "gated_copy": "Standard Delivery: 3-5 business days. Free for orders over $50.\n                \n                \n  ",
          "rendered": false
        }
      ],
      "raw_url": "http://127.0.0.1:8080/pdp.html?id=null"
    }
  },
  "budget": {
    "bytes_used": 1180,
    "hard_cap": 51200,
    "tiers_dropped": []
  },
  "privacy_metadata": {
    "pii_scrubbing_version": "0.2.0",
    "local_scrubbing_applied": true,
    "inputs_scrubbed": true,
    "scripts_removed": true,
    "styles_removed": true,
    "persistent_storage_used": false
  }
}

--- [2026-08-31T10:58:59.374Z] PAYLOAD: tier0-9 ---
{
  "schema_version": "0.2.0",
  "beacon_id": "ebba8cfa-9905-49c6-b326-80c3820c02e8",
  "client_id": "shopora-prod",
  "session_token": "3c6edcb2-63d9-4350-980e-3c23e54f9eeb",
  "tag_version": "0.2.0",
  "timestamp": "2026-08-31T10:58:59.336Z",
  "sampled": true,
  "page_type": "category",
  "page_url_path": "/category.html?category=books",
  "sequence_no": 1,
  "page_heading": "Books",
  "breadcrumb": [],
  "viewport": {
    "width": 1790,
    "height": 950
  },
  "surface_id": "f6a62c75-9d04-41d8-a442-0234b5e56d8d",
  "region": "en",
  "identity_summary": {
    "state": "unknown"
  },
  "visible_query": null,
  "program_match": null,
  "page": {
    "page_type": "category",
    "page_url": "http://127.0.0.1:8080/category.html?category=books"
  },
  "signals": {
    "t1": [
      {
        "position": 1,
        "surface": "catalog-grid",
        "name": "The Last Library",
        "brand": "The",
        "price": 14.99,
        "currency": "USD",
        "old_price": 19.99,
        "has_markdown": true,
        "badge": "25% OFF",
        "discount_pct": 25,
        "availability": "in-stock",
        "sponsored": false,
        "delivery_promise": "FREE delivery Tomorrow",
        "discount_amount": "Save $5.00"
      },
      {
        "position": 2,
        "surface": "catalog-grid",
        "name": "Mastering Home Cooking",
        "brand": "Mastering",
        "price": 24.99,
        "currency": "USD",
        "old_price": 29.99,
        "has_markdown": true,
        "badge": "17% OFF",
        "discount_pct": 17,
        "availability": "in-stock",
        "sponsored": false,
        "delivery_promise": "FREE delivery Tomorrow",
        "discount_amount": "Save $5.00"
      },
      {
        "position": 3,
        "surface": "catalog-grid",
        "name": "Coding for Everyone",
        "brand": "Coding",
        "price": 21.99,
        "currency": "USD",
        "old_price": 26.99,
        "has_markdown": true,
        "badge": "19% OFF",
        "discount_pct": 19,
        "availability": "in-stock",
        "sponsored": false,
        "delivery_promise": "FREE delivery Tomorrow",
        "discount_amount": "Save $5.00"
      },
      {
        "position": 4,
        "surface": "catalog-grid",
        "name": "A Year of Sketches",
        "brand": "A",
        "price": 20.99,
        "currency": "USD",
        "old_price": 25.99,
        "has_markdown": true,
        "badge": "19% OFF",
        "discount_pct": 19,
        "availability": "in-stock",
        "sponsored": false,
        "delivery_promise": "FREE delivery Tomorrow",
        "discount_amount": "Save $5.00"
      },
      {
        "position": 5,
        "surface": "catalog-grid",
        "name": "World Atlas for Kids",
        "brand": "World",
        "price": 18.99,
        "currency": "USD",
        "old_price": 22.99,
        "has_markdown": true,
        "badge": "17% OFF",
        "discount_pct": 17,
        "availability": "in-stock",
        "sponsored": false,
        "delivery_promise": "FREE delivery Tomorrow",
        "discount_amount": "Save $4.00"
      },
      {
        "position": 6,
        "surface": "catalog-grid",
        "name": "History in 100 Objects",
        "brand": "History",
        "price": 23.99,
        "currency": "USD",
        "old_price": 29.99,
        "has_markdown": true,
        "badge": "20% OFF",
        "discount_pct": 20,
        "availability": "in-stock",
        "sponsored": false,
        "delivery_promise": "FREE delivery Tomorrow",
        "discount_amount": "Save $6.00"
      },
      {
        "position": 7,
        "surface": "catalog-grid",
        "name": "Build Better Habits",
        "brand": "Build",
        "price": 12.99,
        "currency": "USD",
        "old_price": 16.99,
        "has_markdown": true,
        "badge": "24% OFF",
        "discount_pct": 24,
        "availability": "in-stock",
        "sponsored": false,
        "delivery_promise": "FREE delivery Tomorrow",
        "discount_amount": "Save $4.00"
      },
      {
        "position": 8,
        "surface": "catalog-grid",
        "name": "Deep Work Notes",
        "brand": "Deep",
        "price": 15.99,
        "currency": "USD",
        "old_price": 20.99,
        "has_markdown": true,
        "badge": "24% OFF",
        "discount_pct": 24,
        "availability": "in-stock",
        "sponsored": false,
        "delivery_promise": "FREE delivery Tomorrow",
        "discount_amount": "Save $5.00"
      },
      {
        "position": 9,
        "surface": "catalog-grid",
        "name": "Stock Market Basics",
        "brand": "Stock",
        "price": 17.99,
        "currency": "USD",
        "old_price": 22.99,
        "has_markdown": true,
        "badge": "22% OFF",
        "discount_pct": 22,
        "availability": "in-stock",
        "sponsored": false,
        "delivery_promise": "FREE delivery Tomorrow",
        "discount_amount": "Save $5.00"
      },
      {
        "position": 10,
        "surface": "catalog-grid",
        "name": "Garden at Noon",
        "brand": "Garden",
        "price": 13.99,
        "currency": "USD",
        "old_price": 17.99,
        "has_markdown": true,
        "badge": "22% OFF",
        "discount_pct": 22,
        "availability": "in-stock",
        "sponsored": false,
        "delivery_promise": "FREE delivery Tomorrow",
        "discount_amount": "Save $4.00"
      },
      {
        "position": 11,
        "surface": "catalog-grid",
        "name": "Space Explorers",
        "brand": "Space",
        "price": 16.99,
        "currency": "USD",
        "old_price": 21.99,
        "has_markdown": true,
        "badge": "23% OFF",
        "discount_pct": 23,
        "availability": "in-stock",
        "sponsored": false,
        "delivery_promise": "FREE delivery Tomorrow",
        "discount_amount": "Save $5.00"
      },
      {
        "position": 12,
        "surface": "catalog-grid",
        "name": "The Art of Small Spaces",
        "brand": "The",
        "price": 19.99,
        "currency": "USD",
        "old_price": 24.99,
        "has_markdown": true,
        "badge": "20% OFF",
        "discount_pct": 20,
        "availability": "in-stock",
        "sponsored": false,
        "delivery_promise": "FREE delivery Tomorrow",
        "discount_amount": "Save $5.00"
      },
      {
        "position": 13,
        "surface": "catalog-grid",
        "name": "Mystery on Maple Street",
        "brand": "Mystery",
        "price": 11.99,
        "currency": "USD",
        "old_price": 15.99,
        "has_markdown": true,
        "badge": "25% OFF",
        "discount_pct": 25,
        "availability": "in-stock",
        "sponsored": false,
        "delivery_promise": "FREE delivery Tomorrow",
        "discount_amount": "Save $4.00"
      },
      {
        "position": 14,
        "surface": "catalog-grid",
        "name": "Legends of the River",
        "brand": "Legends",
        "price": 14.49,
        "currency": "USD",
        "old_price": 18.49,
        "has_markdown": true,
        "badge": "22% OFF",
        "discount_pct": 22,
        "availability": "in-stock",
        "sponsored": false,
        "delivery_promise": "FREE delivery Tomorrow",
        "discount_amount": "Save $4.00"
      },
      {
        "position": 15,
        "surface": "catalog-grid",
        "name": "Mindful Minutes",
        "brand": "Mindful",
        "price": 10.99,
        "currency": "USD",
        "old_price": 14.99,
        "has_markdown": true,
        "badge": "27% OFF",
        "discount_pct": 27,
        "availability": "in-stock",
        "sponsored": false,
        "delivery_promise": "FREE delivery Tomorrow",
        "discount_amount": "Save $4.00"
      }
    ],
    "t3": {
      "total_products": 15,
      "sponsored_count": 0,
      "organic_count": 15,
      "discounted_count": 15,
      "full_price_count": 0,
      "out_of_stock_count": 0,
      "low_stock_count": 0,
      "discount_pct_min": 17,
      "discount_pct_max": 27,
      "discount_pct_median": 22,
      "price_min": 10.99,
      "price_max": 24.99,
      "price_currency": "USD"
    },
    "t4": {
      "hydration_events": [
        {
          "metric": "cart_hydration_time_ms",
          "value": 10
        }
      ],
      "result_count_stated": 15,
      "result_count_rendered": 15,
      "result_count_match": true,
      "css_hidden_blocks": [
        {
          "selector": "empty-results",
          "gated_copy": "⌕\n                                        No products found\n                                        ",
          "rendered": false
        }
      ],
      "metadata": {
        "meta_description": "Browse and filter all SHOPORA products."
      },
      "raw_url": "http://127.0.0.1:8080/category.html?category=books"
    }
  },
  "budget": {
    "bytes_used": 5857,
    "hard_cap": 51200,
    "tiers_dropped": []
  },
  "privacy_metadata": {
    "pii_scrubbing_version": "0.2.0",
    "local_scrubbing_applied": true,
    "inputs_scrubbed": true,
    "scripts_removed": true,
    "styles_removed": true,
    "persistent_storage_used": false
  }
}

--- [2026-08-31T10:59:01.910Z] PAYLOAD: tier0-9 ---
{
  "schema_version": "0.2.0",
  "beacon_id": "3e62a545-42d4-426f-94dc-96c49eacfc1c",
  "client_id": "shopora-prod",
  "session_token": "d14d8d46-7aea-4ee7-8ad1-518dc53d61ea",
  "tag_version": "0.2.0",
  "timestamp": "2026-08-31T10:59:01.806Z",
  "sampled": true,
  "page_type": "homepage",
  "page_url_path": "/",
  "sequence_no": 1,
  "page_heading": "Upgrade your everyday for less.",
  "breadcrumb": [],
  "viewport": {
    "width": 1790,
    "height": 950
  },
  "surface_id": "b5216668-8e8d-4c15-a04a-936260330d5f",
  "region": "en",
  "identity_summary": {
    "state": "unknown"
  },
  "visible_query": null,
  "program_match": null,
  "page": {
    "page_type": "homepage",
    "page_url": "http://127.0.0.1:8080/index.html"
  },
  "signals": {
    "t1": [
      {
        "position": 1,
        "surface": "featured",
        "name": "VoltMax 15.6\" Laptop",
        "brand": "VoltMax",
        "price": 729.99,
        "currency": "USD",
        "old_price": 849.99,
        "has_markdown": true,
        "badge": "14% OFF",
        "discount_pct": 14,
        "availability": "in-stock",
        "sponsored": false,
        "delivery_promise": "FREE delivery Tomorrow",
        "discount_amount": "Save $120.00"
      },
      {
        "position": 2,
        "surface": "featured",
        "name": "PulseTune Wireless Headphones",
        "brand": "PulseTune",
        "price": 89.99,
        "currency": "USD",
        "old_price": 119.99,
        "has_markdown": true,
        "badge": "25% OFF",
        "discount_pct": 25,
        "availability": "in-stock",
        "sponsored": false,
        "delivery_promise": "FREE delivery Tomorrow",
        "discount_amount": "Save $30.00"
      },
      {
        "position": 3,
        "surface": "featured",
        "name": "Luna Cotton Graphic Tee",
        "brand": "Luna",
        "price": 18.99,
        "currency": "USD",
        "old_price": 24.99,
        "has_markdown": true,
        "badge": "24% OFF",
        "discount_pct": 24,
        "availability": "in-stock",
        "sponsored": false,
        "delivery_promise": "FREE delivery Tomorrow",
        "discount_amount": "Save $6.00"
      },
      {
        "position": 4,
        "surface": "featured",
        "name": "MetroStride Running Shoes",
        "brand": "MetroStride",
        "price": 74.99,
        "currency": "USD",
        "old_price": 94.99,
        "has_markdown": true,
        "badge": "21% OFF",
        "discount_pct": 21,
        "availability": "in-stock",
        "sponsored": false,
        "delivery_promise": "FREE delivery Tomorrow",
        "discount_amount": "Save $20.00"
      },
      {
        "position": 5,
        "surface": "featured",
        "name": "OakLine Coffee Table",
        "brand": "OakLine",
        "price": 129.99,
        "currency": "USD",
        "old_price": 159.99,
        "has_markdown": true,
        "badge": "19% OFF",
        "discount_pct": 19,
        "availability": "in-stock",
        "sponsored": false,
        "delivery_promise": "FREE delivery Tomorrow",
        "discount_amount": "Save $30.00"
      },
      {
        "position": 6,
        "surface": "featured",
        "name": "SoftNest Throw Blanket",
        "brand": "SoftNest",
        "price": 27.99,
        "currency": "USD",
        "old_price": 35.99,
        "has_markdown": true,
        "badge": "22% OFF",
        "discount_pct": 22,
        "availability": "in-stock",
        "sponsored": false,
        "delivery_promise": "FREE delivery Tomorrow",
        "discount_amount": "Save $8.00"
      },
      {
        "position": 7,
        "surface": "featured",
        "name": "The Last Library",
        "brand": "The",
        "price": 14.99,
        "currency": "USD",
        "old_price": 19.99,
        "has_markdown": true,
        "badge": "25% OFF",
        "discount_pct": 25,
        "availability": "in-stock",
        "sponsored": false,
        "delivery_promise": "FREE delivery Tomorrow",
        "discount_amount": "Save $5.00"
      },
      {
        "position": 8,
        "surface": "featured",
        "name": "Coding for Everyone",
        "brand": "Coding",
        "price": 21.99,
        "currency": "USD",
        "old_price": 26.99,
        "has_markdown": true,
        "badge": "19% OFF",
        "discount_pct": 19,
        "availability": "in-stock",
        "sponsored": false,
        "delivery_promise": "FREE delivery Tomorrow",
        "discount_amount": "Save $5.00"
      }
    ],
    "t3": {
      "total_products": 8,
      "sponsored_count": 0,
      "organic_count": 8,
      "discounted_count": 8,
      "full_price_count": 0,
      "out_of_stock_count": 0,
      "low_stock_count": 0,
      "discount_pct_min": 14,
      "discount_pct_max": 25,
      "discount_pct_median": 22,
      "price_min": 14.99,
      "price_max": 729.99,
      "price_currency": "USD"
    },
    "t4": {
      "hydration_events": [
        {
          "metric": "cart_hydration_time_ms",
          "value": 0
        }
      ],
      "css_hidden_blocks": [
        {
          "selector": "sr-only",
          "gated_copy": "Email address",
          "rendered": false
        }
      ],
      "metadata": {
        "meta_description": "Shop electronics, fashion, home essentials and books at SHOPORA with fast delivery and secure checkout."
      },
      "raw_url": "http://127.0.0.1:8080/index.html"
    }
  },
  "budget": {
    "bytes_used": 3572,
    "hard_cap": 51200,
    "tiers_dropped": []
  },
  "privacy_metadata": {
    "pii_scrubbing_version": "0.2.0",
    "local_scrubbing_applied": true,
    "inputs_scrubbed": true,
    "scripts_removed": true,
    "styles_removed": true,
    "persistent_storage_used": false
  }
}

--- [2026-08-31T10:59:05.065Z] PAYLOAD: interaction_events ---
{
  "envelope_type": "interaction_events",
  "schema_version": "0.2.0",
  "tag_version": "0.2.0",
  "client_id": "shopora-prod",
  "session_token": "d14d8d46-7aea-4ee7-8ad1-518dc53d61ea",
  "flush_id": "135343b5-4e92-4ba5-9ea8-9f41c4f44396",
  "flush_reason": "immediate_navigation",
  "events": [
    {
      "event_id": "3b59b225-00c7-4fa5-b69b-0540e87e641a",
      "event_type": "product_card_clicked",
      "timestamp": "2026-08-31T10:59:05.053Z",
      "page_type": "homepage",
      "page_url_path": "/",
      "sku": "bo-1",
      "surface": "catalog-grid",
      "position": 7,
      "price": 14.99,
      "currency": "USD"
    }
  ]
}

--- [2026-08-31T10:59:05.500Z] PAYLOAD: tier0-9 ---
{
  "schema_version": "0.2.0",
  "beacon_id": "9381a3cd-bec2-4449-b6a3-5642e66d6496",
  "client_id": "shopora-prod",
  "session_token": "e2189b43-208c-43ec-a991-06f602dc03fe",
  "tag_version": "0.2.0",
  "timestamp": "2026-08-31T10:59:05.418Z",
  "sampled": true,
  "page_type": "pdp",
  "page_url_path": "/pdp.html?id=bo-1",
  "sequence_no": 1,
  "page_heading": "The Last Library",
  "breadcrumb": [
    "HOME /",
    "BOOKS /",
    "THE"
  ],
  "viewport": {
    "width": 1790,
    "height": 950
  },
  "surface_id": "d17863fd-f5e1-48d3-85ad-1b6eaab2d2a5",
  "region": "en",
  "identity_summary": {
    "state": "unknown"
  },
  "visible_query": null,
  "program_match": null,
  "page": {
    "page_type": "pdp",
    "page_url": "http://127.0.0.1:8080/pdp.html?id=bo-1"
  },
  "signals": {
    "t1": [
      {
        "position": 1,
        "surface": "hero",
        "name": "Product Specifications",
        "brand": "The Official",
        "price": 14.99,
        "currency": "USD",
        "old_price": 19.99,
        "has_markdown": true,
        "badge": "SAVE 25%",
        "discount_pct": 25,
        "availability": "in-stock",
        "sponsored": false,
        "delivery_promise": "Order within 5 hrs",
        "visible_category_words": [
          "books"
        ],
        "badges": [
          "• High Demand"
        ]
      }
    ],
    "t4": {
      "hydration_events": [
        {
          "metric": "cart_hydration_time_ms",
          "value": 1
        }
      ],
      "css_hidden_blocks": [
        {
          "selector": "pdp-accordion-content",
          "gated_copy": "Standard Delivery: 3-5 business days. Free for orders over $50.\n                \n                \n  ",
          "rendered": false
        }
      ],
      "raw_url": "http://127.0.0.1:8080/pdp.html?id=bo-1"
    }
  },
  "budget": {
    "bytes_used": 1143,
    "hard_cap": 51200,
    "tiers_dropped": []
  },
  "privacy_metadata": {
    "pii_scrubbing_version": "0.2.0",
    "local_scrubbing_applied": true,
    "inputs_scrubbed": true,
    "scripts_removed": true,
    "styles_removed": true,
    "persistent_storage_used": false
  }
}

--- [2026-08-31T10:59:09.278Z] PAYLOAD: interaction_events ---
{
  "envelope_type": "interaction_events",
  "schema_version": "0.2.0",
  "tag_version": "0.2.0",
  "client_id": "shopora-prod",
  "session_token": "d14d8d46-7aea-4ee7-8ad1-518dc53d61ea",
  "flush_id": "8e8a5029-032a-4ccb-917c-4891068745be",
  "flush_reason": "immediate_navigation",
  "events": [
    {
      "event_id": "309597bb-e50c-45ac-8aa1-56acedf230da",
      "event_type": "product_card_clicked",
      "timestamp": "2026-08-31T10:59:09.258Z",
      "page_type": "homepage",
      "page_url_path": "/",
      "sku": "el-7",
      "surface": "catalog-grid",
      "position": 4,
      "price": 159.99,
      "currency": "USD"
    }
  ]
}

--- [2026-08-31T10:59:09.697Z] PAYLOAD: tier0-9 ---
{
  "schema_version": "0.2.0",
  "beacon_id": "48907e59-32a6-4ae5-8399-90d8470cc681",
  "client_id": "shopora-prod",
  "session_token": "e55762a6-38be-4434-9bfb-954b10b5eb3f",
  "tag_version": "0.2.0",
  "timestamp": "2026-08-31T10:59:09.653Z",
  "sampled": true,
  "page_type": "pdp",
  "page_url_path": "/pdp.html?id=el-7",
  "sequence_no": 1,
  "page_heading": "SnapCam 4K Action Camera",
  "breadcrumb": [
    "HOME /",
    "ELECTRONICS /",
    "SNAPCAM"
  ],
  "viewport": {
    "width": 1790,
    "height": 950
  },
  "surface_id": "442ca5bd-4644-47b8-bea4-6b3da01cc8f9",
  "region": "en",
  "identity_summary": {
    "state": "unknown"
  },
  "visible_query": null,
  "program_match": null,
  "page": {
    "page_type": "pdp",
    "page_url": "http://127.0.0.1:8080/pdp.html?id=el-7"
  },
  "signals": {
    "t1": [
      {
        "position": 1,
        "surface": "hero",
        "name": "Product Specifications",
        "brand": "SnapCam Official",
        "price": 159.99,
        "currency": "USD",
        "old_price": 199.99,
        "has_markdown": true,
        "badge": "SAVE 20%",
        "discount_pct": 20,
        "availability": "in-stock",
        "sponsored": false,
        "delivery_promise": "Order within 5 hrs",
        "visible_category_words": [
          "electronics"
        ],
        "badges": [
          "• High Demand"
        ]
      }
    ],
    "t4": {
      "hydration_events": [
        {
          "metric": "cart_hydration_time_ms",
          "value": 0
        }
      ],
      "css_hidden_blocks": [
        {
          "selector": "pdp-accordion-content",
          "gated_copy": "Standard Delivery: 3-5 business days. Free for orders over $50.\n                \n                \n  ",
          "rendered": false
        }
      ],
      "raw_url": "http://127.0.0.1:8080/pdp.html?id=el-7"
    }
  },
  "budget": {
    "bytes_used": 1173,
    "hard_cap": 51200,
    "tiers_dropped": []
  },
  "privacy_metadata": {
    "pii_scrubbing_version": "0.2.0",
    "local_scrubbing_applied": true,
    "inputs_scrubbed": true,
    "scripts_removed": true,
    "styles_removed": true,
    "persistent_storage_used": false
  }
}

--- [2026-08-31T10:59:11.655Z] PAYLOAD: interaction_events ---
{
  "envelope_type": "interaction_events",
  "schema_version": "0.2.0",
  "tag_version": "0.2.0",
  "client_id": "shopora-prod",
  "session_token": "d14d8d46-7aea-4ee7-8ad1-518dc53d61ea",
  "flush_id": "86787df2-fb36-46df-b54d-436b6ff95cfd",
  "flush_reason": "immediate_navigation",
  "events": [
    {
      "event_id": "a1e818eb-2f13-4a3c-a6c4-5903682248b8",
      "event_type": "product_card_clicked",
      "timestamp": "2026-08-31T10:59:11.638Z",
      "page_type": "homepage",
      "page_url_path": "/",
      "sku": "el-10",
      "surface": "catalog-grid",
      "position": 5,
      "price": 219.99,
      "currency": "USD"
    }
  ]
}

--- [2026-08-31T10:59:12.113Z] PAYLOAD: tier0-9 ---
{
  "schema_version": "0.2.0",
  "beacon_id": "a1c6a083-b763-4a9e-babe-095082948ca6",
  "client_id": "shopora-prod",
  "session_token": "9adfe6c7-19b1-4fdc-9076-41f273276006",
  "tag_version": "0.2.0",
  "timestamp": "2026-08-31T10:59:12.103Z",
  "sampled": true,
  "page_type": "pdp",
  "page_url_path": "/pdp.html?id=el-10",
  "sequence_no": 1,
  "page_heading": "SwiftPad Tablet 10.5\"",
  "breadcrumb": [
    "HOME /",
    "ELECTRONICS /",
    "SWIFTPAD"
  ],
  "viewport": {
    "width": 1790,
    "height": 950
  },
  "surface_id": "9fadb4d8-a29a-43aa-99d2-6d5ce803e930",
  "region": "en",
  "identity_summary": {
    "state": "unknown"
  },
  "visible_query": null,
  "program_match": null,
  "page": {
    "page_type": "pdp",
    "page_url": "http://127.0.0.1:8080/pdp.html?id=el-10"
  },
  "signals": {
    "t1": [
      {
        "position": 1,
        "surface": "hero",
        "name": "Product Specifications",
        "brand": "SwiftPad Official",
        "price": 219.99,
        "currency": "USD",
        "old_price": 259.99,
        "has_markdown": true,
        "badge": "SAVE 15%",
        "discount_pct": 15,
        "availability": "in-stock",
        "sponsored": false,
        "delivery_promise": "Order within 5 hrs",
        "visible_category_words": [
          "electronics"
        ],
        "badges": [
          "• High Demand"
        ]
      }
    ],
    "t4": {
      "hydration_events": [
        {
          "metric": "cart_hydration_time_ms",
          "value": 0
        }
      ],
      "css_hidden_blocks": [
        {
          "selector": "pdp-accordion-content",
          "gated_copy": "Standard Delivery: 3-5 business days. Free for orders over $50.\n                \n                \n  ",
          "rendered": false
        }
      ],
      "raw_url": "http://127.0.0.1:8080/pdp.html?id=el-10"
    }
  },
  "budget": {
    "bytes_used": 1175,
    "hard_cap": 51200,
    "tiers_dropped": []
  },
  "privacy_metadata": {
    "pii_scrubbing_version": "0.2.0",
    "local_scrubbing_applied": true,
    "inputs_scrubbed": true,
    "scripts_removed": true,
    "styles_removed": true,
    "persistent_storage_used": false
  }
}

--- [2026-08-31T10:59:15.335Z] PAYLOAD: tier0-9 ---
{
  "schema_version": "0.2.0",
  "beacon_id": "a19ebc20-5fb1-41a6-a676-809a6e24a118",
  "client_id": "shopora-prod",
  "session_token": "6616691b-9532-4e83-afac-7660ecacc93e",
  "tag_version": "0.2.0",
  "timestamp": "2026-08-31T10:59:15.309Z",
  "sampled": true,
  "page_type": "cart",
  "page_url_path": "/cart.html",
  "sequence_no": 1,
  "page_heading": "Shopping cart",
  "breadcrumb": [],
  "viewport": {
    "width": 1790,
    "height": 950
  },
  "surface_id": "ed51655c-941d-4310-a336-9ade19f5bbd4",
  "region": "en",
  "identity_summary": {
    "state": "unknown"
  },
  "visible_query": null,
  "program_match": null,
  "page": {
    "page_type": "cart",
    "page_url": "http://127.0.0.1:8080/cart.html"
  },
  "signals": {
    "t1": [],
    "t2": {
      "page_context": "cart",
      "line_items": [
        {
          "name": "UrbanWeave Denim Jacket",
          "price": 54.99,
          "currency": "USD",
          "old_price": 69.99,
          "discount": "21% off",
          "quantity": 1,
          "line_total": 54.99
        },
        {
          "name": "MetroStride Running Shoes",
          "price": 74.99,
          "currency": "USD",
          "old_price": 94.99,
          "discount": "21% off",
          "quantity": 1,
          "line_total": 74.99
        },
        {
          "name": "Mastering Home Cooking",
          "price": 24.99,
          "currency": "USD",
          "old_price": 29.99,
          "discount": "17% off",
          "quantity": 1,
          "line_total": 24.99
        }
      ],
      "subtotal": "$154.97",
      "subtotal_numeric": 154.97,
      "currency": "USD",
      "total": "$154.97",
      "total_numeric": 154.97,
      "savings_shown": "$40.00",
      "savings_numeric": 40,
      "delivery_cost": "FREE",
      "item_count": 3,
      "promo_field_state": "active",
      "promo_field_present": true,
      "checkout_reachable": true,
      "shipping_bar_shown": true,
      "loyalty_balance_rendered": false,
      "promotions": [
        {
          "name": "",
          "amount": "-$0.00"
        }
      ],
      "shipping_threshold_message": "✓ You unlocked FREE delivery!",
      "free_shipping_eligibility": "unknown"
    },
    "t4": {
      "hydration_events": [
        {
          "metric": "cart_hydration_time_ms",
          "value": 75
        }
      ],
      "cart_math_match": true,
      "css_hidden_blocks": [
        {
          "selector": "summary-row savings",
          "gated_copy": "Promo\n                                        () Remove-$0.00",
          "rendered": false
        }
      ],
      "raw_url": "http://127.0.0.1:8080/cart.html"
    }
  },
  "budget": {
    "bytes_used": 1670,
    "hard_cap": 51200,
    "tiers_dropped": []
  },
  "privacy_metadata": {
    "pii_scrubbing_version": "0.2.0",
    "local_scrubbing_applied": true,
    "inputs_scrubbed": true,
    "scripts_removed": true,
    "styles_removed": true,
    "persistent_storage_used": false
  }
}

--- [2026-08-31T10:59:19.449Z] PAYLOAD: interaction_events ---
{
  "envelope_type": "interaction_events",
  "schema_version": "0.2.0",
  "tag_version": "0.2.0",
  "client_id": "shopora-prod",
  "session_token": "6616691b-9532-4e83-afac-7660ecacc93e",
  "flush_id": "7dd18420-eed8-4043-b41c-820a18e769f6",
  "flush_reason": "immediate_navigation",
  "events": [
    {
      "event_id": "49eb0f04-cbb9-4531-8a2b-0d3f928137e4",
      "event_type": "product_card_clicked",
      "timestamp": "2026-08-31T10:59:19.447Z",
      "page_type": "cart",
      "page_url_path": "/cart.html",
      "sku": null,
      "surface": "catalog-grid",
      "position": 1,
      "price": 54.99,
      "currency": "USD"
    }
  ]
}

--- [2026-08-31T10:59:19.705Z] PAYLOAD: tier0-9 ---
{
  "schema_version": "0.2.0",
  "beacon_id": "250a5aaf-9a07-4589-bd23-22631a644d9b",
  "client_id": "shopora-prod",
  "session_token": "84d30598-99b8-49af-a7da-7ce5c77f757e",
  "tag_version": "0.2.0",
  "timestamp": "2026-08-31T10:59:19.690Z",
  "sampled": true,
  "page_type": "pdp",
  "page_url_path": "/pdp.html?id=null",
  "sequence_no": 1,
  "page_heading": "ApexView 55\" 4K HDR Smart TV",
  "breadcrumb": [
    "HOME /",
    "ELECTRONICS /",
    "APEXVIEW"
  ],
  "viewport": {
    "width": 1790,
    "height": 950
  },
  "surface_id": "ef635a1d-2e58-4e0d-b0da-d828fa7c9e61",
  "region": "en",
  "identity_summary": {
    "state": "unknown"
  },
  "visible_query": null,
  "program_match": null,
  "page": {
    "page_type": "pdp",
    "page_url": "http://127.0.0.1:8080/pdp.html?id=null"
  },
  "signals": {
    "t1": [
      {
        "position": 1,
        "surface": "hero",
        "name": "Product Specifications",
        "brand": "ApexView Official",
        "price": 499.99,
        "currency": "USD",
        "old_price": 599.99,
        "has_markdown": true,
        "badge": "SAVE 17%",
        "discount_pct": 17,
        "availability": "in-stock",
        "sponsored": false,
        "delivery_promise": "Order within 5 hrs",
        "visible_category_words": [
          "electronics"
        ],
        "badges": [
          "• High Demand"
        ]
      }
    ],
    "t4": {
      "hydration_events": [
        {
          "metric": "cart_hydration_time_ms",
          "value": 0
        }
      ],
      "css_hidden_blocks": [
        {
          "selector": "pdp-accordion-content",
          "gated_copy": "Standard Delivery: 3-5 business days. Free for orders over $50.\n                \n                \n  ",
          "rendered": false
        }
      ],
      "raw_url": "http://127.0.0.1:8080/pdp.html?id=null"
    }
  },
  "budget": {
    "bytes_used": 1180,
    "hard_cap": 51200,
    "tiers_dropped": []
  },
  "privacy_metadata": {
    "pii_scrubbing_version": "0.2.0",
    "local_scrubbing_applied": true,
    "inputs_scrubbed": true,
    "scripts_removed": true,
    "styles_removed": true,
    "persistent_storage_used": false
  }
}

--- [2026-08-31T11:02:36.960Z] PAYLOAD: tier0-9 ---
{
  "schema_version": "0.2.0",
  "beacon_id": "3843463f-1ce8-4971-8a50-210dcf1c27f5",
  "client_id": "shopora-prod",
  "session_token": "011af927-00ae-44cd-8333-ed2ca7382355",
  "tag_version": "0.2.0",
  "timestamp": "2026-08-31T11:02:36.939Z",
  "sampled": true,
  "page_type": "homepage",
  "page_url_path": "/",
  "sequence_no": 1,
  "page_heading": "Upgrade your everyday for less.",
  "breadcrumb": [],
  "viewport": {
    "width": 1790,
    "height": 950
  },
  "surface_id": "840097c4-d218-4c57-a74c-eeb9301b313e",
  "region": "en",
  "identity_summary": {
    "state": "unknown"
  },
  "visible_query": null,
  "program_match": null,
  "page": {
    "page_type": "homepage",
    "page_url": "http://127.0.0.1:8080/index.html"
  },
  "signals": {
    "t1": [
      {
        "position": 1,
        "surface": "featured",
        "name": "VoltMax 15.6\" Laptop",
        "brand": "VoltMax",
        "price": 729.99,
        "currency": "USD",
        "old_price": 849.99,
        "has_markdown": true,
        "badge": "14% OFF",
        "discount_pct": 14,
        "availability": "in-stock",
        "sponsored": false,
        "delivery_promise": "FREE delivery Tomorrow",
        "discount_amount": "Save $120.00"
      },
      {
        "position": 2,
        "surface": "featured",
        "name": "PulseTune Wireless Headphones",
        "brand": "PulseTune",
        "price": 89.99,
        "currency": "USD",
        "old_price": 119.99,
        "has_markdown": true,
        "badge": "25% OFF",
        "discount_pct": 25,
        "availability": "in-stock",
        "sponsored": false,
        "delivery_promise": "FREE delivery Tomorrow",
        "discount_amount": "Save $30.00"
      },
      {
        "position": 3,
        "surface": "featured",
        "name": "Luna Cotton Graphic Tee",
        "brand": "Luna",
        "price": 18.99,
        "currency": "USD",
        "old_price": 24.99,
        "has_markdown": true,
        "badge": "24% OFF",
        "discount_pct": 24,
        "availability": "in-stock",
        "sponsored": false,
        "delivery_promise": "FREE delivery Tomorrow",
        "discount_amount": "Save $6.00"
      },
      {
        "position": 4,
        "surface": "featured",
        "name": "MetroStride Running Shoes",
        "brand": "MetroStride",
        "price": 74.99,
        "currency": "USD",
        "old_price": 94.99,
        "has_markdown": true,
        "badge": "21% OFF",
        "discount_pct": 21,
        "availability": "in-stock",
        "sponsored": false,
        "delivery_promise": "FREE delivery Tomorrow",
        "discount_amount": "Save $20.00"
      },
      {
        "position": 5,
        "surface": "featured",
        "name": "OakLine Coffee Table",
        "brand": "OakLine",
        "price": 129.99,
        "currency": "USD",
        "old_price": 159.99,
        "has_markdown": true,
        "badge": "19% OFF",
        "discount_pct": 19,
        "availability": "in-stock",
        "sponsored": false,
        "delivery_promise": "FREE delivery Tomorrow",
        "discount_amount": "Save $30.00"
      },
      {
        "position": 6,
        "surface": "featured",
        "name": "SoftNest Throw Blanket",
        "brand": "SoftNest",
        "price": 27.99,
        "currency": "USD",
        "old_price": 35.99,
        "has_markdown": true,
        "badge": "22% OFF",
        "discount_pct": 22,
        "availability": "in-stock",
        "sponsored": false,
        "delivery_promise": "FREE delivery Tomorrow",
        "discount_amount": "Save $8.00"
      },
      {
        "position": 7,
        "surface": "featured",
        "name": "The Last Library",
        "brand": "The",
        "price": 14.99,
        "currency": "USD",
        "old_price": 19.99,
        "has_markdown": true,
        "badge": "25% OFF",
        "discount_pct": 25,
        "availability": "in-stock",
        "sponsored": false,
        "delivery_promise": "FREE delivery Tomorrow",
        "discount_amount": "Save $5.00"
      },
      {
        "position": 8,
        "surface": "featured",
        "name": "Coding for Everyone",
        "brand": "Coding",
        "price": 21.99,
        "currency": "USD",
        "old_price": 26.99,
        "has_markdown": true,
        "badge": "19% OFF",
        "discount_pct": 19,
        "availability": "in-stock",
        "sponsored": false,
        "delivery_promise": "FREE delivery Tomorrow",
        "discount_amount": "Save $5.00"
      }
    ],
    "t3": {
      "total_products": 8,
      "sponsored_count": 0,
      "organic_count": 8,
      "discounted_count": 8,
      "full_price_count": 0,
      "out_of_stock_count": 0,
      "low_stock_count": 0,
      "discount_pct_min": 14,
      "discount_pct_max": 25,
      "discount_pct_median": 22,
      "price_min": 14.99,
      "price_max": 729.99,
      "price_currency": "USD"
    },
    "t4": {
      "hydration_events": [
        {
          "metric": "cart_hydration_time_ms",
          "value": 0
        }
      ],
      "css_hidden_blocks": [
        {
          "selector": "sr-only",
          "gated_copy": "Email address",
          "rendered": false
        }
      ],
      "metadata": {
        "meta_description": "Shop electronics, fashion, home essentials and books at SHOPORA with fast delivery and secure checkout."
      },
      "raw_url": "http://127.0.0.1:8080/index.html"
    }
  },
  "budget": {
    "bytes_used": 3572,
    "hard_cap": 51200,
    "tiers_dropped": []
  },
  "privacy_metadata": {
    "pii_scrubbing_version": "0.2.0",
    "local_scrubbing_applied": true,
    "inputs_scrubbed": true,
    "scripts_removed": true,
    "styles_removed": true,
    "persistent_storage_used": false
  }
}

--- [2026-08-31T11:02:48.902Z] PAYLOAD: interaction_events ---
{
  "envelope_type": "interaction_events",
  "schema_version": "0.2.0",
  "tag_version": "0.2.0",
  "client_id": "shopora-prod",
  "session_token": "011af927-00ae-44cd-8333-ed2ca7382355",
  "flush_id": "fc8326af-da6a-4c53-899b-d34a0b7025da",
  "flush_reason": "immediate_navigation",
  "events": [
    {
      "event_id": "3c05412f-3ed7-4257-9714-86f83de28205",
      "event_type": "product_card_clicked",
      "timestamp": "2026-08-31T11:02:48.884Z",
      "page_type": "homepage",
      "page_url_path": "/",
      "sku": "ho-4",
      "surface": "catalog-grid",
      "position": 6,
      "price": 27.99,
      "currency": "USD"
    }
  ]
}

--- [2026-08-31T11:02:49.403Z] PAYLOAD: tier0-9 ---
{
  "schema_version": "0.2.0",
  "beacon_id": "9c8b8c5e-2894-4f6b-bc26-7231ee31d87e",
  "client_id": "shopora-prod",
  "session_token": "77516a0d-715c-4d47-ba10-5253860e7321",
  "tag_version": "0.2.0",
  "timestamp": "2026-08-31T11:02:49.391Z",
  "sampled": true,
  "page_type": "pdp",
  "page_url_path": "/pdp.html?id=ho-4",
  "sequence_no": 1,
  "page_heading": "SoftNest Throw Blanket",
  "breadcrumb": [
    "HOME /",
    "HOME /",
    "SOFTNEST"
  ],
  "viewport": {
    "width": 1790,
    "height": 950
  },
  "surface_id": "f0c782da-d76e-44cf-bace-133b9939142f",
  "region": "en",
  "identity_summary": {
    "state": "unknown"
  },
  "visible_query": null,
  "program_match": null,
  "page": {
    "page_type": "pdp",
    "page_url": "http://127.0.0.1:8080/pdp.html?id=ho-4"
  },
  "signals": {
    "t1": [
      {
        "position": 1,
        "surface": "hero",
        "name": "Product Specifications",
        "brand": "SoftNest Official",
        "price": 27.99,
        "currency": "USD",
        "old_price": 35.99,
        "has_markdown": true,
        "badge": "SAVE 22%",
        "discount_pct": 22,
        "availability": "in-stock",
        "sponsored": false,
        "delivery_promise": "Order within 5 hrs",
        "visible_category_words": [
          "home"
        ],
        "badges": [
          "• High Demand"
        ]
      }
    ],
    "t4": {
      "hydration_events": [
        {
          "metric": "cart_hydration_time_ms",
          "value": 0
        }
      ],
      "css_hidden_blocks": [
        {
          "selector": "pdp-accordion-content",
          "gated_copy": "Standard Delivery: 3-5 business days. Free for orders over $50.\n                \n                \n  ",
          "rendered": false
        }
      ],
      "raw_url": "http://127.0.0.1:8080/pdp.html?id=ho-4"
    }
  },
  "budget": {
    "bytes_used": 1157,
    "hard_cap": 51200,
    "tiers_dropped": []
  },
  "privacy_metadata": {
    "pii_scrubbing_version": "0.2.0",
    "local_scrubbing_applied": true,
    "inputs_scrubbed": true,
    "scripts_removed": true,
    "styles_removed": true,
    "persistent_storage_used": false
  }
}

--- [2026-08-31T11:03:23.359Z] PAYLOAD: tier0-9 ---
{
  "schema_version": "0.2.0",
  "beacon_id": "29877f6a-9c4c-487c-9c05-bbd1c3422e2d",
  "client_id": "shopora-prod",
  "session_token": "d18f6e92-89ad-4c64-9dc2-58d6cbad3d79",
  "tag_version": "0.2.0",
  "timestamp": "2026-08-31T11:03:23.336Z",
  "sampled": true,
  "page_type": "cart",
  "page_url_path": "/cart.html",
  "sequence_no": 1,
  "page_heading": "Shopping cart",
  "breadcrumb": [],
  "viewport": {
    "width": 1790,
    "height": 950
  },
  "surface_id": "8c6228c0-1ddb-4608-9962-06c4dc693cc1",
  "region": "en",
  "identity_summary": {
    "state": "unknown"
  },
  "visible_query": null,
  "program_match": null,
  "page": {
    "page_type": "cart",
    "page_url": "http://127.0.0.1:8080/cart.html"
  },
  "signals": {
    "t1": [],
    "t2": {
      "page_context": "cart",
      "line_items": [
        {
          "name": "UrbanWeave Denim Jacket",
          "price": 54.99,
          "currency": "USD",
          "old_price": 69.99,
          "discount": "21% off",
          "quantity": 1,
          "line_total": 54.99
        },
        {
          "name": "MetroStride Running Shoes",
          "price": 74.99,
          "currency": "USD",
          "old_price": 94.99,
          "discount": "21% off",
          "quantity": 1,
          "line_total": 74.99
        },
        {
          "name": "Mastering Home Cooking",
          "price": 24.99,
          "currency": "USD",
          "old_price": 29.99,
          "discount": "17% off",
          "quantity": 1,
          "line_total": 24.99
        }
      ],
      "subtotal": "$154.97",
      "subtotal_numeric": 154.97,
      "currency": "USD",
      "total": "$154.97",
      "total_numeric": 154.97,
      "savings_shown": "$40.00",
      "savings_numeric": 40,
      "delivery_cost": "FREE",
      "item_count": 3,
      "promo_field_state": "active",
      "promo_field_present": true,
      "checkout_reachable": true,
      "shipping_bar_shown": true,
      "loyalty_balance_rendered": false,
      "promotions": [
        {
          "name": "",
          "amount": "-$0.00"
        }
      ],
      "shipping_threshold_message": "✓ You unlocked FREE delivery!",
      "free_shipping_eligibility": "unknown"
    },
    "t4": {
      "hydration_events": [
        {
          "metric": "cart_hydration_time_ms",
          "value": 104
        }
      ],
      "cart_math_match": true,
      "css_hidden_blocks": [
        {
          "selector": "summary-row savings",
          "gated_copy": "Promo\n                                        () Remove-$0.00",
          "rendered": false
        }
      ],
      "raw_url": "http://127.0.0.1:8080/cart.html"
    }
  },
  "budget": {
    "bytes_used": 1671,
    "hard_cap": 51200,
    "tiers_dropped": []
  },
  "privacy_metadata": {
    "pii_scrubbing_version": "0.2.0",
    "local_scrubbing_applied": true,
    "inputs_scrubbed": true,
    "scripts_removed": true,
    "styles_removed": true,
    "persistent_storage_used": false
  }
}

--- [2026-08-31T11:03:28.737Z] PAYLOAD: interaction_events ---
{
  "envelope_type": "interaction_events",
  "schema_version": "0.2.0",
  "tag_version": "0.2.0",
  "client_id": "shopora-prod",
  "session_token": "d18f6e92-89ad-4c64-9dc2-58d6cbad3d79",
  "flush_id": "774afdf4-e76e-4abe-be36-f044d6f5a0bb",
  "flush_reason": "unload",
  "events": [
    {
      "event_id": "4bde9ed3-124e-4302-8431-e1a2aaba043c",
      "event_type": "add_to_cart",
      "timestamp": "2026-08-31T11:03:26.327Z",
      "page_type": "cart",
      "page_url_path": "/cart.html",
      "sku": "el-7",
      "surface": "catalog-grid",
      "position": 2,
      "price": 159.99,
      "currency": "USD"
    }
  ]
}

--- [2026-08-31T11:04:06.724Z] PAYLOAD: interaction_events ---
{
  "envelope_type": "interaction_events",
  "schema_version": "0.2.0",
  "tag_version": "0.2.0",
  "client_id": "shopora-prod",
  "session_token": "d18f6e92-89ad-4c64-9dc2-58d6cbad3d79",
  "flush_id": "432e4191-01fa-4c8d-93d7-ab23ac337bf1",
  "flush_reason": "immediate_navigation",
  "events": [
    {
      "event_id": "b5462d09-de9a-40d8-b8f6-e619e2a5ac2d",
      "event_type": "product_card_clicked",
      "timestamp": "2026-08-31T11:04:06.706Z",
      "page_type": "cart",
      "page_url_path": "/cart.html",
      "sku": null,
      "surface": "catalog-grid",
      "position": 4,
      "price": 159.99,
      "currency": "USD"
    }
  ]
}

--- [2026-08-31T11:04:07.181Z] PAYLOAD: tier0-9 ---
{
  "schema_version": "0.2.0",
  "beacon_id": "20fc4c5e-da42-4dab-beab-60ebce90dd7f",
  "client_id": "shopora-prod",
  "session_token": "e0d07b4a-fd54-4666-b977-36c8fd387d95",
  "tag_version": "0.2.0",
  "timestamp": "2026-08-31T11:04:07.136Z",
  "sampled": true,
  "page_type": "pdp",
  "page_url_path": "/pdp.html?id=null",
  "sequence_no": 1,
  "page_heading": "ApexView 55\" 4K HDR Smart TV",
  "breadcrumb": [
    "HOME /",
    "ELECTRONICS /",
    "APEXVIEW"
  ],
  "viewport": {
    "width": 1790,
    "height": 950
  },
  "surface_id": "8083f531-3ac1-40f3-91b7-273ecd5bd37b",
  "region": "en",
  "identity_summary": {
    "state": "unknown"
  },
  "visible_query": null,
  "program_match": null,
  "page": {
    "page_type": "pdp",
    "page_url": "http://127.0.0.1:8080/pdp.html?id=null"
  },
  "signals": {
    "t1": [
      {
        "position": 1,
        "surface": "hero",
        "name": "Product Specifications",
        "brand": "ApexView Official",
        "price": 499.99,
        "currency": "USD",
        "old_price": 599.99,
        "has_markdown": true,
        "badge": "SAVE 17%",
        "discount_pct": 17,
        "availability": "in-stock",
        "sponsored": false,
        "delivery_promise": "Order within 5 hrs",
        "visible_category_words": [
          "electronics"
        ],
        "badges": [
          "• High Demand"
        ]
      }
    ],
    "t4": {
      "hydration_events": [
        {
          "metric": "cart_hydration_time_ms",
          "value": 0
        }
      ],
      "css_hidden_blocks": [
        {
          "selector": "pdp-accordion-content",
          "gated_copy": "Standard Delivery: 3-5 business days. Free for orders over $50.\n                \n                \n  ",
          "rendered": false
        }
      ],
      "raw_url": "http://127.0.0.1:8080/pdp.html?id=null"
    }
  },
  "budget": {
    "bytes_used": 1180,
    "hard_cap": 51200,
    "tiers_dropped": []
  },
  "privacy_metadata": {
    "pii_scrubbing_version": "0.2.0",
    "local_scrubbing_applied": true,
    "inputs_scrubbed": true,
    "scripts_removed": true,
    "styles_removed": true,
    "persistent_storage_used": false
  }
}

--- [2026-08-31T11:14:02.129Z] PAYLOAD: tier0-9 ---
{
  "schema_version": "0.2.0",
  "beacon_id": "4786d685-40bd-41ec-9dc8-58e0011dd982",
  "client_id": "shopora-prod",
  "session_token": "d0c691ad-9677-4b18-b02a-280a6bcc8f1f",
  "tag_version": "0.2.0",
  "timestamp": "2026-08-31T11:14:02.112Z",
  "sampled": true,
  "page_type": "pdp",
  "page_url_path": "/pdp.html?id=null",
  "sequence_no": 1,
  "page_heading": "ApexView 55\" 4K HDR Smart TV",
  "breadcrumb": [
    "HOME /",
    "ELECTRONICS /",
    "APEXVIEW"
  ],
  "viewport": {
    "width": 1790,
    "height": 950
  },
  "surface_id": "67a25703-b6e9-41bd-b66b-21f915658a93",
  "region": "en",
  "identity_summary": {
    "state": "unknown"
  },
  "visible_query": null,
  "program_match": null,
  "page": {
    "page_type": "pdp",
    "page_url": "http://127.0.0.1:8080/pdp.html?id=null"
  },
  "signals": {
    "t1": [
      {
        "position": 1,
        "surface": "hero",
        "name": "Product Specifications",
        "brand": "ApexView Official",
        "price": 499.99,
        "currency": "USD",
        "old_price": 599.99,
        "has_markdown": true,
        "badge": "SAVE 17%",
        "discount_pct": 17,
        "availability": "in-stock",
        "sponsored": false,
        "delivery_promise": "Order within 5 hrs",
        "visible_category_words": [
          "electronics"
        ],
        "badges": [
          "• High Demand"
        ]
      }
    ],
    "t4": {
      "hydration_events": [
        {
          "metric": "cart_hydration_time_ms",
          "value": 0
        }
      ],
      "css_hidden_blocks": [
        {
          "selector": "pdp-accordion-content",
          "gated_copy": "Standard Delivery: 3-5 business days. Free for orders over $50.\n                \n                \n  ",
          "rendered": false
        }
      ],
      "raw_url": "http://127.0.0.1:8080/pdp.html?id=null"
    }
  },
  "budget": {
    "bytes_used": 1180,
    "hard_cap": 51200,
    "tiers_dropped": []
  },
  "privacy_metadata": {
    "pii_scrubbing_version": "0.2.0",
    "local_scrubbing_applied": true,
    "inputs_scrubbed": true,
    "scripts_removed": true,
    "styles_removed": true,
    "persistent_storage_used": false
  }
}

--- [2026-08-31T11:14:04.260Z] PAYLOAD: tier0-9 ---
{
  "schema_version": "0.2.0",
  "beacon_id": "53db0f4a-993d-4d5a-bbcc-2fbf2d0f11b3",
  "client_id": "shopora-prod",
  "session_token": "15001f6d-bc19-402c-a566-cb58b2961275",
  "tag_version": "0.2.0",
  "timestamp": "2026-08-31T11:14:04.246Z",
  "sampled": true,
  "page_type": "homepage",
  "page_url_path": "/",
  "sequence_no": 1,
  "page_heading": "Upgrade your everyday for less.",
  "breadcrumb": [],
  "viewport": {
    "width": 1790,
    "height": 950
  },
  "surface_id": "7be10cb9-000a-45fd-9ac5-5661e093f0d4",
  "region": "en",
  "identity_summary": {
    "state": "unknown"
  },
  "visible_query": null,
  "program_match": null,
  "page": {
    "page_type": "homepage",
    "page_url": "http://127.0.0.1:8080/index.html"
  },
  "signals": {
    "t1": [
      {
        "position": 1,
        "surface": "featured",
        "name": "VoltMax 15.6\" Laptop",
        "brand": "VoltMax",
        "price": 729.99,
        "currency": "USD",
        "old_price": 849.99,
        "has_markdown": true,
        "badge": "14% OFF",
        "discount_pct": 14,
        "availability": "in-stock",
        "sponsored": false,
        "delivery_promise": "FREE delivery Tomorrow",
        "discount_amount": "Save $120.00"
      },
      {
        "position": 2,
        "surface": "featured",
        "name": "PulseTune Wireless Headphones",
        "brand": "PulseTune",
        "price": 89.99,
        "currency": "USD",
        "old_price": 119.99,
        "has_markdown": true,
        "badge": "25% OFF",
        "discount_pct": 25,
        "availability": "in-stock",
        "sponsored": false,
        "delivery_promise": "FREE delivery Tomorrow",
        "discount_amount": "Save $30.00"
      },
      {
        "position": 3,
        "surface": "featured",
        "name": "Luna Cotton Graphic Tee",
        "brand": "Luna",
        "price": 18.99,
        "currency": "USD",
        "old_price": 24.99,
        "has_markdown": true,
        "badge": "24% OFF",
        "discount_pct": 24,
        "availability": "in-stock",
        "sponsored": false,
        "delivery_promise": "FREE delivery Tomorrow",
        "discount_amount": "Save $6.00"
      },
      {
        "position": 4,
        "surface": "featured",
        "name": "MetroStride Running Shoes",
        "brand": "MetroStride",
        "price": 74.99,
        "currency": "USD",
        "old_price": 94.99,
        "has_markdown": true,
        "badge": "21% OFF",
        "discount_pct": 21,
        "availability": "in-stock",
        "sponsored": false,
        "delivery_promise": "FREE delivery Tomorrow",
        "discount_amount": "Save $20.00"
      },
      {
        "position": 5,
        "surface": "featured",
        "name": "OakLine Coffee Table",
        "brand": "OakLine",
        "price": 129.99,
        "currency": "USD",
        "old_price": 159.99,
        "has_markdown": true,
        "badge": "19% OFF",
        "discount_pct": 19,
        "availability": "in-stock",
        "sponsored": false,
        "delivery_promise": "FREE delivery Tomorrow",
        "discount_amount": "Save $30.00"
      },
      {
        "position": 6,
        "surface": "featured",
        "name": "SoftNest Throw Blanket",
        "brand": "SoftNest",
        "price": 27.99,
        "currency": "USD",
        "old_price": 35.99,
        "has_markdown": true,
        "badge": "22% OFF",
        "discount_pct": 22,
        "availability": "in-stock",
        "sponsored": false,
        "delivery_promise": "FREE delivery Tomorrow",
        "discount_amount": "Save $8.00"
      },
      {
        "position": 7,
        "surface": "featured",
        "name": "The Last Library",
        "brand": "The",
        "price": 14.99,
        "currency": "USD",
        "old_price": 19.99,
        "has_markdown": true,
        "badge": "25% OFF",
        "discount_pct": 25,
        "availability": "in-stock",
        "sponsored": false,
        "delivery_promise": "FREE delivery Tomorrow",
        "discount_amount": "Save $5.00"
      },
      {
        "position": 8,
        "surface": "featured",
        "name": "Coding for Everyone",
        "brand": "Coding",
        "price": 21.99,
        "currency": "USD",
        "old_price": 26.99,
        "has_markdown": true,
        "badge": "19% OFF",
        "discount_pct": 19,
        "availability": "in-stock",
        "sponsored": false,
        "delivery_promise": "FREE delivery Tomorrow",
        "discount_amount": "Save $5.00"
      }
    ],
    "t3": {
      "total_products": 8,
      "sponsored_count": 0,
      "organic_count": 8,
      "discounted_count": 8,
      "full_price_count": 0,
      "out_of_stock_count": 0,
      "low_stock_count": 0,
      "discount_pct_min": 14,
      "discount_pct_max": 25,
      "discount_pct_median": 22,
      "price_min": 14.99,
      "price_max": 729.99,
      "price_currency": "USD"
    },
    "t4": {
      "hydration_events": [
        {
          "metric": "cart_hydration_time_ms",
          "value": 0
        }
      ],
      "css_hidden_blocks": [
        {
          "selector": "sr-only",
          "gated_copy": "Email address",
          "rendered": false
        }
      ],
      "metadata": {
        "meta_description": "Shop electronics, fashion, home essentials and books at SHOPORA with fast delivery and secure checkout."
      },
      "raw_url": "http://127.0.0.1:8080/index.html"
    }
  },
  "budget": {
    "bytes_used": 3572,
    "hard_cap": 51200,
    "tiers_dropped": []
  },
  "privacy_metadata": {
    "pii_scrubbing_version": "0.2.0",
    "local_scrubbing_applied": true,
    "inputs_scrubbed": true,
    "scripts_removed": true,
    "styles_removed": true,
    "persistent_storage_used": false
  }
}

--- [2026-08-31T11:14:05.835Z] PAYLOAD: tier0-9 ---
{
  "schema_version": "0.2.0",
  "beacon_id": "36b0a203-f8e8-45c6-a6b5-ce2f56c24963",
  "client_id": "shopora-prod",
  "session_token": "f96e30df-3639-4d46-a56a-7f501ada053d",
  "tag_version": "0.2.0",
  "timestamp": "2026-08-31T11:14:05.574Z",
  "sampled": true,
  "page_type": "homepage",
  "page_url_path": "/",
  "sequence_no": 1,
  "page_heading": "Upgrade your everyday for less.",
  "breadcrumb": [],
  "viewport": {
    "width": 1790,
    "height": 950
  },
  "surface_id": "03631b49-958f-4fe0-b8fa-6cd4bc7bea16",
  "region": "en",
  "identity_summary": {
    "state": "unknown"
  },
  "visible_query": null,
  "program_match": null,
  "page": {
    "page_type": "homepage",
    "page_url": "http://127.0.0.1:8080/index.html"
  },
  "signals": {
    "t1": [
      {
        "position": 1,
        "surface": "featured",
        "name": "VoltMax 15.6\" Laptop",
        "brand": "VoltMax",
        "price": 729.99,
        "currency": "USD",
        "old_price": 849.99,
        "has_markdown": true,
        "badge": "14% OFF",
        "discount_pct": 14,
        "availability": "in-stock",
        "sponsored": false,
        "delivery_promise": "FREE delivery Tomorrow",
        "discount_amount": "Save $120.00"
      },
      {
        "position": 2,
        "surface": "featured",
        "name": "PulseTune Wireless Headphones",
        "brand": "PulseTune",
        "price": 89.99,
        "currency": "USD",
        "old_price": 119.99,
        "has_markdown": true,
        "badge": "25% OFF",
        "discount_pct": 25,
        "availability": "in-stock",
        "sponsored": false,
        "delivery_promise": "FREE delivery Tomorrow",
        "discount_amount": "Save $30.00"
      },
      {
        "position": 3,
        "surface": "featured",
        "name": "Luna Cotton Graphic Tee",
        "brand": "Luna",
        "price": 18.99,
        "currency": "USD",
        "old_price": 24.99,
        "has_markdown": true,
        "badge": "24% OFF",
        "discount_pct": 24,
        "availability": "in-stock",
        "sponsored": false,
        "delivery_promise": "FREE delivery Tomorrow",
        "discount_amount": "Save $6.00"
      },
      {
        "position": 4,
        "surface": "featured",
        "name": "MetroStride Running Shoes",
        "brand": "MetroStride",
        "price": 74.99,
        "currency": "USD",
        "old_price": 94.99,
        "has_markdown": true,
        "badge": "21% OFF",
        "discount_pct": 21,
        "availability": "in-stock",
        "sponsored": false,
        "delivery_promise": "FREE delivery Tomorrow",
        "discount_amount": "Save $20.00"
      },
      {
        "position": 5,
        "surface": "featured",
        "name": "OakLine Coffee Table",
        "brand": "OakLine",
        "price": 129.99,
        "currency": "USD",
        "old_price": 159.99,
        "has_markdown": true,
        "badge": "19% OFF",
        "discount_pct": 19,
        "availability": "in-stock",
        "sponsored": false,
        "delivery_promise": "FREE delivery Tomorrow",
        "discount_amount": "Save $30.00"
      },
      {
        "position": 6,
        "surface": "featured",
        "name": "SoftNest Throw Blanket",
        "brand": "SoftNest",
        "price": 27.99,
        "currency": "USD",
        "old_price": 35.99,
        "has_markdown": true,
        "badge": "22% OFF",
        "discount_pct": 22,
        "availability": "in-stock",
        "sponsored": false,
        "delivery_promise": "FREE delivery Tomorrow",
        "discount_amount": "Save $8.00"
      },
      {
        "position": 7,
        "surface": "featured",
        "name": "The Last Library",
        "brand": "The",
        "price": 14.99,
        "currency": "USD",
        "old_price": 19.99,
        "has_markdown": true,
        "badge": "25% OFF",
        "discount_pct": 25,
        "availability": "in-stock",
        "sponsored": false,
        "delivery_promise": "FREE delivery Tomorrow",
        "discount_amount": "Save $5.00"
      },
      {
        "position": 8,
        "surface": "featured",
        "name": "Coding for Everyone",
        "brand": "Coding",
        "price": 21.99,
        "currency": "USD",
        "old_price": 26.99,
        "has_markdown": true,
        "badge": "19% OFF",
        "discount_pct": 19,
        "availability": "in-stock",
        "sponsored": false,
        "delivery_promise": "FREE delivery Tomorrow",
        "discount_amount": "Save $5.00"
      }
    ],
    "t3": {
      "total_products": 8,
      "sponsored_count": 0,
      "organic_count": 8,
      "discounted_count": 8,
      "full_price_count": 0,
      "out_of_stock_count": 0,
      "low_stock_count": 0,
      "discount_pct_min": 14,
      "discount_pct_max": 25,
      "discount_pct_median": 22,
      "price_min": 14.99,
      "price_max": 729.99,
      "price_currency": "USD"
    },
    "t4": {
      "hydration_events": [
        {
          "metric": "cart_hydration_time_ms",
          "value": 0
        }
      ],
      "css_hidden_blocks": [
        {
          "selector": "sr-only",
          "gated_copy": "Email address",
          "rendered": false
        }
      ],
      "metadata": {
        "meta_description": "Shop electronics, fashion, home essentials and books at SHOPORA with fast delivery and secure checkout."
      },
      "raw_url": "http://127.0.0.1:8080/index.html"
    }
  },
  "budget": {
    "bytes_used": 3572,
    "hard_cap": 51200,
    "tiers_dropped": []
  },
  "privacy_metadata": {
    "pii_scrubbing_version": "0.2.0",
    "local_scrubbing_applied": true,
    "inputs_scrubbed": true,
    "scripts_removed": true,
    "styles_removed": true,
    "persistent_storage_used": false
  }
}

--- [2026-08-31T11:14:16.052Z] PAYLOAD: tier0-9 ---
{
  "schema_version": "0.2.0",
  "beacon_id": "1be8d321-36f1-40be-afef-db67c7cf164e",
  "client_id": "shopora-prod",
  "session_token": "e686426e-ee19-4a70-a973-96ff72554dcd",
  "tag_version": "0.2.0",
  "timestamp": "2026-08-31T11:14:16.011Z",
  "sampled": true,
  "page_type": "cart",
  "page_url_path": "/cart.html",
  "sequence_no": 1,
  "page_heading": "Shopping cart",
  "breadcrumb": [],
  "viewport": {
    "width": 1790,
    "height": 950
  },
  "surface_id": "32f458be-c0df-40ac-bd54-c3a9288487c4",
  "region": "en",
  "identity_summary": {
    "state": "unknown"
  },
  "visible_query": null,
  "program_match": null,
  "page": {
    "page_type": "cart",
    "page_url": "http://127.0.0.1:8080/cart.html"
  },
  "signals": {
    "t1": [],
    "t2": {
      "page_context": "cart",
      "line_items": [
        {
          "name": "UrbanWeave Denim Jacket",
          "price": 54.99,
          "currency": "USD",
          "old_price": 69.99,
          "discount": "21% off",
          "quantity": 1,
          "line_total": 54.99
        },
        {
          "name": "MetroStride Running Shoes",
          "price": 74.99,
          "currency": "USD",
          "old_price": 94.99,
          "discount": "21% off",
          "quantity": 1,
          "line_total": 74.99
        },
        {
          "name": "Mastering Home Cooking",
          "price": 24.99,
          "currency": "USD",
          "old_price": 29.99,
          "discount": "17% off",
          "quantity": 1,
          "line_total": 24.99
        },
        {
          "name": "SnapCam 4K Action Camera",
          "price": 159.99,
          "currency": "USD",
          "old_price": 199.99,
          "discount": "20% off",
          "quantity": 1,
          "line_total": 159.99
        }
      ],
      "subtotal": "$314.96",
      "subtotal_numeric": 314.96,
      "currency": "USD",
      "total": "$314.96",
      "total_numeric": 314.96,
      "savings_shown": "$80.00",
      "savings_numeric": 80,
      "delivery_cost": "FREE",
      "item_count": 4,
      "promo_field_state": "active",
      "promo_field_present": true,
      "checkout_reachable": true,
      "shipping_bar_shown": true,
      "loyalty_balance_rendered": false,
      "promotions": [
        {
          "name": "",
          "amount": "-$0.00"
        }
      ],
      "shipping_threshold_message": "✓ You unlocked FREE delivery!",
      "free_shipping_eligibility": "unknown"
    },
    "t4": {
      "hydration_events": [
        {
          "metric": "cart_hydration_time_ms",
          "value": 48
        }
      ],
      "cart_math_match": true,
      "css_hidden_blocks": [
        {
          "selector": "summary-row savings",
          "gated_copy": "Promo\n                                        () Remove-$0.00",
          "rendered": false
        }
      ],
      "raw_url": "http://127.0.0.1:8080/cart.html"
    }
  },
  "budget": {
    "bytes_used": 1811,
    "hard_cap": 51200,
    "tiers_dropped": []
  },
  "privacy_metadata": {
    "pii_scrubbing_version": "0.2.0",
    "local_scrubbing_applied": true,
    "inputs_scrubbed": true,
    "scripts_removed": true,
    "styles_removed": true,
    "persistent_storage_used": false
  }
}

--- [2026-08-31T11:14:41.848Z] PAYLOAD: interaction_events ---
{
  "envelope_type": "interaction_events",
  "schema_version": "0.2.0",
  "tag_version": "0.2.0",
  "client_id": "shopora-prod",
  "session_token": "e686426e-ee19-4a70-a973-96ff72554dcd",
  "flush_id": "2b510fe2-b9bb-422e-8c7e-f08a81c5c28f",
  "flush_reason": "immediate_navigation",
  "events": [
    {
      "event_id": "3f9d291c-ffa6-47ec-a2fe-02e9985d09d0",
      "event_type": "product_card_clicked",
      "timestamp": "2026-08-31T11:14:41.819Z",
      "page_type": "cart",
      "page_url_path": "/cart.html",
      "sku": "fa-1",
      "surface": "catalog-grid",
      "position": 1,
      "price": 54.99,
      "currency": "USD"
    }
  ]
}

--- [2026-08-31T11:14:42.291Z] PAYLOAD: tier0-9 ---
{
  "schema_version": "0.2.0",
  "beacon_id": "4123d5a1-f9c4-438c-8247-1ec54fcb21d2",
  "client_id": "shopora-prod",
  "session_token": "8e1a48be-e3b0-49ae-8bff-7da20ac772f0",
  "tag_version": "0.2.0",
  "timestamp": "2026-08-31T11:14:42.198Z",
  "sampled": true,
  "page_type": "pdp",
  "page_url_path": "/pdp.html?id=fa-1",
  "sequence_no": 1,
  "page_heading": "UrbanWeave Denim Jacket",
  "breadcrumb": [
    "HOME /",
    "FASHION /",
    "URBANWEAVE"
  ],
  "viewport": {
    "width": 1790,
    "height": 950
  },
  "surface_id": "3d9a8ff0-c8c1-4731-b586-9516dc028640",
  "region": "en",
  "identity_summary": {
    "state": "unknown"
  },
  "visible_query": null,
  "program_match": null,
  "page": {
    "page_type": "pdp",
    "page_url": "http://127.0.0.1:8080/pdp.html?id=fa-1"
  },
  "signals": {
    "t1": [
      {
        "position": 1,
        "surface": "hero",
        "name": "Product Specifications",
        "brand": "UrbanWeave Official",
        "price": 54.99,
        "currency": "USD",
        "old_price": 69.99,
        "has_markdown": true,
        "badge": "SAVE 21%",
        "discount_pct": 21,
        "availability": "in-stock",
        "sponsored": false,
        "delivery_promise": "Order within 5 hrs",
        "visible_category_words": [
          "fashion"
        ],
        "badges": [
          "• High Demand"
        ]
      }
    ],
    "t4": {
      "hydration_events": [
        {
          "metric": "cart_hydration_time_ms",
          "value": 0
        }
      ],
      "css_hidden_blocks": [
        {
          "selector": "pdp-accordion-content",
          "gated_copy": "Standard Delivery: 3-5 business days. Free for orders over $50.\n                \n                \n  ",
          "rendered": false
        }
      ],
      "raw_url": "http://127.0.0.1:8080/pdp.html?id=fa-1"
    }
  },
  "budget": {
    "bytes_used": 1168,
    "hard_cap": 51200,
    "tiers_dropped": []
  },
  "privacy_metadata": {
    "pii_scrubbing_version": "0.2.0",
    "local_scrubbing_applied": true,
    "inputs_scrubbed": true,
    "scripts_removed": true,
    "styles_removed": true,
    "persistent_storage_used": false
  }
}

--- [2026-09-01T08:18:12.285Z] PAYLOAD: tier0-9 ---
{
  "schema_version": "0.2.0",
  "beacon_id": "8cf0197e-8e0d-484f-9225-0512160240ac",
  "client_id": "shopora-prod",
  "session_token": "7ac4e3b7-5904-4078-8278-61b83e9f32e2",
  "tag_version": "0.2.0",
  "timestamp": "2026-09-01T08:18:12.236Z",
  "sampled": true,
  "page_type": "homepage",
  "page_url_path": "/",
  "sequence_no": 1,
  "page_heading": "Upgrade your everyday for less.",
  "breadcrumb": [],
  "viewport": {
    "width": 1790,
    "height": 950
  },
  "surface_id": "845959f1-1f28-40ac-aeee-e1ec3717b68b",
  "region": "en",
  "identity_summary": {
    "state": "unknown"
  },
  "visible_query": null,
  "program_match": null,
  "page": {
    "page_type": "homepage",
    "page_url": "http://127.0.0.1:8080/"
  },
  "signals": {
    "t1": [
      {
        "position": 1,
        "surface": "featured",
        "name": "VoltMax 15.6\" Laptop",
        "brand": "VoltMax",
        "price": 729.99,
        "currency": "USD",
        "old_price": 849.99,
        "has_markdown": true,
        "badge": "14% OFF",
        "discount_pct": 14,
        "availability": "in-stock",
        "sponsored": false,
        "delivery_promise": "FREE delivery Tomorrow",
        "discount_amount": "Save $120.00"
      },
      {
        "position": 2,
        "surface": "featured",
        "name": "PulseTune Wireless Headphones",
        "brand": "PulseTune",
        "price": 89.99,
        "currency": "USD",
        "old_price": 119.99,
        "has_markdown": true,
        "badge": "25% OFF",
        "discount_pct": 25,
        "availability": "in-stock",
        "sponsored": false,
        "delivery_promise": "FREE delivery Tomorrow",
        "discount_amount": "Save $30.00"
      },
      {
        "position": 3,
        "surface": "featured",
        "name": "Luna Cotton Graphic Tee",
        "brand": "Luna",
        "price": 18.99,
        "currency": "USD",
        "old_price": 24.99,
        "has_markdown": true,
        "badge": "24% OFF",
        "discount_pct": 24,
        "availability": "in-stock",
        "sponsored": false,
        "delivery_promise": "FREE delivery Tomorrow",
        "discount_amount": "Save $6.00"
      },
      {
        "position": 4,
        "surface": "featured",
        "name": "MetroStride Running Shoes",
        "brand": "MetroStride",
        "price": 74.99,
        "currency": "USD",
        "old_price": 94.99,
        "has_markdown": true,
        "badge": "21% OFF",
        "discount_pct": 21,
        "availability": "in-stock",
        "sponsored": false,
        "delivery_promise": "FREE delivery Tomorrow",
        "discount_amount": "Save $20.00"
      },
      {
        "position": 5,
        "surface": "featured",
        "name": "OakLine Coffee Table",
        "brand": "OakLine",
        "price": 129.99,
        "currency": "USD",
        "old_price": 159.99,
        "has_markdown": true,
        "badge": "19% OFF",
        "discount_pct": 19,
        "availability": "in-stock",
        "sponsored": false,
        "delivery_promise": "FREE delivery Tomorrow",
        "discount_amount": "Save $30.00"
      },
      {
        "position": 6,
        "surface": "featured",
        "name": "SoftNest Throw Blanket",
        "brand": "SoftNest",
        "price": 27.99,
        "currency": "USD",
        "old_price": 35.99,
        "has_markdown": true,
        "badge": "22% OFF",
        "discount_pct": 22,
        "availability": "in-stock",
        "sponsored": false,
        "delivery_promise": "FREE delivery Tomorrow",
        "discount_amount": "Save $8.00"
      },
      {
        "position": 7,
        "surface": "featured",
        "name": "The Last Library",
        "brand": "The",
        "price": 14.99,
        "currency": "USD",
        "old_price": 19.99,
        "has_markdown": true,
        "badge": "25% OFF",
        "discount_pct": 25,
        "availability": "in-stock",
        "sponsored": false,
        "delivery_promise": "FREE delivery Tomorrow",
        "discount_amount": "Save $5.00"
      },
      {
        "position": 8,
        "surface": "featured",
        "name": "Coding for Everyone",
        "brand": "Coding",
        "price": 21.99,
        "currency": "USD",
        "old_price": 26.99,
        "has_markdown": true,
        "badge": "19% OFF",
        "discount_pct": 19,
        "availability": "in-stock",
        "sponsored": false,
        "delivery_promise": "FREE delivery Tomorrow",
        "discount_amount": "Save $5.00"
      }
    ],
    "t3": {
      "total_products": 8,
      "sponsored_count": 0,
      "organic_count": 8,
      "discounted_count": 8,
      "full_price_count": 0,
      "out_of_stock_count": 0,
      "low_stock_count": 0,
      "discount_pct_min": 14,
      "discount_pct_max": 25,
      "discount_pct_median": 22,
      "price_min": 14.99,
      "price_max": 729.99,
      "price_currency": "USD"
    },
    "t4": {
      "hydration_events": [
        {
          "metric": "cart_hydration_time_ms",
          "value": 1
        }
      ],
      "css_hidden_blocks": [
        {
          "selector": "sr-only",
          "gated_copy": "Email address",
          "rendered": false
        }
      ],
      "metadata": {
        "meta_description": "Shop electronics, fashion, home essentials and books at SHOPORA with fast delivery and secure checkout."
      },
      "raw_url": "http://127.0.0.1:8080/"
    }
  },
  "budget": {
    "bytes_used": 3562,
    "hard_cap": 51200,
    "tiers_dropped": []
  },
  "privacy_metadata": {
    "pii_scrubbing_version": "0.2.0",
    "local_scrubbing_applied": true,
    "inputs_scrubbed": true,
    "scripts_removed": true,
    "styles_removed": true,
    "persistent_storage_used": false
  }
}

--- [2026-09-01T08:19:51.532Z] PAYLOAD: tier0-9 ---
{
  "schema_version": "0.2.0",
  "beacon_id": "c562b1fb-0445-436f-b577-e0aabdec3dfa",
  "client_id": "shopora-prod",
  "session_token": "7ef42439-2f87-4347-936a-f9e44eb3c1b8",
  "tag_version": "0.2.0",
  "timestamp": "2026-09-01T08:19:51.514Z",
  "sampled": true,
  "page_type": "cart",
  "page_url_path": "/cart.html",
  "sequence_no": 1,
  "page_heading": "Shopping cart",
  "breadcrumb": [],
  "viewport": {
    "width": 1790,
    "height": 950
  },
  "surface_id": "5b5de8ef-30a9-4466-a84c-051b1b20cd1c",
  "region": "en",
  "identity_summary": {
    "state": "unknown"
  },
  "visible_query": null,
  "program_match": null,
  "page": {
    "page_type": "cart",
    "page_url": "http://127.0.0.1:8080/cart.html"
  },
  "signals": {
    "t1": [],
    "t2": {
      "page_context": "cart",
      "line_items": [],
      "subtotal": "$0.00",
      "subtotal_numeric": 0,
      "currency": "USD",
      "total": "$0.00",
      "total_numeric": 0,
      "savings_shown": "$0.00",
      "savings_numeric": 0,
      "delivery_cost": "FREE",
      "item_count": 0,
      "promo_field_state": "active",
      "promo_field_present": true,
      "checkout_reachable": true,
      "shipping_bar_shown": true,
      "loyalty_balance_rendered": false,
      "promotions": [
        {
          "name": "",
          "amount": "-$0.00"
        }
      ],
      "shipping_threshold_message": "Add $35.00 more for FREE delivery",
      "free_shipping_eligibility": "not-eligible",
      "free_shipping_threshold_value": 35
    },
    "t4": {
      "hydration_events": [
        {
          "metric": "cart_hydration_time_ms",
          "value": 54
        }
      ],
      "cart_math_match": true,
      "css_hidden_blocks": [
        {
          "selector": "summary-row savings",
          "gated_copy": "Promo\n                                        () Remove-$0.00",
          "rendered": false
        }
      ],
      "raw_url": "http://127.0.0.1:8080/cart.html"
    }
  },
  "budget": {
    "bytes_used": 1287,
    "hard_cap": 51200,
    "tiers_dropped": []
  },
  "privacy_metadata": {
    "pii_scrubbing_version": "0.2.0",
    "local_scrubbing_applied": true,
    "inputs_scrubbed": true,
    "scripts_removed": true,
    "styles_removed": true,
    "persistent_storage_used": false
  }
}

--- [2026-09-01T08:28:03.527Z] PAYLOAD: tier0-9 ---
{
  "schema_version": "0.2.0",
  "beacon_id": "9526986d-2e69-4dec-a70e-025c68033665",
  "client_id": "shopora-prod",
  "session_token": "bdd79238-ea7d-4b79-9839-c165b105fd13",
  "tag_version": "0.2.0",
  "timestamp": "2026-09-01T08:28:03.482Z",
  "sampled": true,
  "page_type": "homepage",
  "page_url_path": "/index.html?utm_campaign=summer_sale",
  "sequence_no": 1,
  "page_heading": "Upgrade your everyday for less.",
  "breadcrumb": [],
  "viewport": {
    "width": 1790,
    "height": 950
  },
  "surface_id": "f652e738-60b1-46fb-9565-222cb65ea6e0",
  "region": "en",
  "identity_summary": {
    "state": "unknown"
  },
  "visible_query": null,
  "program_match": "affiliate_or_campaign_detected",
  "page": {
    "page_type": "homepage",
    "page_url": "http://localhost:8080/index.html?utm_campaign=summer_sale"
  },
  "signals": {
    "t1": [
      {
        "position": 1,
        "surface": "featured",
        "name": "VoltMax 15.6\" Laptop",
        "brand": "VoltMax",
        "price": 729.99,
        "currency": "USD",
        "old_price": 849.99,
        "has_markdown": true,
        "badge": "14% OFF",
        "discount_pct": 14,
        "availability": "in-stock",
        "sponsored": false,
        "delivery_promise": "FREE delivery Tomorrow",
        "discount_amount": "Save $120.00"
      },
      {
        "position": 2,
        "surface": "featured",
        "name": "PulseTune Wireless Headphones",
        "brand": "PulseTune",
        "price": 89.99,
        "currency": "USD",
        "old_price": 119.99,
        "has_markdown": true,
        "badge": "25% OFF",
        "discount_pct": 25,
        "availability": "in-stock",
        "sponsored": false,
        "delivery_promise": "FREE delivery Tomorrow",
        "discount_amount": "Save $30.00"
      },
      {
        "position": 3,
        "surface": "featured",
        "name": "Luna Cotton Graphic Tee",
        "brand": "Luna",
        "price": 18.99,
        "currency": "USD",
        "old_price": 24.99,
        "has_markdown": true,
        "badge": "24% OFF",
        "discount_pct": 24,
        "availability": "in-stock",
        "sponsored": false,
        "delivery_promise": "FREE delivery Tomorrow",
        "discount_amount": "Save $6.00"
      },
      {
        "position": 4,
        "surface": "featured",
        "name": "MetroStride Running Shoes",
        "brand": "MetroStride",
        "price": 74.99,
        "currency": "USD",
        "old_price": 94.99,
        "has_markdown": true,
        "badge": "21% OFF",
        "discount_pct": 21,
        "availability": "in-stock",
        "sponsored": false,
        "delivery_promise": "FREE delivery Tomorrow",
        "discount_amount": "Save $20.00"
      },
      {
        "position": 5,
        "surface": "featured",
        "name": "OakLine Coffee Table",
        "brand": "OakLine",
        "price": 129.99,
        "currency": "USD",
        "old_price": 159.99,
        "has_markdown": true,
        "badge": "19% OFF",
        "discount_pct": 19,
        "availability": "in-stock",
        "sponsored": false,
        "delivery_promise": "FREE delivery Tomorrow",
        "discount_amount": "Save $30.00"
      },
      {
        "position": 6,
        "surface": "featured",
        "name": "SoftNest Throw Blanket",
        "brand": "SoftNest",
        "price": 27.99,
        "currency": "USD",
        "old_price": 35.99,
        "has_markdown": true,
        "badge": "22% OFF",
        "discount_pct": 22,
        "availability": "in-stock",
        "sponsored": false,
        "delivery_promise": "FREE delivery Tomorrow",
        "discount_amount": "Save $8.00"
      },
      {
        "position": 7,
        "surface": "featured",
        "name": "The Last Library",
        "brand": "The",
        "price": 14.99,
        "currency": "USD",
        "old_price": 19.99,
        "has_markdown": true,
        "badge": "25% OFF",
        "discount_pct": 25,
        "availability": "in-stock",
        "sponsored": false,
        "delivery_promise": "FREE delivery Tomorrow",
        "discount_amount": "Save $5.00"
      },
      {
        "position": 8,
        "surface": "featured",
        "name": "Coding for Everyone",
        "brand": "Coding",
        "price": 21.99,
        "currency": "USD",
        "old_price": 26.99,
        "has_markdown": true,
        "badge": "19% OFF",
        "discount_pct": 19,
        "availability": "in-stock",
        "sponsored": false,
        "delivery_promise": "FREE delivery Tomorrow",
        "discount_amount": "Save $5.00"
      }
    ],
    "t3": {
      "total_products": 8,
      "sponsored_count": 0,
      "organic_count": 8,
      "discounted_count": 8,
      "full_price_count": 0,
      "out_of_stock_count": 0,
      "low_stock_count": 0,
      "discount_pct_min": 14,
      "discount_pct_max": 25,
      "discount_pct_median": 22,
      "price_min": 14.99,
      "price_max": 729.99,
      "price_currency": "USD"
    },
    "t4": {
      "hydration_events": [
        {
          "metric": "cart_hydration_time_ms",
          "value": 1
        }
      ],
      "css_hidden_blocks": [
        {
          "selector": "sr-only",
          "gated_copy": "Email address",
          "rendered": false
        }
      ],
      "metadata": {
        "meta_description": "Shop electronics, fashion, home essentials and books at SHOPORA with fast delivery and secure checkout."
      },
      "raw_url": "http://localhost:8080/index.html?utm_campaign=summer_sale"
    }
  },
  "budget": {
    "bytes_used": 3660,
    "hard_cap": 51200,
    "tiers_dropped": []
  },
  "privacy_metadata": {
    "pii_scrubbing_version": "0.2.0",
    "local_scrubbing_applied": true,
    "inputs_scrubbed": true,
    "scripts_removed": true,
    "styles_removed": true,
    "persistent_storage_used": false
  }
}

--- [2026-09-01T08:28:45.680Z] PAYLOAD: interaction_events ---
{
  "envelope_type": "interaction_events",
  "schema_version": "0.2.0",
  "tag_version": "0.2.0",
  "client_id": "shopora-prod",
  "session_token": "bdd79238-ea7d-4b79-9839-c165b105fd13",
  "flush_id": "e58e6cb3-c3d5-480e-bb33-ae36d0a8979c",
  "flush_reason": "immediate_navigation",
  "events": [
    {
      "event_id": "a32c07ff-90ed-4bee-97d8-720cf77df5f3",
      "event_type": "search_submitted",
      "timestamp": "2026-09-01T08:28:45.596Z",
      "page_type": "homepage",
      "page_url_path": "/",
      "query": "red shoes",
      "category_scope": "All",
      "submission_surface": "header-search"
    }
  ]
}

--- [2026-09-01T08:28:48.829Z] PAYLOAD: tier0-9 ---
{
  "schema_version": "0.2.0",
  "beacon_id": "2487c2e8-5540-49f3-acf4-de6a59411eed",
  "client_id": "shopora-prod",
  "session_token": "32f5710f-8151-4ca0-90ce-7d50dd72d671",
  "tag_version": "0.2.0",
  "timestamp": "2026-09-01T08:28:48.817Z",
  "sampled": true,
  "page_type": "category",
  "page_url_path": "/category.html?q=red+shoes",
  "sequence_no": 1,
  "page_heading": "Search results for \"red shoes\"",
  "breadcrumb": [],
  "viewport": {
    "width": 1790,
    "height": 950
  },
  "surface_id": "6b82d653-8593-41a5-a277-3b0574912264",
  "region": "en",
  "identity_summary": {
    "state": "unknown"
  },
  "visible_query": "red shoes",
  "program_match": null,
  "page": {
    "page_type": "category",
    "page_url": "http://localhost:8080/category.html?q=red+shoes"
  },
  "signals": {
    "t1": [],
    "t4": {
      "hydration_events": [
        {
          "metric": "cart_hydration_time_ms",
          "value": 3015
        }
      ],
      "result_count_stated": 0,
      "result_count_rendered": 0,
      "result_count_match": true,
      "css_hidden_blocks": [],
      "metadata": {
        "meta_description": "Browse and filter all SHOPORA products."
      },
      "raw_url": "http://localhost:8080/category.html?q=red+shoes"
    }
  },
  "budget": {
    "bytes_used": 808,
    "hard_cap": 51200,
    "tiers_dropped": []
  },
  "privacy_metadata": {
    "pii_scrubbing_version": "0.2.0",
    "local_scrubbing_applied": true,
    "inputs_scrubbed": true,
    "scripts_removed": true,
    "styles_removed": true,
    "persistent_storage_used": false
  }
}